year,raceId,boatType,classId,place,value,temp,rain,water,n_paddler
2013,ADK90,Canoe,oc4open,1,4.478888888888889,51.6,0,1706.88,4
2012,ADK90,Canoe,oc4open,1,4.6802777777777775,67.4,0,1706.75,4
2014,ADK90,Canoe,oc4open,1,4.7427777777777775,69.5,0,1706.89,4
2022,ADK90,Canoe,oc4,1,4.766472222222222,63.4,0,1706.93,4
2013,ADK90,Canoe,oc4open,2,4.829722222222222,51.6,0,1706.88,4
2025,ADK90,Kayak,k2,1,4.8365277777777775,58.7,0.37,1706.89,2
2017,ADK90,Canoe,oc4open,1,4.8375,51.1,0.484,1706.89,4
2023,ADK90,Canoe,oc4mix,1,4.840416666666667,66.9,0.15,1706.8,4
2011,ADK90,Voyageur,voyageur,1,4.8575,63.9,0,1706.86,6
2023,ADK90,Kayak,k2,1,4.877638888888889,66.9,0.15,1706.8,2
2022,ADK90,Kayak,k1unlimitedopen,1,4.880444444444444,63.4,0,1706.93,1
2021,ADK90,Canoe,oc4,1,4.883333333333334,55.4,0.055,1706.94,4
2017,ADK90,Kayak,k2,1,4.889722222222222,51.1,0.484,1706.89,2
2021,ADK90,Canoe,oc4,2,4.896388888888889,55.4,0.055,1706.94,4
2012,ADK90,Canoe,oc4open,2,4.905277777777778,67.4,0,1706.75,4
2024,ADK90,Kayak,k2,1,4.909527777777778,61.6,0,1706.82,2
2024,ADK90,Canoe,oc4open,1,4.9238333333333335,61.6,0,1706.82,4
2025,ADK90,Canoe,oc4open,2,4.934972222222223,58.7,0.37,1706.89,4
2023,ADK90,Canoe,oc4mix,2,4.935972222222222,66.9,0.15,1706.8,4
2015,ADK90,Canoe,oc4open,1,4.939166666666667,63.9,0,1706.82,4
2022,ADK90,Canoe,oc4,2,4.940111111111111,63.4,0,1706.93,4
2025,ADK90,Canoe,oc4open,1,4.9424166666666665,58.7,0.37,1706.89,4
2017,ADK90,Canoe,oc4,1,4.944166666666667,51.1,0.484,1706.89,4
2013,ADK90,Canoe,oc4mix,1,4.949166666666667,51.6,0,1706.88,4
2019,ADK90,Canoe,oc4open,1,4.986666666666666,58,0,1706.77,4
2009,ADK90,Voyageur,voyageur,1,4.990555555555556,57.2,0.016,1706.65,6
2024,ADK90,Canoe,oc4openmix,1,4.992888888888889,61.6,0,1706.82,4
2016,ADK90,Canoe,oc4open,1,4.995833333333334,70.2,0.02,1706.83,4
2018,ADK90,Canoe,oc4open,1,5.016944444444444,61.9,0,1706.8,4
2012,ADK90,Voyageur,voyageur,1,5.025555555555556,67.4,0,1706.75,6
2018,ADK90,Kayak,k1unlimited,1,5.028888888888889,61.9,0,1706.8,1
2016,ADK90,Canoe,oc4mix,1,5.030277777777778,70.2,0.02,1706.83,4
2017,ADK90,Canoe,oc4open,2,5.030833333333334,51.1,0.484,1706.89,4
2013,ADK90,Voyageur,voyageur,1,5.035,51.6,0,1706.88,6
2019,ADK90,Canoe,oc4open,2,5.035,58,0,1706.77,4
2013,ADK90,Canoe,oc4open,3,5.045,51.6,0,1706.88,4
2016,ADK90,Canoe,oc4open,2,5.045555555555556,70.2,0.02,1706.83,4
2013,ADK90,Canoe,oc4mix,2,5.053055555555556,51.6,0,1706.88,4
2014,ADK90,Canoe,oc4open,3,5.054722222222222,69.5,0,1706.89,4
2008,ADK90,Voyageur,voyageur,2,5.0569444444444445,72.3,0,1706.81,6
2025,ADK90,Canoe,oc4open,3,5.059,58.7,0.37,1706.89,4
2024,ADK90,Canoe,oc4open,2,5.076583333333334,61.6,0,1706.82,4
2018,ADK90,Canoe,oc4open,2,5.083333333333333,61.9,0,1706.8,4
2025,ADK90,Canoe,oc4openmix,1,5.090777777777777,58.7,0.37,1706.89,4
2013,ADK90,Canoe,oc4open,4,5.091666666666667,51.6,0,1706.88,4
2013,ADK90,Canoe,oc4open,5,5.093055555555556,51.6,0,1706.88,4
2014,ADK90,Canoe,oc4women,1,5.094166666666666,69.5,0,1706.89,4
2024,ADK90,Canoe,oc4open,3,5.097527777777778,61.6,0,1706.82,4
2013,ADK90,Canoe,oc4mix,3,5.109444444444445,51.6,0,1706.88,4
2025,ADK90,Canoe,oc4openmix,3,5.117388888888889,58.7,0.37,1706.89,4
2008,ADK90,Kayak,k1unlimited,1,5.120555555555556,72.3,0,1706.81,1
2023,ADK90,Canoe,oc4,1,5.12425,66.9,0.15,1706.8,4
2013,ADK90,Canoe,oc4mix,4,5.125277777777778,51.6,0,1706.88,4
2015,ADK90,Canoe,oc4open,3,5.125555555555556,63.9,0,1706.82,4
2023,ADK90,Canoe,oc4mix,4,5.126027777777778,66.9,0.15,1706.8,4
2014,ADK90,Canoe,oc4open,2,5.128888888888889,69.5,0,1706.89,4
2011,ADK90,Canoe,oc4open,2,5.133611111111111,63.9,0,1706.86,4
2010,ADK90,Voyageur,voyageur,1,5.138055555555556,52.8,0.043,1706.87,6
2008,ADK90,Voyageur,voyageur,1,5.1433333333333335,72.3,0,1706.81,6
2011,ADK90,Canoe,oc4open,1,5.146944444444444,63.9,0,1706.86,4
2014,ADK90,Canoe,oc4,2,5.146944444444444,69.5,0,1706.89,4
2019,ADK90,Kayak,k1unlimited,1,5.153611111111111,58,0,1706.77,1
2016,ADK90,Kayak,k2,1,5.158333333333333,70.2,0.02,1706.83,2
2025,ADK90,Canoe,oc4open,4,5.1595,58.7,0.37,1706.89,4
2012,ADK90,Canoe,oc4,1,5.160555555555556,67.4,0,1706.75,4
2014,ADK90,Canoe,oc4,1,5.161666666666667,69.5,0,1706.89,4
2015,ADK90,Canoe,oc4open,2,5.1627777777777775,63.9,0,1706.82,4
2014,ADK90,Voyageur,voyageur,1,5.171944444444445,69.5,0,1706.89,6
2011,ADK90,Voyageur,voyageur,2,5.177222222222222,63.9,0,1706.86,6
2009,ADK90,Voyageur,voyageur,2,5.177777777777778,57.2,0.016,1706.65,6
2013,ADK90,Canoe,oc4mix,5,5.181388888888889,51.6,0,1706.88,4
2015,ADK90,Canoe,oc4,1,5.182222222222222,63.9,0,1706.82,4
2012,ADK90,Voyageur,voyageur,2,5.183888888888889,67.4,0,1706.75,6
2023,ADK90,Kayak,k1unlimited,1,5.185138888888889,66.9,0.15,1706.8,1
2025,ADK90,Canoe,oc4openmix,2,5.194083333333333,58.7,0.37,1706.89,4
2023,ADK90,Canoe,oc4mix,3,5.203250000000001,66.9,0.15,1706.8,4
2018,ADK90,Canoe,oc4open,3,5.206388888888889,61.9,0,1706.8,4
2015,ADK90,Voyageur,voyageur,1,5.2091666666666665,63.9,0,1706.82,6
2016,ADK90,Voyageur,voyageur,1,5.220833333333333,70.2,0.02,1706.83,6
2021,ADK90,Kayak,k4,1,5.225833333333333,55.4,0.055,1706.94,4
2016,ADK90,Canoe,oc4open,3,5.226388888888889,70.2,0.02,1706.83,4
2017,ADK90,Canoe,oc4open,3,5.24,51.1,0.484,1706.89,4
2022,ADK90,Canoe,oc4,3,5.2475,63.4,0,1706.93,4
2010,ADK90,Canoe,oc4mix,1,5.253333333333333,52.8,0.043,1706.87,4
2012,ADK90,Canoe,oc4mix,1,5.256388888888889,67.4,0,1706.75,4
2016,ADK90,Canoe,oc4mix,2,5.264166666666667,70.2,0.02,1706.83,4
2012,ADK90,Canoe,oc4open,3,5.264444444444444,67.4,0,1706.75,4
2015,ADK90,Canoe,oc4mix,1,5.274444444444445,63.9,0,1706.82,4
2008,ADK90,Canoe,oc2am,1,5.284722222222222,72.3,0,1706.81,2
2018,ADK90,Canoe,oc4stock,1,5.285555555555556,61.9,0,1706.8,4
2021,ADK90,Canoe,oc4,3,5.298055555555556,55.4,0.055,1706.94,4
2013,ADK90,Canoe,oc4open,6,5.298611111111111,51.6,0,1706.88,4
2024,ADK90,Kayak,k1openmaster,1,5.299972222222222,61.6,0,1706.82,1
2012,ADK90,Canoe,oc4open,5,5.303333333333334,67.4,0,1706.75,4
2022,ADK90,Canoe,oc4,4,5.304305555555556,63.4,0,1706.93,4
2014,ADK90,Voyageur,voyageur,2,5.309166666666667,69.5,0,1706.89,6
2012,ADK90,Canoe,oc4mix,4,5.321944444444444,67.4,0,1706.75,4
2013,ADK90,Canoe,oc4,4,5.322777777777778,51.6,0,1706.88,4
2024,ADK90,Canoe,oc4open,4,5.3229999999999995,61.6,0,1706.82,4
2008,ADK90,Canoe,oc2am,2,5.3341666666666665,72.3,0,1706.81,2
2021,ADK90,Canoe,oc4stockmixmaster,1,5.3405555555555555,55.4,0.055,1706.94,4
2018,ADK90,Canoe,oc4stockmix,1,5.341944444444445,61.9,0,1706.8,4
2012,ADK90,Kayak,k2,2,5.356388888888889,67.4,0,1706.75,2
2013,ADK90,Kayak,k1unlimited,1,5.3575,51.6,0,1706.88,1
2013,ADK90,Canoe,oc4mix,6,5.358333333333333,51.6,0,1706.88,4
2025,ADK90,Canoe,oc2openexhibmix,1,5.373694444444444,58.7,0.37,1706.89,2
2011,ADK90,Canoe,oc4,1,5.375277777777778,63.9,0,1706.86,4
2012,ADK90,Canoe,oc4open,4,5.375555555555556,67.4,0,1706.75,4
2008,ADK90,Canoe,oc2ammaster,1,5.376666666666667,72.3,0,1706.81,2
2012,ADK90,Canoe,oc4mix,3,5.376944444444445,67.4,0,1706.75,4
2017,ADK90,Voyageur,voyageur,2,5.383055555555556,51.1,0.484,1706.89,6
2016,ADK90,Voyageur,voyageur,2,5.385833333333333,70.2,0.02,1706.83,6
2012,ADK90,Canoe,oc4mix,2,5.389166666666667,67.4,0,1706.75,4
2010,ADK90,Canoe,oc4,3,5.393055555555556,52.8,0.043,1706.87,4
2015,ADK90,Canoe,oc4mix,2,5.4,63.9,0,1706.82,4
2017,ADK90,Canoe,oc4,2,5.403333333333333,51.1,0.484,1706.89,4
2013,ADK90,Canoe,oc4,1,5.405555555555556,51.6,0,1706.88,4
2022,ADK90,Canoe,oc4stock,1,5.408166666666667,63.4,0,1706.93,4
2017,ADK90,Kayak,k2,2,5.409166666666667,51.1,0.484,1706.89,2
2013,ADK90,Canoe,oc4,3,5.410277777777778,51.6,0,1706.88,4
2014,ADK90,Canoe,oc4,3,5.410833333333334,69.5,0,1706.89,4
2021,ADK90,Canoe,oc4stock,1,5.4125,55.4,0.055,1706.94,4
2010,ADK90,Canoe,oc4,1,5.4125,52.8,0.043,1706.87,4
2014,ADK90,Canoe,oc4open,4,5.417222222222223,69.5,0,1706.89,4
2022,ADK90,Canoe,oc4,5,5.417861111111111,63.4,0,1706.93,4
2025,ADK90,Canoe,oc4stockmix,1,5.421055555555555,58.7,0.37,1706.89,4
2016,ADK90,Canoe,oc4,1,5.4225,70.2,0.02,1706.83,4
2022,ADK90,Canoe,oc4,6,5.424361111111112,63.4,0,1706.93,4
2023,ADK90,Canoe,oc4stockmix,1,5.425277777777778,66.9,0.15,1706.8,4
2010,ADK90,Canoe,oc2am,1,5.4375,52.8,0.043,1706.87,2
2009,ADK90,Voyageur,voyageur,3,5.446666666666666,57.2,0.016,1706.65,6
2011,ADK90,Voyageur,voyageur,3,5.448333333333333,63.9,0,1706.86,6
2019,ADK90,Canoe,oc4open,3,5.449166666666667,58,0,1706.77,4
2008,ADK90,Voyageur,voyageur,3,5.449166666666667,72.3,0,1706.81,6
2024,ADK90,Canoe,oc4openmix,2,5.451944444444444,61.6,0,1706.82,4
2025,ADK90,Canoe,oc4stock,1,5.452833333333333,58.7,0.37,1706.89,4
2021,ADK90,Canoe,oc4stock,2,5.453055555555555,55.4,0.055,1706.94,4
2022,ADK90,Voyageur,voyageur,1,5.453888888888889,63.4,0,1706.93,6
2017,ADK90,Voyageur,voyageur,1,5.453888888888889,51.1,0.484,1706.89,6
2010,ADK90,Canoe,oc4,2,5.457222222222223,52.8,0.043,1706.87,4
2013,ADK90,Canoe,oc4,2,5.46,51.6,0,1706.88,4
2019,ADK90,Kayak,k1unlimited,2,5.460833333333333,58,0,1706.77,1
2025,ADK90,Canoe,oc4stockmix,2,5.47025,58.7,0.37,1706.89,4
2015,ADK90,Voyageur,voyageur,2,5.474166666666667,63.9,0,1706.82,6
2023,ADK90,Canoe,oc4stock,1,5.4784444444444444,66.9,0.15,1706.8,4
2024,ADK90,Canoe,oc4openmix,3,5.485222222222222,61.6,0,1706.82,4
2008,ADK90,Canoe,oc4mix,1,5.488888888888889,72.3,0,1706.81,4
2017,ADK90,Canoe,oc4mix,1,5.489166666666667,51.1,0.484,1706.89,4
2011,ADK90,Canoe,oc4,2,5.495833333333334,63.9,0,1706.86,4
2015,ADK90,Canoe,oc4mix,3,5.496111111111111,63.9,0,1706.82,4
2010,ADK90,Canoe,open,NA,5.497777777777777,52.8,0.043,1706.87,6
2010,ADK90,Voyageur,voyageur,4,5.498888888888889,52.8,0.043,1706.87,6
2009,ADK90,Canoe,oc2ammaster,1,5.5152777777777775,57.2,0.016,1706.65,2
2009,ADK90,Canoe,oc2am,1,5.519722222222223,57.2,0.016,1706.65,2
2023,ADK90,Canoe,oc4,2,5.528277777777777,66.9,0.15,1706.8,4
2017,ADK90,Canoe,oc4open,4,5.5325,51.1,0.484,1706.89,4
2012,ADK90,Canoe,oc4,2,5.534166666666667,67.4,0,1706.75,4
2008,ADK90,Kayak,k1tourveteran,1,5.535833333333334,72.3,0,1706.81,1
2013,ADK90,Canoe,oc4mix,7,5.54,51.6,0,1706.88,4
2017,ADK90,Canoe,oc4,3,5.545555555555556,51.1,0.484,1706.89,4
2018,ADK90,Kayak,k2,1,5.549444444444444,61.9,0,1706.8,2
2008,ADK90,Canoe,oc2ammixmaster,1,5.556111111111111,72.3,0,1706.81,2
2017,ADK90,Canoe,oc2ammix,1,5.556111111111111,51.1,0.484,1706.89,2
2025,ADK90,Kayak,k1open,1,5.559611111111111,58.7,0.37,1706.89,1
2008,ADK90,Canoe,oc2am,3,5.560833333333333,72.3,0,1706.81,2
2008,ADK90,Kayak,k1unlimited,2,5.562222222222222,72.3,0,1706.81,1
2014,ADK90,Canoe,oc4mix,1,5.562777777777778,69.5,0,1706.89,4
2013,ADK90,Canoe,oc4mix,8,5.563055555555556,51.6,0,1706.88,4
2025,ADK90,Canoe,oc4stockmixmaster,1,5.5675,58.7,0.37,1706.89,4
2010,ADK90,Kayak,k2master,2,5.568888888888889,52.8,0.043,1706.87,2
2018,ADK90,Canoe,oc4open,4,5.571111111111111,61.9,0,1706.8,4
2013,ADK90,Kayak,k2master,1,5.575,51.6,0,1706.88,2
2010,ADK90,Voyageur,voyageur,2,5.578333333333333,52.8,0.043,1706.87,6
2010,ADK90,Voyageur,voyageur,3,5.578333333333333,52.8,0.043,1706.87,6
2022,ADK90,Canoe,oc4stockmix,1,5.583722222222223,63.4,0,1706.93,4
2008,ADK90,Canoe,oc2ammaster,2,5.586111111111111,72.3,0,1706.81,2
2008,ADK90,Canoe,oc4,1,5.5875,72.3,0,1706.81,4
2015,ADK90,Canoe,oc4open,4,5.59,63.9,0,1706.82,4
2024,ADK90,Canoe,oc4stockmix,1,5.599416666666667,61.6,0,1706.82,4
2014,ADK90,Canoe,oc4,4,5.604444444444445,69.5,0,1706.89,4
2010,ADK90,Canoe,oc4mix,2,5.609444444444445,52.8,0.043,1706.87,4
2017,ADK90,Canoe,oc4,4,5.615,51.1,0.484,1706.89,4
2021,ADK90,Canoe,oc4stockmixmaster,2,5.615555555555556,55.4,0.055,1706.94,4
2011,ADK90,Canoe,oc4,3,5.6161111111111115,63.9,0,1706.86,4
2012,ADK90,Kayak,k1tour,1,5.6194444444444445,67.4,0,1706.75,1
2019,ADK90,Canoe,oc4stockmix,1,5.623888888888889,58,0,1706.77,4
2012,ADK90,Kayak,k2,1,5.626666666666667,67.4,0,1706.75,2
2024,ADK90,Canoe,oc4stockmix,2,5.627611111111111,61.6,0,1706.82,4
2010,ADK90,Canoe,oc2ammaster,1,5.628055555555555,52.8,0.043,1706.87,2
2025,ADK90,Kayak,k1sportmaster,1,5.633194444444444,58.7,0.37,1706.89,1
2025,ADK90,Canoe,oc1open,1,5.63413888888889,58.7,0.37,1706.89,1
2013,ADK90,Kayak,k2mix,1,5.635555555555555,51.6,0,1706.88,2
2009,ADK90,Canoe,oc4,1,5.636388888888889,57.2,0.016,1706.65,4
2023,ADK90,Canoe,oc4mix,5,5.6433888888888895,66.9,0.15,1706.8,4
2024,ADK90,Kayak,k1sportmaster,1,5.646361111111111,61.6,0,1706.82,1
2008,ADK90,Canoe,oc2ammaster,3,5.6497222222222225,72.3,0,1706.81,2
2008,ADK90,Voyageur,voyageur,4,5.650277777777778,72.3,0,1706.81,6
2012,ADK90,Canoe,oc2ammix,1,5.651111111111111,67.4,0,1706.75,2
2010,ADK90,Kayak,k2master,1,5.656666666666666,52.8,0.043,1706.87,2
2017,ADK90,Kayak,k2mix,1,5.657777777777778,51.1,0.484,1706.89,2
2013,ADK90,Canoe,oc4,5,5.666944444444445,51.6,0,1706.88,4
2017,ADK90,Canoe,oc2amwomen,1,5.668611111111111,51.1,0.484,1706.89,2
2010,ADK90,Canoe,oc4,4,5.670833333333333,52.8,0.043,1706.87,4
2025,ADK90,Canoe,oc4openmix,4,5.672444444444444,58.7,0.37,1706.89,4
2014,ADK90,Kayak,k2mix,1,5.676666666666667,69.5,0,1706.89,2
2017,ADK90,Canoe,oc4,6,5.678888888888889,51.1,0.484,1706.89,4
2011,ADK90,Canoe,oc2ammix,1,5.684166666666667,63.9,0,1706.86,2
2017,ADK90,Canoe,oc4,5,5.684166666666667,51.1,0.484,1706.89,4
2014,ADK90,Canoe,oc4mix,3,5.6866666666666665,69.5,0,1706.89,4
2009,ADK90,Canoe,oc4mix,1,5.6925,57.2,0.016,1706.65,4
2010,ADK90,Canoe,oc4,5,5.693888888888889,52.8,0.043,1706.87,4
2013,ADK90,Kayak,k1tourveteran,1,5.695555555555556,51.6,0,1706.88,1
2023,ADK90,Canoe,oc4stockgoldnc,1,5.702111111111111,66.9,0.15,1706.8,4
2013,ADK90,Kayak,k2mix,2,5.704166666666667,51.6,0,1706.88,2
2014,ADK90,Canoe,oc2stockmix,1,5.707222222222223,69.5,0,1706.89,2
2017,ADK90,Canoe,oc4mix,2,5.7091666666666665,51.1,0.484,1706.89,4
2016,ADK90,Canoe,oc4mix,3,5.7091666666666665,70.2,0.02,1706.83,4
2023,ADK90,Kayak,k1master,1,5.709361111111111,66.9,0.15,1706.8,1
2011,ADK90,Canoe,oc2am,1,5.709722222222222,63.9,0,1706.86,2
2009,ADK90,Canoe,oc4mix,3,5.713333333333333,57.2,0.016,1706.65,4
2021,ADK90,Canoe,oc4stockmaster,1,5.714444444444444,55.4,0.055,1706.94,4
2013,ADK90,Canoe,oc4,6,5.714444444444444,51.6,0,1706.88,4
2023,ADK90,Canoe,oc4stockmix,3,5.715111111111112,66.9,0.15,1706.8,4
2021,ADK90,Canoe,oc4stock,3,5.72,55.4,0.055,1706.94,4
2023,ADK90,Canoe,oc4stockmix,2,5.720027777777777,66.9,0.15,1706.8,4
2012,ADK90,Canoe,oc4mix,5,5.7219444444444445,67.4,0,1706.75,4
2017,ADK90,Canoe,oc4mix,4,5.723888888888889,51.1,0.484,1706.89,4
2013,ADK90,Canoe,oc4,7,5.725,51.6,0,1706.88,4
2014,ADK90,Kayak,k2mix,2,5.726944444444444,69.5,0,1706.89,2
2023,ADK90,Canoe,oc4stock,2,5.7290833333333335,66.9,0.15,1706.8,4
2015,ADK90,Canoe,oc2stockmaster,1,5.731111111111111,63.9,0,1706.82,2
2022,ADK90,Canoe,oc4,7,5.7386944444444445,63.4,0,1706.93,4
2017,ADK90,Canoe,oc1recmaster,1,5.738888888888889,51.1,0.484,1706.89,1
2013,ADK90,Canoe,oc2stock,1,5.741388888888889,51.6,0,1706.88,2
2018,ADK90,Canoe,oc4stockmix,2,5.7425,61.9,0,1706.8,4
2017,ADK90,Kayak,k1tourveteran,1,5.743333333333333,51.1,0.484,1706.89,1
2010,ADK90,Canoe,oc2ammix,1,5.7444444444444445,52.8,0.043,1706.87,2
2015,ADK90,Canoe,oc4mix,4,5.744722222222222,63.9,0,1706.82,4
2011,ADK90,Canoe,oc4mix,1,5.745833333333334,63.9,0,1706.86,4
2018,ADK90,Kayak,k1tour,1,5.745833333333334,61.9,0,1706.8,1
2008,ADK90,Canoe,oc4,2,5.746944444444445,72.3,0,1706.81,4
2019,ADK90,Canoe,oc4stockmix,2,5.749722222222222,58,0,1706.77,4
2014,ADK90,Canoe,oc4mix,2,5.7525,69.5,0,1706.89,4
2011,ADK90,Kayak,k2,1,5.752777777777778,63.9,0,1706.86,2
2014,ADK90,Kayak,k1tourveteran,1,5.753888888888889,69.5,0,1706.89,1
2013,ADK90,Canoe,oc4mix,10,5.755,51.6,0,1706.88,4
2013,ADK90,Canoe,oc4mix,9,5.759722222222222,51.6,0,1706.88,4
2012,ADK90,Kayak,k1tour,2,5.760833333333333,67.4,0,1706.75,1
2018,ADK90,Kayak,k1tour,2,5.763055555555556,61.9,0,1706.8,1
2018,ADK90,Canoe,oc1stock,1,5.763333333333334,61.9,0,1706.8,1
2012,ADK90,Canoe,oc4open,6,5.765555555555555,67.4,0,1706.75,4
2009,ADK90,Kayak,k2,1,5.766111111111111,57.2,0.016,1706.65,2
2023,ADK90,Canoe,oc4stock,3,5.766555555555555,66.9,0.15,1706.8,4
2022,ADK90,Canoe,oc4,8,5.766944444444444,63.4,0,1706.93,4
2021,ADK90,Kayak,k2veteran,1,5.772222222222222,55.4,0.055,1706.94,2
2012,ADK90,Canoe,oc2stockmaster,1,5.772222222222222,67.4,0,1706.75,2
2019,ADK90,Canoe,oc4stockmix,3,5.773888888888889,58,0,1706.77,4
2023,ADK90,Canoe,oc4mix,6,5.775194444444445,66.9,0.15,1706.8,4
2021,ADK90,Kayak,k2,1,5.777222222222222,55.4,0.055,1706.94,2
2014,ADK90,Canoe,oc4mix,4,5.780833333333334,69.5,0,1706.89,4
2014,ADK90,Canoe,oc4mix,5,5.788055555555555,69.5,0,1706.89,4
2010,ADK90,Canoe,oc2am,2,5.788055555555555,52.8,0.043,1706.87,2
2011,ADK90,Kayak,k2,2,5.788333333333333,63.9,0,1706.86,2
2022,ADK90,Canoe,oc4stock,2,5.788444444444445,63.4,0,1706.93,4
2011,ADK90,Canoe,oc4mix,5,5.792777777777777,63.9,0,1706.86,4
2016,ADK90,Canoe,oc4women,1,5.796111111111111,70.2,0.02,1706.83,4
2011,ADK90,Canoe,oc4mix,2,5.796666666666667,63.9,0,1706.86,4
2008,ADK90,Canoe,oc2stockmaster,1,5.796666666666667,72.3,0,1706.81,2
2021,ADK90,Canoe,oc4mix,2,5.7975,55.4,0.055,1706.94,4
2011,ADK90,Canoe,oc4mix,3,5.798333333333333,63.9,0,1706.86,4
2023,ADK90,Canoe,oc1stockveteran,1,5.798333333333333,66.9,0.15,1706.8,1
2015,ADK90,Canoe,oc4,2,5.8036111111111115,63.9,0,1706.82,4
2012,ADK90,Canoe,oc4mix,6,5.8036111111111115,67.4,0,1706.75,4
2013,ADK90,Canoe,oc2stockmaster,1,5.8052777777777775,51.6,0,1706.88,2
2010,ADK90,Canoe,oc4,6,5.805833333333333,52.8,0.043,1706.87,4
2009,ADK90,Canoe,oc2ammaster,2,5.806388888888889,57.2,0.016,1706.65,2
2016,ADK90,Canoe,oc2stockmaster,1,5.806666666666667,70.2,0.02,1706.83,2
2010,ADK90,Kayak,k1tour,1,5.807222222222222,52.8,0.043,1706.87,1
2018,ADK90,Canoe,oc4stock,2,5.808611111111111,61.9,0,1706.8,4
2009,ADK90,Canoe,oc4mix,2,5.809722222222222,57.2,0.016,1706.65,4
2008,ADK90,Kayak,k2,3,5.810833333333333,72.3,0,1706.81,2
2016,ADK90,Canoe,oc4mix,4,5.811111111111111,70.2,0.02,1706.83,4
2016,ADK90,Canoe,oc2am,1,5.813611111111111,70.2,0.02,1706.83,2
2008,ADK90,Canoe,voyageuropen,1,5.816666666666666,72.3,0,1706.81,6
2019,ADK90,Canoe,oc4open,4,5.8180555555555555,58,0,1706.77,4
2008,ADK90,Kayak,k1women,2,5.819444444444445,72.3,0,1706.81,1
2008,ADK90,Voyageur,voyageur,5,5.82,72.3,0,1706.81,6
2022,ADK90,Canoe,oc2stockmixmaster,1,5.82163888888889,63.4,0,1706.93,2
2017,ADK90,Canoe,oc4mix,3,5.8225,51.1,0.484,1706.89,4
2010,ADK90,Canoe,oc2am,4,5.822777777777778,52.8,0.043,1706.87,2
2011,ADK90,Voyageur,voyageur,4,5.822777777777778,63.9,0,1706.86,6
2009,ADK90,Kayak,k1tourveteran,1,5.823888888888889,57.2,0.016,1706.65,1
2013,ADK90,Canoe,oc2am,1,5.825833333333334,51.6,0,1706.88,2
2022,ADK90,Canoe,oc4stockmix,3,5.828111111111111,63.4,0,1706.93,4
2015,ADK90,Canoe,oc4mix,5,5.828333333333333,63.9,0,1706.82,4
2023,ADK90,Kayak,k2,2,5.829861111111111,66.9,0.15,1706.8,2
2022,ADK90,Canoe,oc1stockmaster,1,5.830666666666667,63.4,0,1706.93,1
2018,ADK90,Canoe,open,NA,5.831388888888889,61.9,0,1706.8,6
2008,ADK90,Kayak,k2,1,5.8325,72.3,0,1706.81,2
2012,ADK90,Canoe,oc4mix,7,5.833611111111111,67.4,0,1706.75,4
2013,ADK90,Canoe,oc2stock,2,5.836944444444445,51.6,0,1706.88,2
2012,ADK90,Voyageur,voyageur,3,5.84,67.4,0,1706.75,6
2024,ADK90,Canoe,oc4stockmaster,1,5.840916666666667,61.6,0,1706.82,4
2011,ADK90,Canoe,oc2am,2,5.844166666666666,63.9,0,1706.86,2
2016,ADK90,Canoe,oc2stock,2,5.846388888888889,70.2,0.02,1706.83,2
2008,ADK90,Kayak,k1unlimited,3,5.846388888888889,72.3,0,1706.81,1
2008,ADK90,Canoe,oc2family,1,5.8475,72.3,0,1706.81,2
2014,ADK90,Canoe,oc1rec,1,5.848611111111111,69.5,0,1706.89,1
2021,ADK90,Canoe,oc4mix,1,5.849444444444444,55.4,0.055,1706.94,4
2011,ADK90,Canoe,oc4mix,6,5.851111111111111,63.9,0,1706.86,4
2019,ADK90,Canoe,oc4stock,1,5.854166666666667,58,0,1706.77,4
2025,ADK90,Canoe,oc4openmix,5,5.855277777777777,58.7,0.37,1706.89,4
2011,ADK90,Canoe,oc4open,4,5.856388888888889,63.9,0,1706.86,4
2009,ADK90,Canoe,oc4,2,5.857222222222222,57.2,0.016,1706.65,4
2022,ADK90,Kayak,k1unlimitedmaster,1,5.858527777777778,63.4,0,1706.93,1
2017,ADK90,Kayak,k1tour,1,5.859166666666667,51.1,0.484,1706.89,1
2016,ADK90,Canoe,oc2stockmixveteran,1,5.8613888888888885,70.2,0.02,1706.83,2
2010,ADK90,Canoe,oc2stockmaster,1,5.863611111111111,52.8,0.043,1706.87,2
2009,ADK90,Kayak,k2,2,5.864166666666667,57.2,0.016,1706.65,2
2015,ADK90,Canoe,oc1recmaster,1,5.8677777777777775,63.9,0,1706.82,1
2009,ADK90,Canoe,oc4,3,5.868611111111111,57.2,0.016,1706.65,4
2023,ADK90,Canoe,oc4stockwomen,1,5.870833333333334,66.9,0.15,1706.8,4
2025,ADK90,Canoe,oc2stockmixmaster,2,5.872277777777778,58.7,0.37,1706.89,2
2010,ADK90,Canoe,oc2ammaster,2,5.874444444444444,52.8,0.043,1706.87,2
2012,ADK90,Canoe,oc4mix,9,5.874722222222222,67.4,0,1706.75,4
2008,ADK90,Canoe,oc2stockmaster,2,5.875277777777778,72.3,0,1706.81,2
2017,ADK90,Canoe,oc2stockmixmaster,1,5.875555555555556,51.1,0.484,1706.89,2
2010,ADK90,Voyageur,voyageur,5,5.881388888888889,52.8,0.043,1706.87,6
2016,ADK90,Canoe,oc1recmaster,1,5.881944444444445,70.2,0.02,1706.83,1
2010,ADK90,Canoe,oc2am,3,5.884444444444444,52.8,0.043,1706.87,2
2017,ADK90,Canoe,oc4mix,5,5.885277777777778,51.1,0.484,1706.89,4
2008,ADK90,Canoe,oc4,3,5.888055555555556,72.3,0,1706.81,4
2021,ADK90,Canoe,oc2stock,1,5.889444444444444,55.4,0.055,1706.94,2
2011,ADK90,Canoe,oc4mix,4,5.89,63.9,0,1706.86,4
2012,ADK90,Canoe,oc2stockmaster,2,5.891111111111111,67.4,0,1706.75,2
2011,ADK90,Canoe,oc4mix,8,5.892222222222222,63.9,0,1706.86,4
2008,ADK90,Canoe,oc4mix,3,5.8925,72.3,0,1706.81,4
2012,ADK90,Canoe,oc2amwomen,1,5.8933333333333335,67.4,0,1706.75,2
2016,ADK90,Kayak,k1tourmaster,1,5.893611111111111,70.2,0.02,1706.83,1
2008,ADK90,Canoe,oc2stock,2,5.897222222222222,72.3,0,1706.81,2
2008,ADK90,Canoe,oc4mix,2,5.898055555555556,72.3,0,1706.81,4
2019,ADK90,Kayak,k2,1,5.898333333333333,58,0,1706.77,2
2015,ADK90,Kayak,k1tourveteran,1,5.898611111111111,63.9,0,1706.82,1
2013,ADK90,Kayak,k1tour,1,5.901388888888889,51.6,0,1706.88,1
2008,ADK90,Kayak,k1tour,1,5.904444444444445,72.3,0,1706.81,1
2025,ADK90,Canoe,oc2stockmixmaster,1,5.905611111111111,58.7,0.37,1706.89,2
2022,ADK90,Kayak,k1tourmaster,1,5.906888888888889,63.4,0,1706.93,1
2011,ADK90,Kayak,k1tour,1,5.907222222222222,63.9,0,1706.86,1
2014,ADK90,Canoe,oc4,5,5.908333333333333,69.5,0,1706.89,4
2016,ADK90,Canoe,oc4mix,6,5.908888888888889,70.2,0.02,1706.83,4
2022,ADK90,Canoe,oc4stockmix,2,5.909472222222222,63.4,0,1706.93,4
2016,ADK90,Canoe,oc4,2,5.909722222222222,70.2,0.02,1706.83,4
2025,ADK90,Canoe,oc4stockmixmaster,2,5.911,58.7,0.37,1706.89,4
2018,ADK90,Canoe,oc4stockmix,3,5.912222222222222,61.9,0,1706.8,4
2015,ADK90,Canoe,oc4mix,6,5.913055555555555,63.9,0,1706.82,4
2011,ADK90,Canoe,oc4open,3,5.914722222222222,63.9,0,1706.86,4
2013,ADK90,Canoe,open,NA,5.916388888888889,51.6,0,1706.88,6
2011,ADK90,Canoe,oc2am,3,5.916666666666667,63.9,0,1706.86,2
2016,ADK90,Canoe,oc2stockmixmaster,1,5.918611111111111,70.2,0.02,1706.83,2
2014,ADK90,Canoe,open,NA,5.918888888888889,69.5,0,1706.89,6
2023,ADK90,Canoe,oc2stock,1,5.919416666666667,66.9,0.15,1706.8,2
2021,ADK90,Canoe,oc4stockmixmaster,3,5.920277777777778,55.4,0.055,1706.94,4
2024,ADK90,Kayak,k1sportmaster,2,5.920305555555555,61.6,0,1706.82,1
2016,ADK90,Canoe,oc2stock,1,5.921666666666667,70.2,0.02,1706.83,2
2012,ADK90,Canoe,oc2stockveteran,1,5.924166666666666,67.4,0,1706.75,2
2017,ADK90,Canoe,oc1rec,1,5.928888888888889,51.1,0.484,1706.89,1
2019,ADK90,Kayak,k1tourmaster,2,5.933611111111111,58,0,1706.77,1
2021,ADK90,Canoe,oc2stockmixveterans,1,5.933888888888889,55.4,0.055,1706.94,2
2021,ADK90,Canoe,oc4stockmaster,2,5.939166666666667,55.4,0.055,1706.94,4
2019,ADK90,Kayak,k1tourmaster,1,5.940833333333333,58,0,1706.77,1
2014,ADK90,Canoe,oc4mix,9,5.941388888888889,69.5,0,1706.89,4
2015,ADK90,Kayak,k1tourmaster,1,5.9430555555555555,63.9,0,1706.82,1
2017,ADK90,Canoe,oc4mix,6,5.955,51.1,0.484,1706.89,4
2008,ADK90,Canoe,oc2ammixmaster,2,5.959722222222222,72.3,0,1706.81,2
2012,ADK90,Canoe,oc4mix,8,5.961111111111111,67.4,0,1706.75,4
2008,ADK90,Kayak,k1tourveteran,2,5.961388888888889,72.3,0,1706.81,1
2015,ADK90,Canoe,oc2stockmaster,2,5.961944444444445,63.9,0,1706.82,2
2008,ADK90,Kayak,k2,2,5.9625,72.3,0,1706.81,2
2008,ADK90,Kayak,k1women,3,5.963055555555556,72.3,0,1706.81,1
2010,ADK90,Kayak,k1tour,2,5.964166666666666,52.8,0.043,1706.87,1
2009,ADK90,Canoe,oc2am,2,5.966111111111111,57.2,0.016,1706.65,2
2021,ADK90,Canoe,oc4stockmix,2,5.966944444444445,55.4,0.055,1706.94,4
2022,ADK90,Kayak,k1tourmaster,2,5.969111111111111,63.4,0,1706.93,1
2012,ADK90,Kayak,k1unlimited,1,5.969444444444444,67.4,0,1706.75,1
2008,ADK90,Kayak,k1unlimited,4,5.97,72.3,0,1706.81,1
2023,ADK90,Kayak,k1unlimited,2,5.9711944444444445,66.9,0.15,1706.8,1
2013,ADK90,Voyageur,voyageur,2,5.972777777777778,51.6,0,1706.88,6
2023,ADK90,Canoe,oc2stockmixmaster,1,5.9728611111111105,66.9,0.15,1706.8,2
2022,ADK90,Canoe,oc4stock,3,5.973166666666667,63.4,0,1706.93,4
2008,ADK90,Canoe,oc2ammixmaster,3,5.973888888888889,72.3,0,1706.81,2
2008,ADK90,Canoe,oc2stock,1,5.973888888888889,72.3,0,1706.81,2
2011,ADK90,Canoe,oc4mix,9,5.977777777777778,63.9,0,1706.86,4
2018,ADK90,Canoe,oc2stockmaster,1,5.98,61.9,0,1706.8,2
2009,ADK90,Canoe,oc4,4,5.9816666666666665,57.2,0.016,1706.65,4
2018,ADK90,Canoe,oc1rec,1,5.986111111111111,61.9,0,1706.8,1
2013,ADK90,Canoe,oc2stockmaster,2,5.987777777777778,51.6,0,1706.88,2
2013,ADK90,Canoe,oc4,8,5.9880555555555555,51.6,0,1706.88,4
2012,ADK90,Canoe,oc2am,1,5.988888888888889,67.4,0,1706.75,2
2010,ADK90,Voyageur,voyageur,6,5.989166666666667,52.8,0.043,1706.87,6
2021,ADK90,Canoe,oc2stockmixmaster,1,5.989444444444445,55.4,0.055,1706.94,2
2024,ADK90,Canoe,oc4stockmix,3,5.991027777777778,61.6,0,1706.82,4
2016,ADK90,Canoe,oc4mix,7,5.9911111111111115,70.2,0.02,1706.83,4
2016,ADK90,Canoe,oc1rec,1,5.9927777777777775,70.2,0.02,1706.83,1
2021,ADK90,Kayak,k1tourwomenmaster,1,5.993888888888889,55.4,0.055,1706.94,1
2012,ADK90,Canoe,oc1rec,1,5.994166666666667,67.4,0,1706.75,1
2009,ADK90,Canoe,oc2stock,1,5.994166666666667,57.2,0.016,1706.65,2
2013,ADK90,Canoe,oc4,10,5.995,51.6,0,1706.88,4
2012,ADK90,Canoe,oc1rec,2,5.995277777777778,67.4,0,1706.75,1
2024,ADK90,Canoe,oc4stockmaster,2,5.996861111111111,61.6,0,1706.82,4
2025,ADK90,Canoe,oc4stockmix,4,5.999722222222222,58.7,0.37,1706.89,4
2012,ADK90,Kayak,k2mix,1,6.003333333333333,67.4,0,1706.75,2
2023,ADK90,Canoe,oc2stock,2,6.005,66.9,0.15,1706.8,2
2010,ADK90,Canoe,oc4,7,6.005833333333333,52.8,0.043,1706.87,4
2010,ADK90,Canoe,oc2ammix,2,6.005833333333333,52.8,0.043,1706.87,2
2021,ADK90,Canoe,oc4stockmix,1,6.005833333333333,55.4,0.055,1706.94,4
2025,ADK90,Canoe,oc2stockmix,1,6.0071666666666665,58.7,0.37,1706.89,2
2008,ADK90,Canoe,oc4mix,4,6.008333333333334,72.3,0,1706.81,4
2025,ADK90,Kayak,k2,2,6.009388888888889,58.7,0.37,1706.89,2
2024,ADK90,Canoe,oc2stockveteran,1,6.009944444444444,61.6,0,1706.82,2
2022,ADK90,Kayak,k1unlimitedveteran,1,6.011388888888889,63.4,0,1706.93,1
2015,ADK90,Canoe,oc4mix,8,6.011388888888889,63.9,0,1706.82,4
2012,ADK90,Canoe,oc2stock,1,6.012222222222222,67.4,0,1706.75,2
2013,ADK90,Canoe,oc2am,2,6.0125,51.6,0,1706.88,2
2021,ADK90,Kayak,k1tourmaster,1,6.015,55.4,0.055,1706.94,1
2025,ADK90,Canoe,oc2open,1,6.017611111111112,58.7,0.37,1706.89,2
2014,ADK90,Canoe,oc4,6,6.017777777777778,69.5,0,1706.89,4
2015,ADK90,Canoe,oc4,3,6.018055555555556,63.9,0,1706.82,4
2008,ADK90,Canoe,oc2stockmaster,3,6.0183333333333335,72.3,0,1706.81,2
2018,ADK90,Kayak,k1tour,3,6.018611111111111,61.9,0,1706.8,1
2016,ADK90,Canoe,open,NA,6.019166666666667,70.2,0.02,1706.83,6
2022,ADK90,Canoe,oc2stockmixveteran,1,6.021388888888889,63.4,0,1706.93,2
2008,ADK90,Kayak,k1tour,2,6.022222222222222,72.3,0,1706.81,1
2008,ADK90,Canoe,oc4mix,5,6.022777777777778,72.3,0,1706.81,4
2021,ADK90,Kayak,k1unlimited,1,6.023055555555556,55.4,0.055,1706.94,1
2014,ADK90,Canoe,oc2stock,1,6.023055555555556,69.5,0,1706.89,2
2011,ADK90,Canoe,oc4mix,7,6.023333333333333,63.9,0,1706.86,4
2021,ADK90,Canoe,oc2mix,1,6.025555555555556,55.4,0.055,1706.94,2
2014,ADK90,Canoe,oc2stockmix,2,6.026944444444444,69.5,0,1706.89,2
2013,ADK90,Canoe,oc2stockmaster,3,6.027222222222222,51.6,0,1706.88,2
2019,ADK90,Canoe,oc4stockmix,4,6.028888888888889,58,0,1706.77,4
2016,ADK90,Canoe,oc2stockmaster,2,6.030833333333334,70.2,0.02,1706.83,2
2012,ADK90,Kayak,k2mix,2,6.031944444444444,67.4,0,1706.75,2
2014,ADK90,Canoe,oc2stockmaster,1,6.032777777777778,69.5,0,1706.89,2
2017,ADK90,Canoe,oc2stock,3,6.041666666666667,51.1,0.484,1706.89,2
2017,ADK90,Canoe,oc4mix,8,6.0441666666666665,51.1,0.484,1706.89,4
2018,ADK90,Canoe,oc2stock,1,6.045277777777778,61.9,0,1706.8,2
2013,ADK90,Kayak,k2mix,3,6.045555555555556,51.6,0,1706.88,2
2008,ADK90,Canoe,oc2stockveteran,1,6.046111111111111,72.3,0,1706.81,2
2013,ADK90,Canoe,oc2stock,3,6.0475,51.6,0,1706.88,2
2015,ADK90,Voyageur,voyageur,3,6.047777777777778,63.9,0,1706.82,6
2013,ADK90,Canoe,oc4,9,6.048055555555556,51.6,0,1706.88,4
2024,ADK90,Canoe,oc2openmix,1,6.0489444444444445,61.6,0,1706.82,2
2021,ADK90,Canoe,oc4stock,4,6.049444444444444,55.4,0.055,1706.94,4
2016,ADK90,Canoe,oc2stock,3,6.049722222222222,70.2,0.02,1706.83,2
2008,ADK90,Voyageur,voyageur,6,6.049722222222222,72.3,0,1706.81,6
2012,ADK90,Canoe,oc4mix,10,6.052777777777778,67.4,0,1706.75,4
2017,ADK90,Canoe,oc2stockmaster,1,6.054444444444444,51.1,0.484,1706.89,2
2024,ADK90,Canoe,oc4openmix,4,6.056055555555555,61.6,0,1706.82,4
2022,ADK90,Canoe,oc4stockmix,4,6.056722222222223,63.4,0,1706.93,4
2016,ADK90,Canoe,oc4mix,8,6.057222222222222,70.2,0.02,1706.83,4
2013,ADK90,Canoe,oc1rec,1,6.058888888888889,51.6,0,1706.88,1
2023,ADK90,Kayak,k1veteran,1,6.0593055555555555,66.9,0.15,1706.8,1
2016,ADK90,Canoe,open,NA,6.060277777777777,70.2,0.02,1706.83,6
2014,ADK90,Canoe,oc1rec,2,6.061111111111111,69.5,0,1706.89,1
2012,ADK90,Kayak,k1unlimited,2,6.0625,67.4,0,1706.75,1
2015,ADK90,Canoe,oc2stock,1,6.062777777777778,63.9,0,1706.82,2
2009,ADK90,Canoe,oc2ammix,1,6.063888888888889,57.2,0.016,1706.65,2
2023,ADK90,Canoe,oc4stockmix,6,6.0658611111111105,66.9,0.15,1706.8,4
2023,ADK90,Canoe,oc4stockmix,5,6.067805555555555,66.9,0.15,1706.8,4
2010,ADK90,Voyageur,voyageur,7,6.069444444444445,52.8,0.043,1706.87,6
2016,ADK90,Canoe,oc4,3,6.0697222222222225,70.2,0.02,1706.83,4
2015,ADK90,Canoe,oc4women,1,6.071111111111111,63.9,0,1706.82,4
2010,ADK90,Kayak,k2mix,1,6.073333333333333,52.8,0.043,1706.87,2
2010,ADK90,Canoe,oc1am,1,6.073611111111111,52.8,0.043,1706.87,1
2012,ADK90,Canoe,oc2stockmixmaster,1,6.073888888888889,67.4,0,1706.75,2
2015,ADK90,Voyageur,voyageur,4,6.074166666666667,63.9,0,1706.82,6
2014,ADK90,Canoe,oc4,8,6.0744444444444445,69.5,0,1706.89,4
2012,ADK90,Canoe,oc2stock,4,6.074722222222222,67.4,0,1706.75,2
2014,ADK90,Canoe,oc4mix,7,6.075833333333334,69.5,0,1706.89,4
2010,ADK90,Canoe,oc2stockmaster,2,6.077222222222222,52.8,0.043,1706.87,2
2023,ADK90,Canoe,oc4stock,4,6.077694444444445,66.9,0.15,1706.8,4
2010,ADK90,Canoe,oc4mix,3,6.08,52.8,0.043,1706.87,4
2018,ADK90,Kayak,k1unlimited,2,6.0808333333333335,61.9,0,1706.8,1
2011,ADK90,Canoe,oc2stockmixmaster,1,6.081111111111111,63.9,0,1706.86,2
2022,ADK90,Kayak,k2,1,6.082194444444445,63.4,0,1706.93,2
2015,ADK90,Canoe,oc1rec,1,6.082222222222223,63.9,0,1706.82,1
2010,ADK90,Kayak,k1unlimited,1,6.083611111111111,52.8,0.043,1706.87,1
2015,ADK90,Canoe,oc2stockmixmaster,1,6.083611111111111,63.9,0,1706.82,2
2012,ADK90,Canoe,oc2stock,2,6.0841666666666665,67.4,0,1706.75,2
2013,ADK90,Canoe,oc1rec,2,6.086388888888889,51.6,0,1706.88,1
2010,ADK90,Canoe,oc2stock,1,6.086944444444445,52.8,0.043,1706.87,2
2016,ADK90,Voyageur,voyageur,3,6.0872222222222225,70.2,0.02,1706.83,6
2016,ADK90,Kayak,k1tourmaster,3,6.089444444444444,70.2,0.02,1706.83,1
2014,ADK90,Canoe,open,NA,6.089722222222222,69.5,0,1706.89,6
2015,ADK90,Canoe,oc4women,2,6.090277777777778,63.9,0,1706.82,4
2016,ADK90,Canoe,oc4mix,5,6.090833333333333,70.2,0.02,1706.83,4
2023,ADK90,Canoe,oc4stockmix,4,6.091555555555555,66.9,0.15,1706.8,4
2024,ADK90,Kayak,k2,2,6.091833333333333,61.6,0,1706.82,2
2008,ADK90,Canoe,oc1rec,1,6.091944444444445,72.3,0,1706.81,1
2019,ADK90,Canoe,oc4stock,2,6.093333333333334,58,0,1706.77,4
2015,ADK90,Kayak,k1unlimited,1,6.094166666666666,63.9,0,1706.82,1
2009,ADK90,Canoe,oc2stockmaster,1,6.095555555555555,57.2,0.016,1706.65,2
2025,ADK90,Kayak,k1sportmaster,2,6.096055555555555,58.7,0.37,1706.89,1
2016,ADK90,Kayak,k1tourveteran,2,6.096388888888889,70.2,0.02,1706.83,1
2012,ADK90,Canoe,oc4,3,6.096388888888889,67.4,0,1706.75,4
2012,ADK90,Canoe,oc2stockmaster,3,6.097222222222222,67.4,0,1706.75,2
2010,ADK90,Canoe,oc4mix,5,6.103888888888889,52.8,0.043,1706.87,4
2025,ADK90,Canoe,oc2stockmixveteran,1,6.104055555555555,58.7,0.37,1706.89,2
2012,ADK90,Canoe,oc2stock,3,6.106111111111111,67.4,0,1706.75,2
2008,ADK90,Kayak,k1women,4,6.1075,72.3,0,1706.81,1
2012,ADK90,Voyageur,voyageur,4,6.108333333333333,67.4,0,1706.75,6
2015,ADK90,Canoe,oc4mix,7,6.108888888888889,63.9,0,1706.82,4
2018,ADK90,Kayak,k1tour,4,6.110833333333333,61.9,0,1706.8,1
2008,ADK90,Canoe,oc2stockmixmaster,1,6.1125,72.3,0,1706.81,2
2012,ADK90,Canoe,oc2stockveteran,2,6.114444444444445,67.4,0,1706.75,2
2023,ADK90,Canoe,oc2stockmixmaster,2,6.117361111111111,66.9,0.15,1706.8,2
2024,ADK90,Canoe,oc4stockmix,5,6.121083333333334,61.6,0,1706.82,4
2008,ADK90,Canoe,oc2stockmaster,4,6.121111111111111,72.3,0,1706.81,2
2017,ADK90,Canoe,oc2stock,1,6.121388888888889,51.1,0.484,1706.89,2
2017,ADK90,Canoe,oc2stockmaster,2,6.123055555555555,51.1,0.484,1706.89,2
2010,ADK90,Voyageur,voyageur,8,6.126111111111111,52.8,0.043,1706.87,6
2025,ADK90,Canoe,oc3stockmix,1,6.127722222222222,58.7,0.37,1706.89,3
2017,ADK90,Canoe,oc4mix,7,6.128611111111111,51.1,0.484,1706.89,4
2009,ADK90,Voyageur,voyageur,4,6.13,57.2,0.016,1706.65,6
2013,ADK90,Canoe,open,NA,6.1305555555555555,51.6,0,1706.88,6
2021,ADK90,Canoe,oc4stockmix,3,6.130833333333333,55.4,0.055,1706.94,4
2008,ADK90,Canoe,oc1stock,1,6.131388888888889,72.3,0,1706.81,1
2009,ADK90,Kayak,k2mix,1,6.131388888888889,57.2,0.016,1706.65,2
2024,ADK90,Canoe,oc4stockmix,4,6.131666666666667,61.6,0,1706.82,4
2008,ADK90,Canoe,oc2stockveteran,2,6.1325,72.3,0,1706.81,2
2025,ADK90,Canoe,oc4stock,2,6.132916666666667,58.7,0.37,1706.89,4
2025,ADK90,Canoe,oc2stock,1,6.133305555555556,58.7,0.37,1706.89,2
2024,ADK90,Canoe,oc2openmaster,1,6.135361111111111,61.6,0,1706.82,2
2012,ADK90,Canoe,oc4,4,6.135833333333333,67.4,0,1706.75,4
2017,ADK90,Canoe,open,NA,6.135833333333333,51.1,0.484,1706.89,6
2012,ADK90,Canoe,open,NA,6.136666666666667,67.4,0,1706.75,6
2008,ADK90,Canoe,oc4mix,7,6.137777777777778,72.3,0,1706.81,4
2016,ADK90,Canoe,oc2stockmixmaster,2,6.14,70.2,0.02,1706.83,2
2013,ADK90,Canoe,oc4mix,11,6.1402777777777775,51.6,0,1706.88,4
2019,ADK90,Canoe,oc2stock,1,6.145,58,0,1706.77,2
2025,ADK90,Canoe,oc4stockmix,3,6.1451666666666664,58.7,0.37,1706.89,4
2025,ADK90,Kayak,k2,3,6.1451666666666664,58.7,0.37,1706.89,2
2015,ADK90,Canoe,oc2stock,2,6.145277777777777,63.9,0,1706.82,2
2010,ADK90,Canoe,oc1rec,1,6.146111111111111,52.8,0.043,1706.87,1
2009,ADK90,Kayak,k1unlimted,2,6.148055555555556,57.2,0.016,1706.65,1
2014,ADK90,Canoe,oc2stock,2,6.149444444444445,69.5,0,1706.89,2
2014,ADK90,Canoe,oc4mix,8,6.151111111111111,69.5,0,1706.89,4
2015,ADK90,Canoe,oc2stockmaster,3,6.154166666666667,63.9,0,1706.82,2
2017,ADK90,Canoe,oc2amwomen,2,6.154444444444445,51.1,0.484,1706.89,2
2021,ADK90,Kayak,k1tourveteran,1,6.158888888888889,55.4,0.055,1706.94,1
2017,ADK90,Canoe,oc2stock,2,6.163333333333333,51.1,0.484,1706.89,2
2025,ADK90,Canoe,oc2stock,5,6.167194444444445,58.7,0.37,1706.89,2
2009,ADK90,Canoe,oc2stockmix,1,6.1691666666666665,57.2,0.016,1706.65,2
2013,ADK90,Canoe,oc4,11,6.1691666666666665,51.6,0,1706.88,4
2012,ADK90,Canoe,open,NA,6.171666666666667,67.4,0,1706.75,6
2013,ADK90,Canoe,oc4women,1,6.1725,51.6,0,1706.88,4
2014,ADK90,Kayak,k1tourmaster,1,6.173333333333333,69.5,0,1706.89,1
2014,ADK90,Canoe,oc2stockmix,3,6.173611111111111,69.5,0,1706.89,2
2018,ADK90,Canoe,oc4stockmix,4,6.1738888888888885,61.9,0,1706.8,4
2023,ADK90,Kayak,k1master,2,6.175083333333333,66.9,0.15,1706.8,1
2025,ADK90,Canoe,oc2open,2,6.175277777777778,58.7,0.37,1706.89,2
2019,ADK90,Kayak,k2,2,6.176388888888889,58,0,1706.77,2
2011,ADK90,Canoe,oc2am,4,6.178333333333334,63.9,0,1706.86,2
2014,ADK90,Canoe,oc4,7,6.1786111111111115,69.5,0,1706.89,4
2016,ADK90,Kayak,k2,2,6.178888888888889,70.2,0.02,1706.83,2
2016,ADK90,Kayak,k1tourmaster,2,6.180833333333333,70.2,0.02,1706.83,1
2008,ADK90,Kayak,k1unlimited,5,6.181388888888889,72.3,0,1706.81,1
2015,ADK90,Canoe,open,NA,6.184722222222222,63.9,0,1706.82,6
2013,ADK90,Kayak,k1unlimited,2,6.185,51.6,0,1706.88,1
2016,ADK90,Canoe,open,NA,6.185555555555555,70.2,0.02,1706.83,6
2021,ADK90,SUP,solorec,1,6.186388888888889,55.4,0.055,1706.94,1
2025,ADK90,Canoe,oc2stock,3,6.186916666666667,58.7,0.37,1706.89,2
2023,ADK90,Canoe,oc1stockmaster,1,6.188305555555556,66.9,0.15,1706.8,1
2014,ADK90,Canoe,oc4mix,6,6.1883333333333335,69.5,0,1706.89,4
2015,ADK90,Voyageur,voyageur,5,6.189166666666667,63.9,0,1706.82,6
2014,ADK90,Canoe,oc1rec,3,6.189444444444445,69.5,0,1706.89,1
2010,ADK90,Canoe,oc4mix,4,6.19,52.8,0.043,1706.87,4
2019,ADK90,Kayak,k1unlimited,3,6.191111111111111,58,0,1706.77,1
2014,ADK90,Canoe,oc4,9,6.191944444444444,69.5,0,1706.89,4
2011,ADK90,Canoe,oc2stockmaster,1,6.192222222222222,63.9,0,1706.86,2
2017,ADK90,Canoe,open,NA,6.1925,51.1,0.484,1706.89,6
2012,ADK90,Canoe,open,NA,6.192777777777778,67.4,0,1706.75,6
2009,ADK90,Canoe,oc2stockwomen,1,6.193333333333333,57.2,0.016,1706.65,2
2022,ADK90,Canoe,oc2stockmaster,1,6.194416666666667,63.4,0,1706.93,2
2016,ADK90,Canoe,oc2am,2,6.1947222222222225,70.2,0.02,1706.83,2
2008,ADK90,Canoe,oc2stockmixmaster,2,6.195,72.3,0,1706.81,2
2013,ADK90,Canoe,oc4mix,12,6.196666666666666,51.6,0,1706.88,4
2015,ADK90,Canoe,oc2stock,3,6.198888888888889,63.9,0,1706.82,2
2019,ADK90,Canoe,oc2stockveteran,1,6.200277777777778,58,0,1706.77,2
2009,ADK90,Canoe,oc4mix,4,6.200555555555556,57.2,0.016,1706.65,4
2025,ADK90,Canoe,oc4stocknc,1,6.202694444444445,58.7,0.37,1706.89,4
2008,ADK90,Kayak,k1tour,3,6.203333333333333,72.3,0,1706.81,1
2008,ADK90,Canoe,oc2stock,4,6.204444444444444,72.3,0,1706.81,2
2009,ADK90,Voyageur,voyageur,5,6.204444444444444,57.2,0.016,1706.65,6
2022,ADK90,Canoe,oc4stockmaster,1,6.206444444444444,63.4,0,1706.93,4
2010,ADK90,Canoe,open,NA,6.206944444444445,52.8,0.043,1706.87,6
2012,ADK90,Canoe,oc2am,3,6.211111111111111,67.4,0,1706.75,2
2010,ADK90,Canoe,oc4mix,6,6.211111111111111,52.8,0.043,1706.87,4
2008,ADK90,Canoe,oc2stockmaster,5,6.213055555555556,72.3,0,1706.81,2
2015,ADK90,Canoe,oc4mix,9,6.213333333333333,63.9,0,1706.82,4
2023,ADK90,Canoe,oc4stockmix,9,6.215055555555556,66.9,0.15,1706.8,4
2012,ADK90,Canoe,oc2stockmixmaster,2,6.215277777777778,67.4,0,1706.75,2
2010,ADK90,Canoe,oc4mix,8,6.217222222222222,52.8,0.043,1706.87,4
2011,ADK90,Canoe,oc4mix,11,6.2175,63.9,0,1706.86,4
2025,ADK90,Canoe,oc2stockmaster,1,6.218027777777778,58.7,0.37,1706.89,2
2019,ADK90,Canoe,oc2stockveteran,2,6.218055555555556,58,0,1706.77,2
2012,ADK90,Canoe,oc2ammix,3,6.222222222222222,67.4,0,1706.75,2
2014,ADK90,Canoe,oc2stockmaster,2,6.223055555555556,69.5,0,1706.89,2
2017,ADK90,Canoe,open,NA,6.223333333333334,51.1,0.484,1706.89,6
2013,ADK90,Canoe,oc2stockmixmaster,2,6.223611111111111,51.6,0,1706.88,2
2010,ADK90,Canoe,oc2stockmixmaster,1,6.223611111111111,52.8,0.043,1706.87,2
2013,ADK90,Kayak,k1tour,2,6.225,51.6,0,1706.88,1
2014,ADK90,Canoe,open,NA,6.226944444444444,69.5,0,1706.89,6
2014,ADK90,Canoe,oc2stock,3,6.227222222222222,69.5,0,1706.89,2
2010,ADK90,Canoe,oc2ammix,3,6.2275,52.8,0.043,1706.87,2
2009,ADK90,Canoe,oc2stockmaster,2,6.228055555555556,57.2,0.016,1706.65,2
2016,ADK90,Kayak,k1unlimited,1,6.231388888888889,70.2,0.02,1706.83,1
2008,ADK90,Canoe,oc1rec,2,6.2316666666666665,72.3,0,1706.81,1
2011,ADK90,Canoe,open,NA,6.233333333333333,63.9,0,1706.86,6
2010,ADK90,Kayak,k1tour,4,6.234444444444445,52.8,0.043,1706.87,1
2016,ADK90,Canoe,oc4mix,9,6.234444444444445,70.2,0.02,1706.83,4
2024,ADK90,Canoe,oc2stockncmix,1,6.234583333333333,61.6,0,1706.82,2
2010,ADK90,Canoe,oc2ammaster,3,6.2347222222222225,52.8,0.043,1706.87,2
2013,ADK90,Voyageur,voyageur,3,6.235555555555556,51.6,0,1706.88,6
2008,ADK90,Canoe,oc4,5,6.237222222222222,72.3,0,1706.81,4
2018,ADK90,Canoe,open,NA,6.237222222222222,61.9,0,1706.8,6
2024,ADK90,Canoe,oc4stockmix,6,6.238361111111111,61.6,0,1706.82,4
2011,ADK90,Canoe,open,NA,6.238888888888889,63.9,0,1706.86,6
2016,ADK90,Canoe,open,NA,6.239444444444445,70.2,0.02,1706.83,6
2011,ADK90,Canoe,oc2stock,1,6.239722222222222,63.9,0,1706.86,2
2024,ADK90,Kayak,k1sportmaster,3,6.241888888888889,61.6,0,1706.82,1
2011,ADK90,Kayak,k1unlimited,1,6.243333333333333,63.9,0,1706.86,1
2017,ADK90,Canoe,open,NA,6.243888888888889,51.1,0.484,1706.89,6
2024,ADK90,Canoe,oc4stockmaster,3,6.244111111111111,61.6,0,1706.82,4
2008,ADK90,Canoe,oc4mix,6,6.245277777777778,72.3,0,1706.81,4
2017,ADK90,Canoe,open,NA,6.246388888888889,51.1,0.484,1706.89,6
2018,ADK90,Canoe,oc4stockmix,5,6.247222222222222,61.9,0,1706.8,4
2013,ADK90,Canoe,open,NA,6.248055555555555,51.6,0,1706.88,6
2011,ADK90,Canoe,oc4mix,10,6.248333333333333,63.9,0,1706.86,4
2013,ADK90,Canoe,oc2stockmixmaster,1,6.248611111111111,51.6,0,1706.88,2
2017,ADK90,Canoe,oc2ammix,2,6.250277777777778,51.1,0.484,1706.89,2
2024,ADK90,Canoe,oc4stockwomenmaster,1,6.250305555555555,61.6,0,1706.82,4
2015,ADK90,Canoe,oc2stockmixmaster,2,6.251388888888889,63.9,0,1706.82,2
2014,ADK90,Voyageur,voyageur,3,6.252222222222223,69.5,0,1706.89,6
2017,ADK90,Canoe,oc4women,1,6.252222222222223,51.1,0.484,1706.89,4
2022,ADK90,Canoe,oc4stockmaster,2,6.252249999999999,63.4,0,1706.93,4
2013,ADK90,Canoe,oc4mix,13,6.255277777777778,51.6,0,1706.88,4
2017,ADK90,Canoe,oc4mix,9,6.255277777777778,51.1,0.484,1706.89,4
2018,ADK90,Canoe,open,NA,6.255277777777778,61.9,0,1706.8,6
2013,ADK90,Canoe,oc2ammaster,1,6.256944444444445,51.6,0,1706.88,2
2010,ADK90,Canoe,oc1rec,2,6.2588888888888885,52.8,0.043,1706.87,1
2009,ADK90,Canoe,oc4mix,5,6.259722222222222,57.2,0.016,1706.65,4
2011,ADK90,Canoe,oc4,4,6.259722222222222,63.9,0,1706.86,4
2025,ADK90,Canoe,oc1stockexhibwomen,1,6.260166666666667,58.7,0.37,1706.89,1
2013,ADK90,Canoe,oc2stockveteran,1,6.261666666666667,51.6,0,1706.88,2
2018,ADK90,Canoe,open,NA,6.263333333333334,61.9,0,1706.8,6
2011,ADK90,Canoe,oc4,5,6.263888888888889,63.9,0,1706.86,4
2023,ADK90,Kayak,k1master,5,6.264805555555555,66.9,0.15,1706.8,1
2021,ADK90,Canoe,oc4stockmix,4,6.265555555555555,55.4,0.055,1706.94,4
2008,ADK90,Canoe,open,NA,6.265833333333333,72.3,0,1706.81,6
2025,ADK90,Canoe,oc3stocktour,1,6.2659722222222225,58.7,0.37,1706.89,3
2011,ADK90,Canoe,oc2stockmixmaster,2,6.267777777777778,63.9,0,1706.86,2
2010,ADK90,Canoe,oc1rec,3,6.268611111111111,52.8,0.043,1706.87,1
2023,ADK90,Canoe,oc4stockwomen,2,6.2695,66.9,0.15,1706.8,4
2023,ADK90,Canoe,oc4stockmix,7,6.274583333333333,66.9,0.15,1706.8,4
2010,ADK90,Canoe,oc2stockveteran,1,6.2747222222222225,52.8,0.043,1706.87,2
2018,ADK90,Canoe,oc2stock,2,6.275277777777778,61.9,0,1706.8,2
2016,ADK90,Kayak,k2,3,6.275833333333333,70.2,0.02,1706.83,2
2014,ADK90,Canoe,oc4,11,6.276111111111111,69.5,0,1706.89,4
2011,ADK90,Canoe,oc2stockmixmaster,3,6.2775,63.9,0,1706.86,2
2014,ADK90,Canoe,oc2ammaster,1,6.2775,69.5,0,1706.89,2
2014,ADK90,Canoe,oc4,10,6.278611111111111,69.5,0,1706.89,4
2012,ADK90,Canoe,oc2stockveteran,3,6.278888888888889,67.4,0,1706.75,2
2017,ADK90,Canoe,open,NA,6.279444444444445,51.1,0.484,1706.89,6
2010,ADK90,Canoe,oc4mix,9,6.282222222222222,52.8,0.043,1706.87,4
2014,ADK90,Canoe,open,NA,6.282222222222222,69.5,0,1706.89,6
2021,ADK90,Canoe,oc4stockmix,5,6.283055555555555,55.4,0.055,1706.94,4
2014,ADK90,Canoe,oc4,12,6.283055555555555,69.5,0,1706.89,4
2024,ADK90,Canoe,oc4stockmix,7,6.285055555555556,61.6,0,1706.82,4
2017,ADK90,Canoe,open,NA,6.285277777777778,51.1,0.484,1706.89,6
2023,ADK90,Kayak,k1master,3,6.285666666666667,66.9,0.15,1706.8,1
2012,ADK90,Kayak,k1unlimited,3,6.286666666666667,67.4,0,1706.75,1
2024,ADK90,Canoe,oc4stockmix,8,6.288861111111111,61.6,0,1706.82,4
2016,ADK90,Kayak,k1tourveteran,1,6.288888888888889,70.2,0.02,1706.83,1
2010,ADK90,Canoe,oc4mix,7,6.2908333333333335,52.8,0.043,1706.87,4
2014,ADK90,Canoe,oc4mix,12,6.291111111111111,69.5,0,1706.89,4
2012,ADK90,Canoe,oc2stockmixmaster,4,6.292222222222223,67.4,0,1706.75,2
2015,ADK90,Kayak,k1tourmaster,2,6.293333333333333,63.9,0,1706.82,1
2021,ADK90,Canoe,oc2mix,2,6.293611111111111,55.4,0.055,1706.94,2
2016,ADK90,Canoe,oc2stockmaster,4,6.2941666666666665,70.2,0.02,1706.83,2
2015,ADK90,Canoe,oc2stock,4,6.2941666666666665,63.9,0,1706.82,2
2025,ADK90,Canoe,oc4stockmix,6,6.294333333333333,58.7,0.37,1706.89,4
2016,ADK90,Canoe,oc4,4,6.295,70.2,0.02,1706.83,4
2025,ADK90,Kayak,k1sportmaster,3,6.296166666666667,58.7,0.37,1706.89,1
2012,ADK90,Canoe,oc2ammix,2,6.296944444444445,67.4,0,1706.75,2
2016,ADK90,Canoe,open,NA,6.2972222222222225,70.2,0.02,1706.83,6
2008,ADK90,Canoe,oc2ammixmaster,4,6.299722222222222,72.3,0,1706.81,2
2023,ADK90,Canoe,oc2stock,4,6.299972222222222,66.9,0.15,1706.8,2
2015,ADK90,Canoe,oc2stock,5,6.300277777777778,63.9,0,1706.82,2
2024,ADK90,Kayak,k1sportmaster,4,6.3007222222222214,61.6,0,1706.82,1
2023,ADK90,Canoe,oc4stock,5,6.301666666666667,66.9,0.15,1706.8,4
2018,ADK90,Canoe,oc2stockmaster,3,6.302777777777778,61.9,0,1706.8,2
2008,ADK90,Canoe,oc2stock,3,6.304722222222222,72.3,0,1706.81,2
2016,ADK90,Canoe,open,NA,6.306666666666667,70.2,0.02,1706.83,6
2008,ADK90,Canoe,oc2ammixmaster,5,6.3069444444444445,72.3,0,1706.81,2
2018,ADK90,Canoe,open,NA,6.308611111111111,61.9,0,1706.8,6
2022,ADK90,Kayak,k1unlimited,1,6.309555555555556,63.4,0,1706.93,1
2014,ADK90,Canoe,open,NA,6.309722222222222,69.5,0,1706.89,6
2022,ADK90,Canoe,oc2stockopen,1,6.313583333333334,63.4,0,1706.93,2
2016,ADK90,Canoe,open,NA,6.313888888888889,70.2,0.02,1706.83,6
2013,ADK90,Canoe,oc2stockveteran,2,6.314166666666667,51.6,0,1706.88,2
2022,ADK90,Canoe,oc2stockmix,1,6.3155,63.4,0,1706.93,2
2010,ADK90,Canoe,oc2stockveteran,2,6.316388888888889,52.8,0.043,1706.87,2
2008,ADK90,Canoe,oc2stockmixmaster,3,6.318333333333333,72.3,0,1706.81,2
2009,ADK90,Canoe,oc4,5,6.318888888888889,57.2,0.016,1706.65,4
2023,ADK90,Canoe,oc4stockmix,8,6.319055555555555,66.9,0.15,1706.8,4
2009,ADK90,Canoe,oc2stockmaster,4,6.3197222222222225,57.2,0.016,1706.65,2
2016,ADK90,Canoe,oc2stock,4,6.32,70.2,0.02,1706.83,2
2014,ADK90,Canoe,open,NA,6.32,69.5,0,1706.89,6
2009,ADK90,Kayak,k1unlimted,1,6.320833333333334,57.2,0.016,1706.65,1
2021,ADK90,Canoe,oc4stockwomenmaster,1,6.322777777777778,55.4,0.055,1706.94,4
2013,ADK90,Canoe,oc4women,2,6.322777777777778,51.6,0,1706.88,4
2015,ADK90,Canoe,oc1recmaster,2,6.325,63.9,0,1706.82,1
2012,ADK90,Canoe,oc2stockmixmaster,3,6.328888888888889,67.4,0,1706.75,2
2023,ADK90,Canoe,oc4stockmix,11,6.329777777777778,66.9,0.15,1706.8,4
2012,ADK90,Canoe,oc2stock,5,6.333055555555555,67.4,0,1706.75,2
2018,ADK90,Kayak,k1tour,5,6.334722222222222,61.9,0,1706.8,1
2009,ADK90,Canoe,oc2stockmaster,3,6.336388888888889,57.2,0.016,1706.65,2
2018,ADK90,Canoe,oc2stockmix,2,6.336388888888889,61.9,0,1706.8,2
2012,ADK90,Canoe,oc2stockveteran,5,6.338055555555556,67.4,0,1706.75,2
2023,ADK90,Canoe,oc2stockmaster,1,6.339972222222222,66.9,0.15,1706.8,2
2023,ADK90,Canoe,oc4stockmix,10,6.341194444444445,66.9,0.15,1706.8,4
2023,ADK90,Kayak,k1master,4,6.342694444444445,66.9,0.15,1706.8,1
2016,ADK90,Canoe,open,NA,6.343055555555556,70.2,0.02,1706.83,6
2024,ADK90,Canoe,oc2stockmixveteran,1,6.344194444444444,61.6,0,1706.82,2
2017,ADK90,Guideboat,g1,1,6.344444444444444,51.1,0.484,1706.89,1
2008,ADK90,Canoe,oc4,4,6.345,72.3,0,1706.81,4
2018,ADK90,Canoe,oc2stockmixmaster,1,6.345,61.9,0,1706.8,2
2009,ADK90,Kayak,k1tourmaster,1,6.348888888888889,57.2,0.016,1706.65,1
2013,ADK90,Voyageur,voyageur,4,6.349166666666667,51.6,0,1706.88,6
2012,ADK90,Canoe,open,NA,6.349444444444444,67.4,0,1706.75,6
2016,ADK90,Canoe,oc4,6,6.35,70.2,0.02,1706.83,4
2011,ADK90,Canoe,oc2ammix,3,6.3502777777777775,63.9,0,1706.86,2
2018,ADK90,Canoe,oc2am,1,6.352222222222222,61.9,0,1706.8,2
2014,ADK90,Canoe,open,NA,6.352777777777778,69.5,0,1706.89,6
2015,ADK90,Canoe,open,NA,6.352777777777778,63.9,0,1706.82,6
2023,ADK90,Canoe,oc2stockgoldnc,1,6.354527777777777,66.9,0.15,1706.8,2
2016,ADK90,Canoe,oc4women,2,6.355,70.2,0.02,1706.83,4
2023,ADK90,Canoe,oc2stock,3,6.355472222222223,66.9,0.15,1706.8,2
2013,ADK90,Canoe,open,NA,6.355555555555555,51.6,0,1706.88,6
2025,ADK90,Canoe,oc2stock,2,6.355805555555556,58.7,0.37,1706.89,2
2023,ADK90,Canoe,oc2stockmixmaster,3,6.356527777777778,66.9,0.15,1706.8,2
2012,ADK90,Canoe,oc2stockmaster,5,6.358611111111111,67.4,0,1706.75,2
2012,ADK90,Canoe,oc2stockveteran,4,6.3597222222222225,67.4,0,1706.75,2
2011,ADK90,Canoe,open,NA,6.361666666666666,63.9,0,1706.86,6
2012,ADK90,Canoe,oc4,5,6.363611111111111,67.4,0,1706.75,4
2008,ADK90,Canoe,oc4mix,8,6.364166666666667,72.3,0,1706.81,4
2013,ADK90,Canoe,oc2stock,5,6.364444444444445,51.6,0,1706.88,2
2013,ADK90,Canoe,oc2stockmix,1,6.364444444444445,51.6,0,1706.88,2
2017,ADK90,Canoe,open,NA,6.365,51.1,0.484,1706.89,6
2017,ADK90,Kayak,k1tourveteran,2,6.367222222222222,51.1,0.484,1706.89,1
2017,ADK90,Canoe,open,NA,6.3677777777777775,51.1,0.484,1706.89,6
2010,ADK90,Canoe,oc2stockmixmaster,3,6.369166666666667,52.8,0.043,1706.87,2
2025,ADK90,Canoe,oc2stockmixveteran,2,6.3693888888888885,58.7,0.37,1706.89,2
2017,ADK90,Canoe,open,NA,6.3694444444444445,51.1,0.484,1706.89,6
2009,ADK90,Kayak,k1tourveteran,2,6.37,57.2,0.016,1706.65,1
2013,ADK90,Canoe,oc2stockmaster,4,6.370555555555556,51.6,0,1706.88,2
2010,ADK90,Canoe,oc2stockveteran,3,6.371111111111111,52.8,0.043,1706.87,2
2017,ADK90,Canoe,open,NA,6.371388888888889,51.1,0.484,1706.89,6
2024,ADK90,Canoe,oc4stockmix,10,6.371472222222222,61.6,0,1706.82,4
2018,ADK90,Canoe,open,NA,6.3725,61.9,0,1706.8,6
2023,ADK90,Canoe,oc2stockmix,1,6.373388888888889,66.9,0.15,1706.8,2
2013,ADK90,Canoe,open,NA,6.373611111111111,51.6,0,1706.88,6
2013,ADK90,Canoe,oc2ammaster,2,6.373888888888889,51.6,0,1706.88,2
2011,ADK90,Canoe,oc2ammix,2,6.3741666666666665,63.9,0,1706.86,2
2016,ADK90,Canoe,oc2stockmaster,3,6.374444444444444,70.2,0.02,1706.83,2
2013,ADK90,Canoe,oc4,13,6.374722222222222,51.6,0,1706.88,4
2010,ADK90,Kayak,k1unlimited,2,6.375555555555556,52.8,0.043,1706.87,1
2025,ADK90,Canoe,oc2stockmix,2,6.3757777777777775,58.7,0.37,1706.89,2
2013,ADK90,Canoe,oc2stock,4,6.376388888888889,51.6,0,1706.88,2
2008,ADK90,Guideboat,g2,1,6.376388888888889,72.3,0,1706.81,2
2018,ADK90,Canoe,oc2stockmaster,2,6.376666666666667,61.9,0,1706.8,2
2012,ADK90,Canoe,oc1stock,1,6.376666666666667,67.4,0,1706.75,1
2011,ADK90,Canoe,oc1rec,1,6.376944444444445,63.9,0,1706.86,1
2016,ADK90,Voyageur,voyageur,4,6.377222222222223,70.2,0.02,1706.83,6
2015,ADK90,Canoe,open,NA,6.3775,63.9,0,1706.82,6
2015,ADK90,Canoe,open,NA,6.3775,63.9,0,1706.82,6
2011,ADK90,Canoe,oc4,7,6.378055555555555,63.9,0,1706.86,4
2019,ADK90,Canoe,oc4stockmix,5,6.378333333333333,58,0,1706.77,4
2024,ADK90,Kayak,k1sportveteran,1,6.378388888888889,61.6,0,1706.82,1
2022,ADK90,Canoe,oc4stocktour,1,6.378694444444444,63.4,0,1706.93,4
2013,ADK90,Canoe,oc4mix,15,6.378888888888889,51.6,0,1706.88,4
2013,ADK90,Canoe,open,NA,6.379166666666666,51.6,0,1706.88,6
2010,ADK90,Canoe,open,NA,6.38,52.8,0.043,1706.87,6
2008,ADK90,Kayak,k2,4,6.380277777777778,72.3,0,1706.81,2
2009,ADK90,Canoe,oc2stock,2,6.380277777777778,57.2,0.016,1706.65,2
2012,ADK90,Canoe,open,NA,6.381388888888889,67.4,0,1706.75,6
2011,ADK90,Canoe,oc1stock,1,6.381666666666667,63.9,0,1706.86,1
2016,ADK90,Canoe,oc2stockmixmaster,3,6.3822222222222225,70.2,0.02,1706.83,2
2012,ADK90,Canoe,open,NA,6.3825,67.4,0,1706.75,6
2023,ADK90,Canoe,oc2,1,6.382638888888889,66.9,0.15,1706.8,2
2009,ADK90,Canoe,oc2stockmixmaster,1,6.383333333333334,57.2,0.016,1706.65,2
2016,ADK90,Canoe,oc2stockmix,1,6.384722222222222,70.2,0.02,1706.83,2
2024,ADK90,Canoe,oc4stockmix,9,6.385222222222222,61.6,0,1706.82,4
2021,ADK90,Canoe,oc2stockmaster,1,6.386111111111111,55.4,0.055,1706.94,2
2016,ADK90,Canoe,open,NA,6.387222222222222,70.2,0.02,1706.83,6
2014,ADK90,Canoe,oc2stock,4,6.388888888888889,69.5,0,1706.89,2
2019,ADK90,Kayak,k1tourmaster,3,6.388888888888889,58,0,1706.77,1
2009,ADK90,Canoe,oc2ammixmaster,1,6.389444444444444,57.2,0.016,1706.65,2
2022,ADK90,Canoe,oc4stockwomen,1,6.3894722222222216,63.4,0,1706.93,4
2016,ADK90,Canoe,open,NA,6.39,70.2,0.02,1706.83,6
2022,ADK90,Canoe,oc4stockmix,5,6.391194444444444,63.4,0,1706.93,4
2015,ADK90,Canoe,oc1am,1,6.3925,63.9,0,1706.82,1
2023,ADK90,Kayak,k1master,6,6.392611111111112,66.9,0.15,1706.8,1
2009,ADK90,Canoe,oc2stockveteran,1,6.394444444444445,57.2,0.016,1706.65,2
2012,ADK90,Canoe,oc2am,2,6.395833333333333,67.4,0,1706.75,2
2011,ADK90,Canoe,oc2ammix,4,6.395833333333333,63.9,0,1706.86,2
2015,ADK90,Canoe,oc2ammix,1,6.396111111111111,63.9,0,1706.82,2
2011,ADK90,Canoe,open,NA,6.396944444444444,63.9,0,1706.86,6
2023,ADK90,Canoe,oc2stock,5,6.397166666666666,66.9,0.15,1706.8,2
2024,ADK90,Canoe,oc4stockmix,11,6.398027777777778,61.6,0,1706.82,4
2010,ADK90,Kayak,k1tour,3,6.398055555555556,52.8,0.043,1706.87,1
2014,ADK90,Kayak,k1tourmaster,2,6.398888888888889,69.5,0,1706.89,1
2011,ADK90,Kayak,k1unlimited,2,6.398888888888889,63.9,0,1706.86,1
2025,ADK90,Canoe,oc4stock,3,6.3990277777777775,58.7,0.37,1706.89,4
2013,ADK90,Kayak,k1unlimited,3,6.400555555555556,51.6,0,1706.88,1
2024,ADK90,Canoe,oc2stock,1,6.4021388888888895,61.6,0,1706.82,2
2025,ADK90,Canoe,oc2stockmixveteran,3,6.4025,58.7,0.37,1706.89,2
2008,ADK90,Canoe,oc2stockveteran,3,6.404166666666667,72.3,0,1706.81,2
2018,ADK90,Kayak,k1unlimited,3,6.405,61.9,0,1706.8,1
2011,ADK90,Canoe,oc2stockmix,1,6.407222222222222,63.9,0,1706.86,2
2014,ADK90,Canoe,oc4mix,11,6.408333333333333,69.5,0,1706.89,4
2025,ADK90,Canoe,oc4stockwomen,1,6.409416666666667,58.7,0.37,1706.89,4
2022,ADK90,Canoe,oc4stockmix,6,6.409638888888889,63.4,0,1706.93,4
2011,ADK90,Canoe,oc2stockmaster,3,6.41,63.9,0,1706.86,2
2012,ADK90,Canoe,oc2rec,1,6.411111111111111,67.4,0,1706.75,2
2013,ADK90,Canoe,open,NA,6.411111111111111,51.6,0,1706.88,6
2010,ADK90,Canoe,oc1rec,4,6.415,52.8,0.043,1706.87,1
2015,ADK90,Canoe,open,NA,6.415277777777778,63.9,0,1706.82,6
2013,ADK90,Canoe,oc2stockwomenmaster,1,6.415277777777778,51.6,0,1706.88,2
2009,ADK90,Canoe,oc2ammix,2,6.415555555555556,57.2,0.016,1706.65,2
2008,ADK90,Canoe,open,NA,6.4158333333333335,72.3,0,1706.81,6
2016,ADK90,Canoe,open,NA,6.416666666666667,70.2,0.02,1706.83,6
2009,ADK90,Canoe,oc2stockmix,2,6.418611111111111,57.2,0.016,1706.65,2
2012,ADK90,Canoe,oc2stockmixmaster,5,6.418611111111111,67.4,0,1706.75,2
2015,ADK90,Canoe,oc2stock,8,6.418888888888889,63.9,0,1706.82,2
2012,ADK90,Canoe,open,NA,6.418888888888889,67.4,0,1706.75,6
2018,ADK90,Canoe,open,NA,6.4191666666666665,61.9,0,1706.8,6
2018,ADK90,Canoe,oc2stockmixmaster,2,6.420555555555556,61.9,0,1706.8,2
2025,ADK90,Canoe,oc2stockmaster,2,6.420833333333333,58.7,0.37,1706.89,2
2015,ADK90,Canoe,open,NA,6.420833333333333,63.9,0,1706.82,6
2023,ADK90,Canoe,oc2stockmix,2,6.420916666666667,66.9,0.15,1706.8,2
2013,ADK90,Canoe,oc2stockmaster,5,6.421666666666667,51.6,0,1706.88,2
2019,ADK90,Canoe,oc2am,1,6.423333333333333,58,0,1706.77,2
2014,ADK90,Canoe,oc2am,1,6.425,69.5,0,1706.89,2
2009,ADK90,Canoe,oc2stockmixmaster,3,6.426944444444445,57.2,0.016,1706.65,2
2009,ADK90,Canoe,oc2ammix,3,6.4286111111111115,57.2,0.016,1706.65,2
2014,ADK90,Canoe,open,NA,6.428888888888889,69.5,0,1706.89,6
2016,ADK90,Canoe,oc4,5,6.429444444444444,70.2,0.02,1706.83,4
2015,ADK90,Canoe,oc2stockmixmaster,3,6.4302777777777775,63.9,0,1706.82,2
2008,ADK90,Canoe,oc1stock,2,6.431111111111111,72.3,0,1706.81,1
2015,ADK90,Canoe,oc2stockveteran,1,6.432222222222222,63.9,0,1706.82,2
2013,ADK90,Canoe,oc4,12,6.434444444444445,51.6,0,1706.88,4
2025,ADK90,Canoe,oc4stockmix,9,6.434527777777777,58.7,0.37,1706.89,4
2016,ADK90,Canoe,oc2stockveteran,1,6.438611111111111,70.2,0.02,1706.83,2
2024,ADK90,Canoe,oc4stockmix,12,6.4405,61.6,0,1706.82,4
2010,ADK90,Guideboat,g2,1,6.440555555555555,52.8,0.043,1706.87,2
2008,ADK90,Canoe,oc2stockveteran,5,6.440555555555555,72.3,0,1706.81,2
2018,ADK90,Canoe,open,NA,6.441388888888889,61.9,0,1706.8,6
2014,ADK90,Kayak,k1tour,1,6.441666666666666,69.5,0,1706.89,1
2025,ADK90,Canoe,oc4stockmix,8,6.441666666666666,58.7,0.37,1706.89,4
2018,ADK90,Canoe,open,NA,6.441944444444444,61.9,0,1706.8,6
2009,ADK90,Canoe,oc4mix,6,6.445277777777778,57.2,0.016,1706.65,4
2011,ADK90,Kayak,k2mix,1,6.446666666666666,63.9,0,1706.86,2
2019,ADK90,Canoe,oc1rec,1,6.4475,58,0,1706.77,1
2014,ADK90,Canoe,open,NA,6.4511111111111115,69.5,0,1706.89,6
2010,ADK90,Canoe,oc2stock,3,6.4511111111111115,52.8,0.043,1706.87,2
2012,ADK90,Guideboat,g2,2,6.451388888888889,67.4,0,1706.75,2
2010,ADK90,Kayak,k1tour,5,6.455,52.8,0.043,1706.87,1
2022,ADK90,Canoe,oc4stocktournc,1,6.4566388888888895,63.4,0,1706.93,4
2015,ADK90,Guideboat,g2,1,6.4575,63.9,0,1706.82,2
2013,ADK90,Canoe,open,NA,6.457777777777777,51.6,0,1706.88,6
2011,ADK90,Canoe,open,NA,6.457777777777777,63.9,0,1706.86,6
2013,ADK90,Guideboat,g2,1,6.459444444444444,51.6,0,1706.88,2
2025,ADK90,Canoe,oc3stockmix,3,6.460999999999999,58.7,0.37,1706.89,3
2013,ADK90,Canoe,open,NA,6.461388888888889,51.6,0,1706.88,6
2015,ADK90,Canoe,open,NA,6.461388888888889,63.9,0,1706.82,6
2011,ADK90,Canoe,oc4,6,6.461944444444445,63.9,0,1706.86,4
2022,ADK90,Canoe,oc4stock,4,6.462027777777777,63.4,0,1706.93,4
2021,ADK90,Canoe,oc2stockmix,1,6.4622222222222225,55.4,0.055,1706.94,2
2011,ADK90,Canoe,oc2stockveteran,3,6.4625,63.9,0,1706.86,2
2012,ADK90,Canoe,oc2ammix,4,6.462777777777778,67.4,0,1706.75,2
2013,ADK90,Canoe,oc2ammix,1,6.465,51.6,0,1706.88,2
2011,ADK90,Canoe,oc1rec,2,6.465,63.9,0,1706.86,1
2016,ADK90,Kayak,k1tourwomen,1,6.465,70.2,0.02,1706.83,1
2010,ADK90,Canoe,oc2stockmixmaster,4,6.465277777777778,52.8,0.043,1706.87,2
2008,ADK90,Canoe,open,NA,6.4655555555555555,72.3,0,1706.81,6
2025,ADK90,Canoe,oc4stockmix,7,6.465861111111111,58.7,0.37,1706.89,4
2016,ADK90,Canoe,oc4women,3,6.466666666666667,70.2,0.02,1706.83,4
2025,ADK90,Canoe,oc2stock,4,6.466944444444445,58.7,0.37,1706.89,2
2010,ADK90,Kayak,k2women,1,6.4675,52.8,0.043,1706.87,2
2012,ADK90,Canoe,open,NA,6.4686111111111115,67.4,0,1706.75,6
2021,ADK90,Kayak,k2mixveteran,1,6.47,55.4,0.055,1706.94,2
2012,ADK90,Canoe,oc2stockmaster,4,6.471666666666667,67.4,0,1706.75,2
2014,ADK90,Canoe,open,NA,6.4725,69.5,0,1706.89,6
2010,ADK90,Canoe,oc2stock,2,6.4725,52.8,0.043,1706.87,2
2009,ADK90,Canoe,oc2stockmixmaster,2,6.473611111111111,57.2,0.016,1706.65,2
2014,ADK90,Canoe,oc1stockveteran,1,6.475555555555555,69.5,0,1706.89,1
2023,ADK90,Canoe,oc2stockmaster,2,6.476027777777778,66.9,0.15,1706.8,2
2009,ADK90,Canoe,oc1rec,1,6.476666666666667,57.2,0.016,1706.65,1
2012,ADK90,Guideboat,g2,1,6.478055555555556,67.4,0,1706.75,2
2024,ADK90,Canoe,oc2stock,2,6.478666666666667,61.6,0,1706.82,2
2022,ADK90,Canoe,oc2stockmaster,2,6.478805555555556,63.4,0,1706.93,2
2022,ADK90,Canoe,oc2stockopen,2,6.479888888888889,63.4,0,1706.93,2
2015,ADK90,Canoe,open,NA,6.480277777777777,63.9,0,1706.82,6
2010,ADK90,Canoe,oc2ammaster,4,6.481944444444444,52.8,0.043,1706.87,2
2016,ADK90,Canoe,oc1am,1,6.483055555555556,70.2,0.02,1706.83,1
2025,ADK90,Canoe,oc4stockmix,5,6.48325,58.7,0.37,1706.89,4
2009,ADK90,Canoe,oc4mix,7,6.483333333333333,57.2,0.016,1706.65,4
2015,ADK90,Kayak,k1tourmaster,3,6.486111111111111,63.9,0,1706.82,1
2010,ADK90,Guideboat,g2,3,6.489166666666667,52.8,0.043,1706.87,2
2013,ADK90,Guideboat,g2,2,6.489166666666667,51.6,0,1706.88,2
2009,ADK90,Canoe,oc2stock,3,6.489166666666667,57.2,0.016,1706.65,2
2021,ADK90,Canoe,oc2stockmaster,2,6.49,55.4,0.055,1706.94,2
2017,ADK90,Voyageur,voyageur,3,6.490555555555556,51.1,0.484,1706.89,6
2012,ADK90,Canoe,open,NA,6.491388888888889,67.4,0,1706.75,6
2013,ADK90,Canoe,oc4,14,6.491388888888889,51.6,0,1706.88,4
2014,ADK90,Canoe,oc4mix,10,6.491944444444444,69.5,0,1706.89,4
2010,ADK90,Canoe,oc2stockmix,1,6.491944444444444,52.8,0.043,1706.87,2
2012,ADK90,Guideboat,g2,3,6.492222222222222,67.4,0,1706.75,2
2018,ADK90,Canoe,open,NA,6.4925,61.9,0,1706.8,6
2013,ADK90,Canoe,open,NA,6.4927777777777775,51.6,0,1706.88,6
2013,ADK90,Canoe,open,NA,6.493333333333333,51.6,0,1706.88,6
2011,ADK90,Canoe,oc2ammix,6,6.493888888888889,63.9,0,1706.86,2
2018,ADK90,Guideboat,g1,1,6.494166666666667,61.9,0,1706.8,1
2023,ADK90,Canoe,oc2stockmixmaster,4,6.4945,66.9,0.15,1706.8,2
2015,ADK90,Canoe,oc4mix,10,6.495,63.9,0,1706.82,4
2024,ADK90,Canoe,oc2stockmaster,1,6.4953611111111105,61.6,0,1706.82,2
2011,ADK90,Canoe,oc2stockveteran,1,6.496666666666667,63.9,0,1706.86,2
2010,ADK90,Canoe,oc2stockmixmaster,2,6.497777777777777,52.8,0.043,1706.87,2
2016,ADK90,Canoe,oc2ammix,1,6.497777777777777,70.2,0.02,1706.83,2
2012,ADK90,Voyageur,voyageur,5,6.498333333333333,67.4,0,1706.75,6
2010,ADK90,Canoe,oc4,8,6.5008333333333335,52.8,0.043,1706.87,4
2024,ADK90,Canoe,oc2openmix,2,6.500944444444444,61.6,0,1706.82,2
2018,ADK90,Canoe,oc2stockmix,1,6.501388888888889,61.9,0,1706.8,2
2008,ADK90,Canoe,oc4mix,9,6.503055555555555,72.3,0,1706.81,4
2011,ADK90,Canoe,oc4mix,12,6.503333333333333,63.9,0,1706.86,4
2015,ADK90,Canoe,oc2stock,7,6.506666666666667,63.9,0,1706.82,2
2014,ADK90,Canoe,oc2ammix,1,6.507777777777778,69.5,0,1706.89,2
2017,ADK90,Canoe,oc1am,1,6.509166666666666,51.1,0.484,1706.89,1
2016,ADK90,Canoe,oc1am,2,6.509166666666666,70.2,0.02,1706.83,1
2012,ADK90,Canoe,oc4mix,11,6.51,67.4,0,1706.75,4
2018,ADK90,Canoe,oc4stockmix,6,6.510277777777778,61.9,0,1706.8,4
2012,ADK90,Kayak,k2women,1,6.511111111111111,67.4,0,1706.75,2
2016,ADK90,Guideboat,g1,1,6.511666666666667,70.2,0.02,1706.83,1
2011,ADK90,Canoe,oc2ammix,5,6.5119444444444445,63.9,0,1706.86,2
2017,ADK90,Canoe,oc2stock,5,6.5136111111111115,51.1,0.484,1706.89,2
2025,ADK90,Canoe,oc4stock,5,6.51425,58.7,0.37,1706.89,4
2013,ADK90,Canoe,oc2stockveteran,3,6.5152777777777775,51.6,0,1706.88,2
2023,ADK90,Canoe,oc2stockmixmaster,5,6.517222222222222,66.9,0.15,1706.8,2
2018,ADK90,Canoe,oc4stockmix,9,6.517222222222222,61.9,0,1706.8,4
2009,ADK90,Canoe,oc2stock,4,6.517222222222222,57.2,0.016,1706.65,2
2008,ADK90,Guideboat,g2,3,6.518611111111111,72.3,0,1706.81,2
2015,ADK90,Canoe,open,NA,6.519444444444445,63.9,0,1706.82,6
2014,ADK90,Canoe,open,NA,6.519722222222223,69.5,0,1706.89,6
2021,ADK90,Canoe,oc2stock,2,6.521111111111111,55.4,0.055,1706.94,2
2022,ADK90,Canoe,oc2stockmixmaster,2,6.521305555555556,63.4,0,1706.93,2
2008,ADK90,Canoe,open,NA,6.521388888888889,72.3,0,1706.81,6
2011,ADK90,Canoe,oc2stockmixmaster,4,6.5216666666666665,63.9,0,1706.86,2
2015,ADK90,Canoe,oc2stockveteran,2,6.5216666666666665,63.9,0,1706.82,2
2025,ADK90,Canoe,oc3stockmix,2,6.522138888888889,58.7,0.37,1706.89,3
2009,ADK90,Canoe,oc2stockmaster,5,6.523055555555556,57.2,0.016,1706.65,2
2008,ADK90,Canoe,open,NA,6.523055555555556,72.3,0,1706.81,6
2018,ADK90,Canoe,oc4stockwomen,2,6.523333333333333,61.9,0,1706.8,4
2022,ADK90,Canoe,oc4stockmix,8,6.523527777777778,63.4,0,1706.93,4
2012,ADK90,Canoe,oc2stockmaster,6,6.523611111111111,67.4,0,1706.75,2
2008,ADK90,Guideboat,g2,2,6.524444444444445,72.3,0,1706.81,2
2014,ADK90,Canoe,oc2stock,5,6.526111111111111,69.5,0,1706.89,2
2013,ADK90,Canoe,open,NA,6.527222222222222,51.6,0,1706.88,6
2018,ADK90,Canoe,open,NA,6.5275,61.9,0,1706.8,6
2011,ADK90,Canoe,oc2stockveteran,2,6.5280555555555555,63.9,0,1706.86,2
2019,ADK90,Canoe,oc4stockwomen,1,6.528333333333333,58,0,1706.77,4
2021,ADK90,Canoe,oc4stockwomenmaster,2,6.529444444444445,55.4,0.055,1706.94,4
2009,ADK90,Canoe,oc2ammixmaster,2,6.53,57.2,0.016,1706.65,2
2023,ADK90,Guideboat,g1,1,6.530305555555556,66.9,0.15,1706.8,1
2024,ADK90,Canoe,oc2openveteran,1,6.53125,61.6,0,1706.82,2
2013,ADK90,Canoe,oc4mix,14,6.533333333333333,51.6,0,1706.88,4
2012,ADK90,Canoe,open,NA,6.533611111111111,67.4,0,1706.75,6
2014,ADK90,Canoe,open,NA,6.533611111111111,69.5,0,1706.89,6
2025,ADK90,Kayak,k1open,3,6.534972222222223,58.7,0.37,1706.89,1
2013,ADK90,Guideboat,g1,2,6.535833333333334,51.6,0,1706.88,1
2025,ADK90,Canoe,oc4stock,6,6.5366388888888896,58.7,0.37,1706.89,4
2015,ADK90,Canoe,oc2stock,10,6.536666666666667,63.9,0,1706.82,2
2009,ADK90,Canoe,oc4,6,6.536666666666667,57.2,0.016,1706.65,4
2009,ADK90,Canoe,oc1stock,1,6.536944444444444,57.2,0.016,1706.65,1
2024,ADK90,Canoe,oc4stocktourmix,1,6.537527777777777,61.6,0,1706.82,4
2014,ADK90,Canoe,open,NA,6.538055555555555,69.5,0,1706.89,6
2018,ADK90,Canoe,open,NA,6.540555555555556,61.9,0,1706.8,6
2009,ADK90,Canoe,open,NA,6.541111111111111,57.2,0.016,1706.65,6
2022,ADK90,Canoe,oc2stock,1,6.5424444444444445,63.4,0,1706.93,2
2012,ADK90,Canoe,open,NA,6.543611111111111,67.4,0,1706.75,6
2012,ADK90,Canoe,oc2stockmixmaster,6,6.544444444444444,67.4,0,1706.75,2
2010,ADK90,Canoe,open,NA,6.544722222222222,52.8,0.043,1706.87,6
2013,ADK90,Canoe,open,NA,6.545277777777778,51.6,0,1706.88,6
2017,ADK90,Canoe,open,NA,6.546111111111111,51.1,0.484,1706.89,6
2022,ADK90,Canoe,oc4stockmix,7,6.546277777777777,63.4,0,1706.93,4
2008,ADK90,Canoe,oc2stockmaster,6,6.546388888888889,72.3,0,1706.81,2
2012,ADK90,Canoe,oc2am,6,6.548055555555556,67.4,0,1706.75,2
2013,ADK90,Canoe,oc2stockwomenmaster,2,6.548333333333333,51.6,0,1706.88,2
2022,ADK90,Canoe,oc2stockopen,3,6.549361111111112,63.4,0,1706.93,2
2010,ADK90,Canoe,oc2stockmaster,3,6.5505555555555555,52.8,0.043,1706.87,2
2010,ADK90,Canoe,oc2rec,1,6.550833333333333,52.8,0.043,1706.87,2
2011,ADK90,Canoe,oc2stockveteran,5,6.553333333333334,63.9,0,1706.86,2
2014,ADK90,Canoe,oc2stockmaster,3,6.553888888888889,69.5,0,1706.89,2
2023,ADK90,Canoe,oc4stockmix,12,6.554,66.9,0.15,1706.8,4
2024,ADK90,Canoe,oc3stocktourmix,1,6.5571111111111104,61.6,0,1706.82,3
2013,ADK90,Canoe,open,NA,6.557222222222222,51.6,0,1706.88,6
2025,ADK90,Canoe,oc4stock,4,6.557333333333334,58.7,0.37,1706.89,4
2015,ADK90,Canoe,oc4,4,6.557777777777778,63.9,0,1706.82,4
2024,ADK90,Canoe,oc2stockmixveteran,2,6.559027777777778,61.6,0,1706.82,2
2018,ADK90,Canoe,oc1am,1,6.559166666666667,61.9,0,1706.8,1
2018,ADK90,Kayak,k2,2,6.559722222222222,61.9,0,1706.8,2
2015,ADK90,Kayak,k1tourveteran,2,6.56,63.9,0,1706.82,1
2025,ADK90,Canoe,oc2stockmaster,3,6.562416666666667,58.7,0.37,1706.89,2
2023,ADK90,Canoe,oc2stock,6,6.562666666666666,66.9,0.15,1706.8,2
2013,ADK90,Canoe,open,NA,6.565277777777778,51.6,0,1706.88,6
2010,ADK90,Kayak,k2mix,2,6.566666666666666,52.8,0.043,1706.87,2
2023,ADK90,Canoe,oc2stockmix,3,6.568555555555555,66.9,0.15,1706.8,2
2017,ADK90,Canoe,open,NA,6.568611111111111,51.1,0.484,1706.89,6
2010,ADK90,Canoe,oc2stockmixmaster,5,6.569166666666667,52.8,0.043,1706.87,2
2012,ADK90,Canoe,oc4mix,12,6.5697222222222225,67.4,0,1706.75,4
2014,ADK90,Canoe,oc2stockmix,4,6.57,69.5,0,1706.89,2
2009,ADK90,Kayak,k2women,1,6.57,57.2,0.016,1706.65,2
2008,ADK90,Guideboat,g2,4,6.570833333333334,72.3,0,1706.81,2
2022,ADK90,Canoe,oc4stock,5,6.570888888888889,63.4,0,1706.93,4
2008,ADK90,Canoe,oc1am,2,6.571111111111111,72.3,0,1706.81,1
2024,ADK90,Canoe,oc2stockmix,1,6.5728888888888894,61.6,0,1706.82,2
2010,ADK90,Canoe,oc2stockmaster,4,6.573888888888889,52.8,0.043,1706.87,2
2019,ADK90,Canoe,oc2stock,2,6.574722222222222,58,0,1706.77,2
2012,ADK90,Canoe,oc2stock,6,6.575277777777778,67.4,0,1706.75,2
2015,ADK90,Canoe,oc2ammix,2,6.5761111111111115,63.9,0,1706.82,2
2024,ADK90,Canoe,oc4stockwomenmaster,2,6.57663888888889,61.6,0,1706.82,4
2018,ADK90,Canoe,oc4stockwomen,1,6.576944444444444,61.9,0,1706.8,4
2010,ADK90,Canoe,oc2stock,4,6.576944444444444,52.8,0.043,1706.87,2
2021,ADK90,Canoe,oc4stockmixmaster,4,6.577222222222222,55.4,0.055,1706.94,4
2016,ADK90,Canoe,open,NA,6.578333333333333,70.2,0.02,1706.83,6
2008,ADK90,Canoe,oc2stockveteran,4,6.578888888888889,72.3,0,1706.81,2
2011,ADK90,Canoe,oc2stockmaster,4,6.578888888888889,63.9,0,1706.86,2
2013,ADK90,Canoe,open,NA,6.580277777777778,51.6,0,1706.88,6
2025,ADK90,Kayak,k1sport,1,6.580611111111112,58.7,0.37,1706.89,1
2014,ADK90,Canoe,oc2stockwomen,1,6.5808333333333335,69.5,0,1706.89,2
2016,ADK90,Canoe,open,NA,6.581111111111111,70.2,0.02,1706.83,6
2012,ADK90,Canoe,oc2rec,2,6.581388888888889,67.4,0,1706.75,2
2018,ADK90,Canoe,open,NA,6.581944444444445,61.9,0,1706.8,6
2024,ADK90,Canoe,oc3stocktourmix,3,6.5841666666666665,61.6,0,1706.82,3
2022,ADK90,Canoe,oc4stockwomen,2,6.584305555555556,63.4,0,1706.93,4
2009,ADK90,Canoe,oc2ammaster,3,6.584722222222222,57.2,0.016,1706.65,2
2023,ADK90,Canoe,oc2stockveteran,1,6.584888888888888,66.9,0.15,1706.8,2
2025,ADK90,Canoe,oc2stockmix,4,6.585,58.7,0.37,1706.89,2
2012,ADK90,Canoe,oc2stockmixmaster,7,6.585277777777778,67.4,0,1706.75,2
2022,ADK90,Kayak,k2,2,6.586194444444445,63.4,0,1706.93,2
2024,ADK90,Canoe,oc1stockmaster,1,6.586444444444445,61.6,0,1706.82,1
2013,ADK90,Canoe,oc2stockwomenmaster,3,6.586666666666667,51.6,0,1706.88,2
2019,ADK90,Canoe,oc2stockmix,1,6.5872222222222225,58,0,1706.77,2
2012,ADK90,Canoe,open,NA,6.5875,67.4,0,1706.75,6
2017,ADK90,Canoe,oc2stockveteran,1,6.59,51.1,0.484,1706.89,2
2013,ADK90,Voyageur,voyageur,5,6.590277777777778,51.6,0,1706.88,6
2017,ADK90,Canoe,oc2stockmix,1,6.595555555555555,51.1,0.484,1706.89,2
2023,ADK90,Canoe,oc4stockgoldnc,2,6.596388888888889,66.9,0.15,1706.8,4
2014,ADK90,Canoe,oc1stockmaster,1,6.596388888888889,69.5,0,1706.89,1
2017,ADK90,Canoe,oc2stock,4,6.596666666666667,51.1,0.484,1706.89,2
2013,ADK90,Guideboat,g1,1,6.597222222222222,51.6,0,1706.88,1
2024,ADK90,Canoe,oc4stocktourmix,2,6.597444444444444,61.6,0,1706.82,4
2009,ADK90,Kayak,k1unlimted,3,6.598611111111111,57.2,0.016,1706.65,1
2014,ADK90,Canoe,oc2stockmix,5,6.598611111111111,69.5,0,1706.89,2
2011,ADK90,Canoe,oc2stockmaster,2,6.599166666666667,63.9,0,1706.86,2
2022,ADK90,Kayak,k1tourveteran,1,6.600027777777777,63.4,0,1706.93,1
2008,ADK90,Canoe,oc2stockwomen,1,6.600555555555555,72.3,0,1706.81,2
2025,ADK90,Kayak,k1open,2,6.601111111111111,58.7,0.37,1706.89,1
2024,ADK90,Canoe,oc2stockmaster,2,6.602194444444445,61.6,0,1706.82,2
2012,ADK90,Canoe,oc2stockmix,1,6.606111111111111,67.4,0,1706.75,2
2012,ADK90,Canoe,oc2stockmixmaster,8,6.6066666666666665,67.4,0,1706.75,2
2011,ADK90,Canoe,oc2stock,2,6.608888888888889,63.9,0,1706.86,2
2018,ADK90,Canoe,oc2ammix,1,6.609166666666667,61.9,0,1706.8,2
2014,ADK90,Canoe,open,NA,6.61,69.5,0,1706.89,6
2014,ADK90,Canoe,open,NA,6.61,69.5,0,1706.89,6
2013,ADK90,Canoe,open,NA,6.610277777777778,51.6,0,1706.88,6
2015,ADK90,Canoe,open,NA,6.610833333333333,63.9,0,1706.82,6
2009,ADK90,Canoe,oc4mix,9,6.611666666666666,57.2,0.016,1706.65,4
2013,ADK90,Canoe,open,NA,6.6125,51.6,0,1706.88,6
2014,ADK90,Canoe,oc2ammaster,2,6.614444444444445,69.5,0,1706.89,2
2011,ADK90,Canoe,open,NA,6.614722222222222,63.9,0,1706.86,6
2011,ADK90,Canoe,oc2stockveteran,4,6.615555555555556,63.9,0,1706.86,2
2011,ADK90,Canoe,oc2stockmixmaster,5,6.617222222222222,63.9,0,1706.86,2
2012,ADK90,Canoe,oc2stock,7,6.6194444444444445,67.4,0,1706.75,2
2016,ADK90,Canoe,oc2rec,1,6.619722222222222,70.2,0.02,1706.83,2
2009,ADK90,Kayak,k1unlimted,4,6.620555555555556,57.2,0.016,1706.65,1
2009,ADK90,Canoe,oc2rec,1,6.621111111111111,57.2,0.016,1706.65,2
2016,ADK90,Canoe,open,NA,6.621944444444445,70.2,0.02,1706.83,6
2010,ADK90,Canoe,open,NA,6.6225,52.8,0.043,1706.87,6
2008,ADK90,Canoe,oc2stockmaster,7,6.623333333333333,72.3,0,1706.81,2
2008,ADK90,Canoe,oc2stock,5,6.623611111111111,72.3,0,1706.81,2
2024,ADK90,Canoe,oc2stock,3,6.6243333333333325,61.6,0,1706.82,2
2013,ADK90,Canoe,oc2rec,1,6.624722222222222,51.6,0,1706.88,2
2016,ADK90,Canoe,open,NA,6.625555555555556,70.2,0.02,1706.83,6
2014,ADK90,Canoe,oc2stockmaster,4,6.6275,69.5,0,1706.89,2
2025,ADK90,Canoe,oc2stocknc,2,6.627722222222222,58.7,0.37,1706.89,2
2011,ADK90,Canoe,oc4mix,13,6.627777777777778,63.9,0,1706.86,4
2014,ADK90,Canoe,open,NA,6.628611111111111,69.5,0,1706.89,6
2013,ADK90,Canoe,open,NA,6.629722222222222,51.6,0,1706.88,6
2023,ADK90,Canoe,oc4stock,7,6.6299166666666665,66.9,0.15,1706.8,4
2008,ADK90,Canoe,oc2rec,1,6.6305555555555555,72.3,0,1706.81,2
2014,ADK90,Canoe,open,NA,6.632777777777778,69.5,0,1706.89,6
2013,ADK90,Canoe,open,NA,6.6338888888888885,51.6,0,1706.88,6
2019,ADK90,Canoe,oc2stockmaster,2,6.635277777777778,58,0,1706.77,2
2024,ADK90,Kayak,k1openmaster,2,6.635722222222221,61.6,0,1706.82,1
2011,ADK90,Kayak,k2women,1,6.636111111111111,63.9,0,1706.86,2
2016,ADK90,Canoe,oc2ammix,2,6.636388888888889,70.2,0.02,1706.83,2
2019,ADK90,Canoe,oc4stockmix,8,6.636666666666667,58,0,1706.77,4
2025,ADK90,Canoe,oc4stock,8,6.637194444444445,58.7,0.37,1706.89,4
2024,ADK90,Kayak,k2,3,6.638416666666666,61.6,0,1706.82,2
2023,ADK90,Kayak,k2mix,3,6.639333333333333,66.9,0.15,1706.8,2
2023,ADK90,Canoe,oc2stockmaster,4,6.639916666666667,66.9,0.15,1706.8,2
2015,ADK90,Kayak,k1unlimited,2,6.6402777777777775,63.9,0,1706.82,1
2023,ADK90,Canoe,oc4stock,6,6.640916666666667,66.9,0.15,1706.8,4
2017,ADK90,Canoe,oc4women,2,6.641111111111111,51.1,0.484,1706.89,4
2013,ADK90,Guideboat,g2,3,6.641111111111111,51.6,0,1706.88,2
2014,ADK90,Canoe,open,NA,6.641944444444444,69.5,0,1706.89,6
2025,ADK90,Canoe,oc2stock,6,6.64275,58.7,0.37,1706.89,2
2014,ADK90,Canoe,open,NA,6.642777777777778,69.5,0,1706.89,6
2008,ADK90,Canoe,oc4,6,6.643611111111111,72.3,0,1706.81,4
2010,ADK90,Canoe,oc2ammix,4,6.643611111111111,52.8,0.043,1706.87,2
2015,ADK90,Canoe,oc2stockmixmaster,4,6.645277777777777,63.9,0,1706.82,2
2025,ADK90,Canoe,oc2stocknc,1,6.6457500000000005,58.7,0.37,1706.89,2
2019,ADK90,Canoe,oc2stockmaster,1,6.646388888888889,58,0,1706.77,2
2013,ADK90,Canoe,oc4women,3,6.6466666666666665,51.6,0,1706.88,4
2016,ADK90,Canoe,open,NA,6.6475,70.2,0.02,1706.83,6
2022,ADK90,Kayak,k1tourveteran,2,6.648055555555556,63.4,0,1706.93,1
2023,ADK90,Canoe,oc2stockmaster,3,6.6482777777777775,66.9,0.15,1706.8,2
2012,ADK90,Canoe,oc4mix,13,6.648888888888889,67.4,0,1706.75,4
2013,ADK90,Canoe,oc2am,3,6.651944444444444,51.6,0,1706.88,2
2012,ADK90,Canoe,open,NA,6.652777777777778,67.4,0,1706.75,6
2011,ADK90,Guideboat,g2,1,6.653333333333333,63.9,0,1706.86,2
2013,ADK90,Canoe,open,NA,6.653611111111111,51.6,0,1706.88,6
2015,ADK90,Canoe,open,NA,6.653888888888889,63.9,0,1706.82,6
2022,ADK90,Kayak,k1unlimitedveteran,2,6.654166666666667,63.4,0,1706.93,1
2023,ADK90,Canoe,oc4stockgoldmixnc,1,6.654833333333333,66.9,0.15,1706.8,4
2015,ADK90,Canoe,oc2stockmix,1,6.655,63.9,0,1706.82,2
2023,ADK90,Canoe,oc2stockveteran,2,6.655027777777778,66.9,0.15,1706.8,2
2021,ADK90,Canoe,oc2stockmix,2,6.655277777777778,55.4,0.055,1706.94,2
2013,ADK90,Canoe,open,NA,6.6563888888888885,51.6,0,1706.88,6
2012,ADK90,Canoe,oc2am,4,6.656666666666666,67.4,0,1706.75,2
2015,ADK90,Canoe,open,NA,6.657222222222222,63.9,0,1706.82,6
2021,ADK90,Canoe,oc4stockmix,6,6.658333333333333,55.4,0.055,1706.94,4
2023,ADK90,Canoe,oc2stockgoldnc,2,6.659861111111111,66.9,0.15,1706.8,2
2012,ADK90,Canoe,oc4,6,6.661388888888889,67.4,0,1706.75,4
2011,ADK90,Canoe,open,NA,6.6627777777777775,63.9,0,1706.86,6
2019,ADK90,Canoe,oc2stock,4,6.6627777777777775,58,0,1706.77,2
2016,ADK90,Kayak,k1unlimited,2,6.663888888888889,70.2,0.02,1706.83,1
2017,ADK90,Canoe,open,NA,6.664166666666667,51.1,0.484,1706.89,6
2025,ADK90,Canoe,oc2stock,7,6.664666666666666,58.7,0.37,1706.89,2
2010,ADK90,Canoe,open,NA,6.668888888888889,52.8,0.043,1706.87,6
2008,ADK90,Canoe,oc1stock,3,6.6691666666666665,72.3,0,1706.81,1
2016,ADK90,Guideboat,g2,1,6.669722222222222,70.2,0.02,1706.83,2
2010,ADK90,Canoe,oc2stock,5,6.67,52.8,0.043,1706.87,2
2016,ADK90,Canoe,open,NA,6.67,70.2,0.02,1706.83,6
2014,ADK90,Canoe,oc2stock,7,6.670833333333333,69.5,0,1706.89,2
2013,ADK90,Canoe,oc2stockmaster,6,6.670833333333333,51.6,0,1706.88,2
2014,ADK90,Canoe,open,NA,6.671388888888889,69.5,0,1706.89,6
2009,ADK90,Canoe,oc2stockmaster,6,6.6725,57.2,0.016,1706.65,2
2008,ADK90,Canoe,oc2stockmaster,8,6.672777777777778,72.3,0,1706.81,2
2021,ADK90,Canoe,oc2stockmaster,3,6.673055555555556,55.4,0.055,1706.94,2
2018,ADK90,Kayak,k1tour,6,6.673611111111111,61.9,0,1706.8,1
2015,ADK90,Canoe,open,NA,6.673611111111111,63.9,0,1706.82,6
2024,ADK90,Canoe,oc4stockmaster,4,6.67375,61.6,0,1706.82,4
2025,ADK90,Canoe,oc4stock,7,6.674222222222222,58.7,0.37,1706.89,4
2017,ADK90,Canoe,oc2rec,1,6.674444444444444,51.1,0.484,1706.89,2
2016,ADK90,Canoe,open,NA,6.674722222222222,70.2,0.02,1706.83,6
2011,ADK90,Canoe,open,NA,6.6755555555555555,63.9,0,1706.86,6
2015,ADK90,Canoe,oc2stock,9,6.676111111111111,63.9,0,1706.82,2
2017,ADK90,Canoe,oc1recveteran,1,6.676388888888889,51.1,0.484,1706.89,1
2017,ADK90,Canoe,open,NA,6.676666666666667,51.1,0.484,1706.89,6
2011,ADK90,Canoe,oc2stockveteran,6,6.676666666666667,63.9,0,1706.86,2
2019,ADK90,Canoe,oc4stockmix,6,6.676666666666667,58,0,1706.77,4
2022,ADK90,Kayak,k1tourmaster,3,6.679194444444444,63.4,0,1706.93,1
2022,ADK90,Canoe,oc2stockmixmaster,3,6.679805555555555,63.4,0,1706.93,2
2024,ADK90,Canoe,oc2stockmix,2,6.681222222222223,61.6,0,1706.82,2
2012,ADK90,Canoe,oc2rec,4,6.681666666666667,67.4,0,1706.75,2
2022,ADK90,Kayak,k1unlimitedmaster,2,6.681722222222223,63.4,0,1706.93,1
2025,ADK90,Canoe,oc4stocknc,2,6.681861111111111,58.7,0.37,1706.89,4
2025,ADK90,Kayak,k1sportveteran,1,6.683083333333333,58.7,0.37,1706.89,1
2018,ADK90,Canoe,oc4stockmix,7,6.683888888888889,61.9,0,1706.8,4
2010,ADK90,Kayak,k2women,2,6.685277777777777,52.8,0.043,1706.87,2
2024,ADK90,Kayak,k2mixmaster,1,6.685361111111111,61.6,0,1706.82,2
2021,ADK90,Canoe,oc4stockmix,11,6.685833333333333,55.4,0.055,1706.94,4
2021,ADK90,Kayak,k1unlimited,2,6.686944444444444,55.4,0.055,1706.94,1
2016,ADK90,Kayak,k1tourmaster,4,6.686944444444444,70.2,0.02,1706.83,1
2013,ADK90,Canoe,oc1rec,3,6.688611111111111,51.6,0,1706.88,1
2018,ADK90,Canoe,open,NA,6.691666666666666,61.9,0,1706.8,6
2019,ADK90,Canoe,oc4stock,3,6.692777777777778,58,0,1706.77,4
2019,ADK90,Kayak,k1unlimited,4,6.693333333333333,58,0,1706.77,1
2025,ADK90,Canoe,oc4stockmix,11,6.693638888888889,58.7,0.37,1706.89,4
2013,ADK90,Guideboat,g2women,1,6.693888888888889,51.6,0,1706.88,2
2018,ADK90,Canoe,oc2rec,1,6.6947222222222225,61.9,0,1706.8,2
2009,ADK90,Canoe,open,NA,6.695,57.2,0.016,1706.65,6
2014,ADK90,Kayak,k1tourveteran,2,6.695,69.5,0,1706.89,1
2019,ADK90,Canoe,oc2stockwomen,1,6.696111111111111,58,0,1706.77,2
2023,ADK90,Canoe,oc4stockwomen,3,6.697472222222222,66.9,0.15,1706.8,4
2010,ADK90,Canoe,open,NA,6.6975,52.8,0.043,1706.87,6
2023,ADK90,Canoe,oc2stockmixmaster,6,6.698472222222223,66.9,0.15,1706.8,2
2023,ADK90,Kayak,k1veteran,2,6.699055555555555,66.9,0.15,1706.8,1
2012,ADK90,Canoe,open,NA,6.699166666666667,67.4,0,1706.75,6
2012,ADK90,Canoe,open,NA,6.699166666666667,67.4,0,1706.75,6
2023,ADK90,Canoe,oc2recgold,1,6.700166666666666,66.9,0.15,1706.8,2
2021,ADK90,Kayak,k1unlimited,3,6.700277777777778,55.4,0.055,1706.94,1
2012,ADK90,Canoe,oc1stock,2,6.701388888888889,67.4,0,1706.75,1
2017,ADK90,Canoe,open,NA,6.701666666666667,51.1,0.484,1706.89,6
2016,ADK90,Canoe,open,NA,6.702222222222222,70.2,0.02,1706.83,6
2008,ADK90,Canoe,oc2stockveteran,6,6.703333333333333,72.3,0,1706.81,2
2010,ADK90,Canoe,oc4,9,6.703611111111111,52.8,0.043,1706.87,4
2022,ADK90,Canoe,oc2stockmixveteran,2,6.703833333333333,63.4,0,1706.93,2
2013,ADK90,Canoe,open,NA,6.704166666666667,51.6,0,1706.88,6
2009,ADK90,Canoe,oc1stock,2,6.704166666666667,57.2,0.016,1706.65,1
2011,ADK90,Canoe,open,NA,6.704444444444444,63.9,0,1706.86,6
2015,ADK90,Guideboat,g1,1,6.705,63.9,0,1706.82,1
2012,ADK90,Canoe,oc2am,5,6.7058333333333335,67.4,0,1706.75,2
2021,ADK90,SUP,solorecveteran,1,6.706944444444445,55.4,0.055,1706.94,1
2012,ADK90,Canoe,open,NA,6.708611111111111,67.4,0,1706.75,6
2017,ADK90,Kayak,k1tour,2,6.708888888888889,51.1,0.484,1706.89,1
2023,ADK90,Canoe,oc2stock,7,6.709694444444445,66.9,0.15,1706.8,2
2025,ADK90,Canoe,oc4stock,9,6.71,58.7,0.37,1706.89,4
2024,ADK90,Canoe,oc2stockmixveteran,3,6.710805555555556,61.6,0,1706.82,2
2021,ADK90,Canoe,oc2stockmixveterans,2,6.711388888888889,55.4,0.055,1706.94,2
2015,ADK90,Canoe,open,NA,6.712777777777778,63.9,0,1706.82,6
2016,ADK90,Canoe,open,NA,6.713888888888889,70.2,0.02,1706.83,6
2025,ADK90,Canoe,oc1stock,1,6.714277777777778,58.7,0.37,1706.89,1
2022,ADK90,Canoe,oc2stockopen,5,6.715111111111112,63.4,0,1706.93,2
2008,ADK90,Canoe,oc1am,1,6.7155555555555555,72.3,0,1706.81,1
2015,ADK90,Canoe,oc2rec,2,6.7155555555555555,63.9,0,1706.82,2
2015,ADK90,Guideboat,g2,2,6.7155555555555555,63.9,0,1706.82,2
2021,ADK90,Kayak,k1tourveteran,2,6.717777777777778,55.4,0.055,1706.94,1
2010,ADK90,Canoe,oc4,10,6.717777777777778,52.8,0.043,1706.87,4
2015,ADK90,Kayak,k2,1,6.718333333333334,63.9,0,1706.82,2
2011,ADK90,Guideboat,g2,2,6.7188888888888885,63.9,0,1706.86,2
2016,ADK90,Canoe,open,NA,6.719444444444444,70.2,0.02,1706.83,6
2008,ADK90,Canoe,open,NA,6.720277777777778,72.3,0,1706.81,6
2018,ADK90,Canoe,open,NA,6.721388888888889,61.9,0,1706.8,6
2008,ADK90,Canoe,open,NA,6.7219444444444445,72.3,0,1706.81,6
2011,ADK90,Canoe,oc2rec,1,6.722222222222222,63.9,0,1706.86,2
2008,ADK90,Kayak,k1tour,4,6.722777777777778,72.3,0,1706.81,1
2008,ADK90,Canoe,oc4mix,10,6.723055555555556,72.3,0,1706.81,4
2016,ADK90,Canoe,open,NA,6.723611111111111,70.2,0.02,1706.83,6
2014,ADK90,Canoe,open,NA,6.723888888888889,69.5,0,1706.89,6
2017,ADK90,Canoe,open,NA,6.725833333333333,51.1,0.484,1706.89,6
2011,ADK90,Canoe,oc2stockmaster,5,6.726388888888889,63.9,0,1706.86,2
2015,ADK90,Canoe,open,NA,6.726944444444444,63.9,0,1706.82,6
2010,ADK90,Canoe,oc2stockmixveteran,1,6.727777777777778,52.8,0.043,1706.87,2
2011,ADK90,Canoe,open,NA,6.728611111111111,63.9,0,1706.86,6
2019,ADK90,Canoe,oc4stock,4,6.729166666666667,58,0,1706.77,4
2024,ADK90,Canoe,oc1stock,1,6.729861111111111,61.6,0,1706.82,1
2023,ADK90,Kayak,k1master,7,6.7305277777777786,66.9,0.15,1706.8,1
2014,ADK90,Canoe,oc2stockwomen,2,6.731111111111111,69.5,0,1706.89,2
2023,ADK90,Canoe,oc2stockgoldmixnc,1,6.731138888888888,66.9,0.15,1706.8,2
2024,ADK90,Canoe,oc3stocktourmix,2,6.731527777777778,61.6,0,1706.82,3
2017,ADK90,Canoe,oc2stockmix,2,6.731944444444444,51.1,0.484,1706.89,2
2015,ADK90,Canoe,oc2stock,6,6.7325,63.9,0,1706.82,2
2022,ADK90,Canoe,oc2stockopen,6,6.732861111111111,63.4,0,1706.93,2
2021,ADK90,Canoe,oc2stockmixveterans,3,6.733055555555556,55.4,0.055,1706.94,2
2014,ADK90,Voyageur,voyageur,4,6.733888888888889,69.5,0,1706.89,6
2018,ADK90,Canoe,open,NA,6.735,61.9,0,1706.8,6
2025,ADK90,Canoe,oc4open,5,6.736916666666667,58.7,0.37,1706.89,4
2025,ADK90,Canoe,oc2stocknc,3,6.7372499999999995,58.7,0.37,1706.89,2
2021,ADK90,Canoe,oc4stockmix,7,6.738888888888889,55.4,0.055,1706.94,4
2025,ADK90,Canoe,oc2stockmix,3,6.739472222222222,58.7,0.37,1706.89,2
2018,ADK90,Canoe,open,NA,6.739722222222222,61.9,0,1706.8,6
2014,ADK90,Canoe,open,NA,6.7411111111111115,69.5,0,1706.89,6
2015,ADK90,Canoe,oc4mix,11,6.7411111111111115,63.9,0,1706.82,4
2013,ADK90,Canoe,oc1stock,1,6.741666666666666,51.6,0,1706.88,1
2009,ADK90,Canoe,oc4,7,6.742222222222222,57.2,0.016,1706.65,4
2016,ADK90,Canoe,oc2stockwomen,1,6.743333333333333,70.2,0.02,1706.83,2
2012,ADK90,Canoe,oc4,7,6.744166666666667,67.4,0,1706.75,4
2011,ADK90,Canoe,oc2stockmixveteran,1,6.744166666666667,63.9,0,1706.86,2
2018,ADK90,Canoe,open,NA,6.744722222222222,61.9,0,1706.8,6
2015,ADK90,Canoe,oc2rec,1,6.746388888888889,63.9,0,1706.82,2
2021,ADK90,Canoe,oc4stockmix,8,6.746666666666667,55.4,0.055,1706.94,4
2022,ADK90,Canoe,oc4stockmix,9,6.747111111111111,63.4,0,1706.93,4
2023,ADK90,Canoe,oc2stockmixmaster,7,6.747416666666667,66.9,0.15,1706.8,2
2023,ADK90,Canoe,oc2stock,8,6.748888888888889,66.9,0.15,1706.8,2
2017,ADK90,Canoe,open,NA,6.7491666666666665,51.1,0.484,1706.89,6
2019,ADK90,Kayak,k2mix,1,6.75,58,0,1706.77,2
2018,ADK90,Canoe,open,NA,6.750555555555556,61.9,0,1706.8,6
2010,ADK90,Canoe,oc2stockmaster,5,6.751388888888889,52.8,0.043,1706.87,2
2013,ADK90,Canoe,oc2stockmix,2,6.751666666666667,51.6,0,1706.88,2
2008,ADK90,Canoe,open,NA,6.751944444444445,72.3,0,1706.81,6
2014,ADK90,Canoe,oc2stock,6,6.7525,69.5,0,1706.89,2
2021,ADK90,Canoe,oc4stockmaster,3,6.752777777777778,55.4,0.055,1706.94,4
2012,ADK90,Canoe,open,NA,6.755277777777778,67.4,0,1706.75,6
2009,ADK90,Canoe,oc1rec,2,6.7555555555555555,57.2,0.016,1706.65,1
2014,ADK90,Canoe,open,NA,6.755833333333333,69.5,0,1706.89,6
2022,ADK90,Canoe,oc4stock,6,6.755972222222222,63.4,0,1706.93,4
2014,ADK90,Canoe,oc2ammaster,3,6.7572222222222225,69.5,0,1706.89,2
2017,ADK90,Canoe,open,NA,6.758055555555556,51.1,0.484,1706.89,6
2021,ADK90,Canoe,oc4stockwomenmaster,3,6.758611111111111,55.4,0.055,1706.94,4
2011,ADK90,Canoe,oc2stockveteran,7,6.760555555555555,63.9,0,1706.86,2
2009,ADK90,Canoe,oc4mix,8,6.760833333333333,57.2,0.016,1706.65,4
2014,ADK90,Canoe,oc2stockmaster,5,6.761388888888889,69.5,0,1706.89,2
2023,ADK90,Canoe,oc2stock,10,6.762083333333333,66.9,0.15,1706.8,2
2023,ADK90,Kayak,k2mix,1,6.7629166666666665,66.9,0.15,1706.8,2
2010,ADK90,Canoe,open,NA,6.764166666666667,52.8,0.043,1706.87,6
2017,ADK90,Canoe,oc2stockwomen,1,6.764444444444444,51.1,0.484,1706.89,2
2008,ADK90,Canoe,oc4mix,11,6.766944444444444,72.3,0,1706.81,4
2015,ADK90,Canoe,open,NA,6.767222222222222,63.9,0,1706.82,6
2025,ADK90,Canoe,oc4stocktour,1,6.767305555555556,58.7,0.37,1706.89,4
2018,ADK90,Canoe,open,NA,6.768611111111111,61.9,0,1706.8,6
2023,ADK90,Canoe,oc1stock,1,6.769861111111111,66.9,0.15,1706.8,1
2016,ADK90,Canoe,open,NA,6.771388888888889,70.2,0.02,1706.83,6
2017,ADK90,Canoe,open,NA,6.7725,51.1,0.484,1706.89,6
2023,ADK90,Canoe,oc2stockmixnc,1,6.772833333333334,66.9,0.15,1706.8,2
2024,ADK90,Canoe,oc2stockmixmaster,2,6.77288888888889,61.6,0,1706.82,2
2018,ADK90,Canoe,oc2rec,2,6.773888888888889,61.9,0,1706.8,2
2018,ADK90,Canoe,oc2stockmaster,4,6.775833333333333,61.9,0,1706.8,2
2023,ADK90,Kayak,k2mix,2,6.776111111111111,66.9,0.15,1706.8,2
2018,ADK90,Canoe,oc4stockmix,8,6.776944444444444,61.9,0,1706.8,4
2012,ADK90,Canoe,oc2amwomen,2,6.778888888888889,67.4,0,1706.75,2
2024,ADK90,Canoe,oc2stock,4,6.779833333333333,61.6,0,1706.82,2
2019,ADK90,Canoe,oc2stockmix,2,6.78,58,0,1706.77,2
2021,ADK90,Canoe,oc2stock,3,6.780833333333334,55.4,0.055,1706.94,2
2013,ADK90,Canoe,open,NA,6.780833333333334,51.6,0,1706.88,6
2016,ADK90,Canoe,oc2stockveteran,2,6.780833333333334,70.2,0.02,1706.83,2
2023,ADK90,Canoe,oc3stockmix,1,6.780888888888889,66.9,0.15,1706.8,3
2014,ADK90,Canoe,oc2rec,1,6.7811111111111115,69.5,0,1706.89,2
2017,ADK90,Kayak,k1unlimited,1,6.7813888888888885,51.1,0.484,1706.89,1
2015,ADK90,Canoe,open,NA,6.7825,63.9,0,1706.82,6
2017,ADK90,Canoe,oc2stock,7,6.782777777777778,51.1,0.484,1706.89,2
2013,ADK90,Canoe,oc2stock,6,6.783888888888889,51.6,0,1706.88,2
2018,ADK90,Canoe,open,NA,6.784166666666667,61.9,0,1706.8,6
2013,ADK90,Voyageur,voyageur,6,6.7844444444444445,51.6,0,1706.88,6
2015,ADK90,Canoe,oc4,5,6.7844444444444445,63.9,0,1706.82,4
2010,ADK90,Guideboat,g2,2,6.785555555555556,52.8,0.043,1706.87,2
2017,ADK90,Canoe,oc1stockmaster,1,6.785555555555556,51.1,0.484,1706.89,1
2010,ADK90,Canoe,oc2stock,7,6.786111111111111,52.8,0.043,1706.87,2
2008,ADK90,Kayak,k1women,5,6.791111111111111,72.3,0,1706.81,1
2010,ADK90,Canoe,oc2stockmixmaster,6,6.791944444444445,52.8,0.043,1706.87,2
2024,ADK90,Canoe,oc4stockwomenmaster,3,6.793777777777778,61.6,0,1706.82,4
2025,ADK90,Kayak,k2tournc,1,6.794361111111112,58.7,0.37,1706.89,2
2017,ADK90,Canoe,open,NA,6.795,51.1,0.484,1706.89,6
2021,ADK90,SUP,solorecmaster,1,6.795833333333333,55.4,0.055,1706.94,1
2015,ADK90,Canoe,open,NA,6.796388888888889,63.9,0,1706.82,6
2015,ADK90,Canoe,oc2ammix,3,6.796666666666667,63.9,0,1706.82,2
2008,ADK90,Kayak,k1tour,5,6.798333333333333,72.3,0,1706.81,1
2018,ADK90,Kayak,k1tour,7,6.7988888888888885,61.9,0,1706.8,1
2021,ADK90,Canoe,oc4stock,5,6.799444444444444,55.4,0.055,1706.94,4
2016,ADK90,Canoe,oc2rec,2,6.799722222222222,70.2,0.02,1706.83,2
2013,ADK90,Canoe,oc2stockmix,3,6.799722222222222,51.6,0,1706.88,2
2024,ADK90,Canoe,oc2stockmixmaster,1,6.799861111111111,61.6,0,1706.82,2
2012,ADK90,Canoe,oc1stock,3,6.8,67.4,0,1706.75,1
2016,ADK90,Canoe,open,NA,6.8,70.2,0.02,1706.83,6
2017,ADK90,Canoe,oc2rec,2,6.800833333333333,51.1,0.484,1706.89,2
2021,ADK90,Canoe,oc2stockmixmaster,2,6.801944444444445,55.4,0.055,1706.94,2
2012,ADK90,Guideboat,g2,4,6.802222222222222,67.4,0,1706.75,2
2010,ADK90,Canoe,open,NA,6.803333333333334,52.8,0.043,1706.87,6
2025,ADK90,Kayak,k2mixmaster,1,6.803694444444444,58.7,0.37,1706.89,2
2018,ADK90,Canoe,oc2ammix,2,6.804166666666666,61.9,0,1706.8,2
2008,ADK90,Canoe,open,NA,6.805,72.3,0,1706.81,6
2008,ADK90,Canoe,oc2ammixmaster,6,6.807777777777778,72.3,0,1706.81,2
2013,ADK90,Canoe,open,NA,6.808333333333334,51.6,0,1706.88,6
2012,ADK90,Canoe,oc2stock,8,6.808888888888889,67.4,0,1706.75,2
2010,ADK90,Canoe,open,NA,6.809166666666667,52.8,0.043,1706.87,6
2021,ADK90,Canoe,oc4stockmix,9,6.810555555555555,55.4,0.055,1706.94,4
2025,ADK90,Canoe,oc2stockmixveteran,4,6.811416666666666,58.7,0.37,1706.89,2
2015,ADK90,Canoe,oc2stockwomen,1,6.812222222222222,63.9,0,1706.82,2
2021,ADK90,Canoe,oc4stockmix,10,6.813611111111111,55.4,0.055,1706.94,4
2012,ADK90,Canoe,open,NA,6.813611111111111,67.4,0,1706.75,6
2017,ADK90,Canoe,open,NA,6.815,51.1,0.484,1706.89,6
2016,ADK90,Voyageur,voyageur,5,6.817222222222222,70.2,0.02,1706.83,6
2017,ADK90,Canoe,open,NA,6.818333333333333,51.1,0.484,1706.89,6
2023,ADK90,Canoe,oc2recmix,1,6.818972222222222,66.9,0.15,1706.8,2
2009,ADK90,Kayak,k1tourveteran,3,6.819444444444445,57.2,0.016,1706.65,1
2011,ADK90,Canoe,oc4mix,14,6.820555555555556,63.9,0,1706.86,4
2015,ADK90,Canoe,open,NA,6.821666666666666,63.9,0,1706.82,6
2013,ADK90,Kayak,k1tourwomen,1,6.8225,51.6,0,1706.88,1
2025,ADK90,Kayak,k1sportmaster,4,6.824388888888889,58.7,0.37,1706.89,1
2009,ADK90,Canoe,oc2stock,5,6.824722222222222,57.2,0.016,1706.65,2
2018,ADK90,Canoe,open,NA,6.825,61.9,0,1706.8,6
2008,ADK90,Canoe,oc2stockmixmaster,4,6.825277777777778,72.3,0,1706.81,2
2019,ADK90,Canoe,oc4stockmix,7,6.825277777777778,58,0,1706.77,4
2008,ADK90,Kayak,k1women,7,6.826388888888889,72.3,0,1706.81,1
2013,ADK90,Canoe,oc2rec,2,6.826944444444444,51.6,0,1706.88,2
2012,ADK90,Guideboat,g1,1,6.8277777777777775,67.4,0,1706.75,1
2016,ADK90,Canoe,oc2am,3,6.828333333333333,70.2,0.02,1706.83,2
2023,ADK90,Canoe,oc4stockmix,13,6.828722222222223,66.9,0.15,1706.8,4
2015,ADK90,Canoe,open,NA,6.828888888888889,63.9,0,1706.82,6
2025,ADK90,Canoe,oc4stock,12,6.828944444444445,58.7,0.37,1706.89,4
2023,ADK90,Canoe,oc2stockgoldmixnc,2,6.829083333333333,66.9,0.15,1706.8,2
2017,ADK90,Canoe,oc2stocksuperveteran,1,6.829722222222222,51.1,0.484,1706.89,2
2014,ADK90,Guideboat,g2mix,1,6.830555555555556,69.5,0,1706.89,2
2011,ADK90,Canoe,oc2stock,3,6.830555555555556,63.9,0,1706.86,2
2015,ADK90,Canoe,oc1stock,1,6.831388888888889,63.9,0,1706.82,1
2023,ADK90,Canoe,oc1stockmaster,2,6.831583333333334,66.9,0.15,1706.8,1
2011,ADK90,Canoe,oc2stock,4,6.831666666666667,63.9,0,1706.86,2
2016,ADK90,Canoe,open,NA,6.835,70.2,0.02,1706.83,6
2017,ADK90,Canoe,oc2stockmixmaster,2,6.835,51.1,0.484,1706.89,2
2013,ADK90,Kayak,k2women,1,6.8372222222222225,51.6,0,1706.88,2
2022,ADK90,Canoe,oc4stockmix,10,6.8372222222222225,63.4,0,1706.93,4
2011,ADK90,Canoe,oc2am,5,6.838055555555556,63.9,0,1706.86,2
2012,ADK90,Canoe,oc4mix,16,6.838333333333333,67.4,0,1706.75,4
2012,ADK90,Kayak,k2women,2,6.839444444444444,67.4,0,1706.75,2
2018,ADK90,Canoe,open,NA,6.839722222222222,61.9,0,1706.8,6
2014,ADK90,Canoe,open,NA,6.841111111111111,69.5,0,1706.89,6
2025,ADK90,Canoe,oc1stock,3,6.842694444444445,58.7,0.37,1706.89,1
2024,ADK90,Canoe,oc4stocknc,1,6.843972222222222,61.6,0,1706.82,4
2010,ADK90,Canoe,oc2stockmixveteran,2,6.8469444444444445,52.8,0.043,1706.87,2
2019,ADK90,Canoe,oc2stockmix,3,6.847222222222222,58,0,1706.77,2
2008,ADK90,Canoe,oc2stock,6,6.847222222222222,72.3,0,1706.81,2
2010,ADK90,Canoe,oc4mix,10,6.8475,52.8,0.043,1706.87,4
2015,ADK90,Canoe,oc4,6,6.847777777777778,63.9,0,1706.82,4
2010,ADK90,Canoe,open,NA,6.848055555555556,52.8,0.043,1706.87,6
2017,ADK90,Canoe,oc2stock,6,6.848055555555556,51.1,0.484,1706.89,2
2011,ADK90,Canoe,oc4women,1,6.848888888888889,63.9,0,1706.86,4
2016,ADK90,Canoe,oc1stock,1,6.851388888888889,70.2,0.02,1706.83,1
2025,ADK90,Canoe,oc2stock,9,6.851472222222222,58.7,0.37,1706.89,2
2014,ADK90,Canoe,open,NA,6.851666666666667,69.5,0,1706.89,6
2008,ADK90,Kayak,k1tour,6,6.851666666666667,72.3,0,1706.81,1
2022,ADK90,Canoe,oc2stockopen,8,6.852222222222222,63.4,0,1706.93,2
2025,ADK90,Canoe,oc4stock,10,6.853277777777778,58.7,0.37,1706.89,4
2014,ADK90,Canoe,oc1rec,4,6.853888888888889,69.5,0,1706.89,1
2017,ADK90,Canoe,open,NA,6.853888888888889,51.1,0.484,1706.89,6
2011,ADK90,Canoe,open,NA,6.855277777777777,63.9,0,1706.86,6
2010,ADK90,Canoe,oc2stockmixveteran,3,6.856388888888889,52.8,0.043,1706.87,2
2011,ADK90,Canoe,oc2rec,2,6.856388888888889,63.9,0,1706.86,2
2017,ADK90,Guideboat,g1,2,6.8575,51.1,0.484,1706.89,1
2008,ADK90,Canoe,oc2family,2,6.858055555555556,72.3,0,1706.81,2
2022,ADK90,Canoe,oc4stock,7,6.859805555555555,63.4,0,1706.93,4
2025,ADK90,Canoe,oc2stockmix,5,6.860333333333333,58.7,0.37,1706.89,2
2017,ADK90,Canoe,open,NA,6.860555555555556,51.1,0.484,1706.89,6
2015,ADK90,Voyageur,voyageur,7,6.860555555555556,63.9,0,1706.82,6
2013,ADK90,Canoe,oc2stockmixmaster,3,6.860833333333333,51.6,0,1706.88,2
2024,ADK90,Canoe,oc2stockmixmaster,4,6.861,61.6,0,1706.82,2
2017,ADK90,Canoe,open,NA,6.862777777777778,51.1,0.484,1706.89,6
2011,ADK90,Canoe,oc2stock,5,6.863611111111111,63.9,0,1706.86,2
2008,ADK90,Canoe,oc2rec,2,6.864166666666667,72.3,0,1706.81,2
2011,ADK90,Canoe,oc2amwomen,1,6.864722222222222,63.9,0,1706.86,2
2022,ADK90,Guideboat,g1,1,6.864805555555555,63.4,0,1706.93,1
2024,ADK90,Canoe,oc4stockmix,13,6.864805555555555,61.6,0,1706.82,4
2025,ADK90,Canoe,oc2stockmix,6,6.864916666666667,58.7,0.37,1706.89,2
2010,ADK90,Canoe,oc2stockmix,2,6.865,52.8,0.043,1706.87,2
2008,ADK90,Canoe,open,NA,6.865277777777778,72.3,0,1706.81,6
2025,ADK90,Canoe,oc2openmix,1,6.865888888888889,58.7,0.37,1706.89,2
2012,ADK90,Canoe,oc4mix,14,6.8661111111111115,67.4,0,1706.75,4
2023,ADK90,Canoe,oc2stockveteran,3,6.866888888888889,66.9,0.15,1706.8,2
2024,ADK90,Canoe,oc2stockmixveteran,4,6.867666666666667,61.6,0,1706.82,2
2021,ADK90,Canoe,oc1veteran,1,6.868333333333333,55.4,0.055,1706.94,1
2019,ADK90,Canoe,oc2stock,3,6.868888888888889,58,0,1706.77,2
2025,ADK90,Canoe,oc2stock,10,6.869333333333333,58.7,0.37,1706.89,2
2013,ADK90,Canoe,open,NA,6.870555555555556,51.6,0,1706.88,6
2017,ADK90,Canoe,open,NA,6.871111111111111,51.1,0.484,1706.89,6
2022,ADK90,Canoe,oc1stockmaster,2,6.872777777777777,63.4,0,1706.93,1
2008,ADK90,Kayak,k1women,6,6.8741666666666665,72.3,0,1706.81,1
2017,ADK90,Kayak,k1tour,3,6.876111111111111,51.1,0.484,1706.89,1
2010,ADK90,Canoe,oc2stock,6,6.876666666666667,52.8,0.043,1706.87,2
2021,ADK90,Canoe,oc4stock,6,6.876666666666667,55.4,0.055,1706.94,4
2012,ADK90,Canoe,open,NA,6.877777777777778,67.4,0,1706.75,6
2024,ADK90,Canoe,oc4stockmaster,5,6.8780277777777785,61.6,0,1706.82,4
2022,ADK90,Canoe,oc2stockveteran,1,6.878444444444445,63.4,0,1706.93,2
2023,ADK90,Canoe,oc4stock,12,6.878611111111111,66.9,0.15,1706.8,4
2022,ADK90,Canoe,oc2stockopen,4,6.879555555555556,63.4,0,1706.93,2
2014,ADK90,Canoe,open,NA,6.88,69.5,0,1706.89,6
2022,ADK90,Canoe,oc2stockveteran,2,6.880166666666666,63.4,0,1706.93,2
2014,ADK90,Canoe,oc2stockmix,6,6.8805555555555555,69.5,0,1706.89,2
2023,ADK90,Canoe,oc4stock,9,6.8830833333333326,66.9,0.15,1706.8,4
2012,ADK90,Canoe,open,NA,6.885277777777778,67.4,0,1706.75,6
2022,ADK90,Canoe,oc2stockmastertour,1,6.886722222222223,63.4,0,1706.93,2
2024,ADK90,Canoe,oc2stockmix,3,6.887388888888888,61.6,0,1706.82,2
2016,ADK90,Canoe,open,NA,6.887777777777778,70.2,0.02,1706.83,6
2011,ADK90,Canoe,oc2stockmixmaster,6,6.892777777777778,63.9,0,1706.86,2
2015,ADK90,Canoe,oc2rec,3,6.893055555555556,63.9,0,1706.82,2
2017,ADK90,Canoe,open,NA,6.894722222222223,51.1,0.484,1706.89,6
2017,ADK90,Canoe,open,NA,6.894722222222223,51.1,0.484,1706.89,6
2009,ADK90,Kayak,k2women,2,6.8975,57.2,0.016,1706.65,2
2014,ADK90,Canoe,open,NA,6.8975,69.5,0,1706.89,6
2023,ADK90,Canoe,oc3stockmixnc,1,6.898138888888889,66.9,0.15,1706.8,3
2012,ADK90,Canoe,open,NA,6.898333333333333,67.4,0,1706.75,6
2017,ADK90,Guideboat,g2,1,6.898333333333333,51.1,0.484,1706.89,2
2021,ADK90,Canoe,oc2womenmaster,1,6.898888888888889,55.4,0.055,1706.94,2
2012,ADK90,Canoe,oc2rec,3,6.899166666666667,67.4,0,1706.75,2
2009,ADK90,Canoe,open,NA,6.900277777777778,57.2,0.016,1706.65,6
2009,ADK90,Kayak,k1tourmaster,2,6.900277777777778,57.2,0.016,1706.65,1
2025,ADK90,Canoe,oc2stockmaster,4,6.901055555555556,58.7,0.37,1706.89,2
2015,ADK90,Kayak,k1tourmaster,4,6.901111111111111,63.9,0,1706.82,1
2011,ADK90,Canoe,oc1rec,3,6.901111111111111,63.9,0,1706.86,1
2023,ADK90,Guideboat,g2,1,6.901222222222223,66.9,0.15,1706.8,2
2016,ADK90,Canoe,open,NA,6.901388888888889,70.2,0.02,1706.83,6
2008,ADK90,Canoe,oc1am,3,6.903611111111111,72.3,0,1706.81,1
2008,ADK90,Voyageur,voyageur,7,6.904166666666667,72.3,0,1706.81,6
2021,ADK90,Canoe,oc4stockmix,12,6.904444444444445,55.4,0.055,1706.94,4
2009,ADK90,Canoe,oc4mix,10,6.904722222222222,57.2,0.016,1706.65,4
2012,ADK90,Canoe,open,NA,6.905833333333334,67.4,0,1706.75,6
2012,ADK90,Canoe,oc2stock,9,6.905833333333334,67.4,0,1706.75,2
2014,ADK90,Canoe,oc4open,5,6.908055555555555,69.5,0,1706.89,4
2015,ADK90,Canoe,oc2stockmaster,4,6.908611111111111,63.9,0,1706.82,2
2018,ADK90,Canoe,oc1recwomen,1,6.908888888888889,61.9,0,1706.8,1
2019,ADK90,Canoe,oc4stockmix,9,6.909166666666667,58,0,1706.77,4
2009,ADK90,Canoe,oc2ammix,4,6.9094444444444445,57.2,0.016,1706.65,2
2013,ADK90,Canoe,oc2stockmaster,7,6.9094444444444445,51.6,0,1706.88,2
2024,ADK90,Canoe,oc2stockmaster,3,6.909944444444444,61.6,0,1706.82,2
2017,ADK90,Canoe,oc1recmaster,2,6.911944444444444,51.1,0.484,1706.89,1
2012,ADK90,Kayak,k1tour,3,6.913333333333333,67.4,0,1706.75,1
2008,ADK90,Canoe,oc2stockwomen,2,6.913888888888889,72.3,0,1706.81,2
2025,ADK90,Canoe,oc2stockmixveteran,5,6.913944444444445,58.7,0.37,1706.89,2
2015,ADK90,Canoe,open,NA,6.914444444444444,63.9,0,1706.82,6
2011,ADK90,Canoe,oc4mix,15,6.914444444444444,63.9,0,1706.86,4
2024,ADK90,Canoe,oc2stocknc,1,6.915166666666666,61.6,0,1706.82,2
2008,ADK90,Guideboat,g2,5,6.916111111111111,72.3,0,1706.81,2
2025,ADK90,Canoe,oc4stock,11,6.916166666666667,58.7,0.37,1706.89,4
2012,ADK90,Canoe,open,NA,6.916388888888889,67.4,0,1706.75,6
2008,ADK90,Canoe,oc2am,4,6.916388888888889,72.3,0,1706.81,2
2015,ADK90,Canoe,open,NA,6.9175,63.9,0,1706.82,6
2017,ADK90,Canoe,open,NA,6.917777777777777,51.1,0.484,1706.89,6
2018,ADK90,Canoe,oc2amwomen,1,6.918333333333333,61.9,0,1706.8,2
2014,ADK90,Canoe,oc4women,2,6.918611111111111,69.5,0,1706.89,4
2010,ADK90,Canoe,oc1rec,6,6.919722222222222,52.8,0.043,1706.87,1
2015,ADK90,Canoe,open,NA,6.920277777777778,63.9,0,1706.82,6
2022,ADK90,Canoe,oc4stock,8,6.92038888888889,63.4,0,1706.93,4
2011,ADK90,Voyageur,voyageur,5,6.921388888888889,63.9,0,1706.86,6
2014,ADK90,Canoe,oc2rec,2,6.921666666666667,69.5,0,1706.89,2
2016,ADK90,Canoe,oc2stockmixveteran,2,6.921666666666667,70.2,0.02,1706.83,2
2018,ADK90,Canoe,oc2stock,3,6.9222222222222225,61.9,0,1706.8,2
2022,ADK90,Canoe,oc2,1,6.922944444444444,63.4,0,1706.93,2
2014,ADK90,Canoe,open,NA,6.923055555555556,69.5,0,1706.89,6
2009,ADK90,Kayak,k1unlimted,6,6.924444444444444,57.2,0.016,1706.65,1
2018,ADK90,Canoe,open,NA,6.925833333333333,61.9,0,1706.8,6
2011,ADK90,Canoe,oc2stockmix,2,6.926111111111111,63.9,0,1706.86,2
2008,ADK90,Canoe,open,NA,6.927222222222222,72.3,0,1706.81,6
2016,ADK90,Canoe,oc2rec,3,6.928055555555556,70.2,0.02,1706.83,2
2010,ADK90,Canoe,open,NA,6.928055555555556,52.8,0.043,1706.87,6
2011,ADK90,Canoe,oc2stock,6,6.928333333333334,63.9,0,1706.86,2
2025,ADK90,Guideboat,g1,1,6.928833333333333,58.7,0.37,1706.89,1
2008,ADK90,Canoe,oc2stock,9,6.929166666666666,72.3,0,1706.81,2
2010,ADK90,Canoe,open,NA,6.929722222222222,52.8,0.043,1706.87,6
2021,ADK90,Canoe,oc4stockmix,13,6.9302777777777775,55.4,0.055,1706.94,4
2009,ADK90,Canoe,open,NA,6.930555555555555,57.2,0.016,1706.65,6
2019,ADK90,Canoe,oc2ammix,1,6.932222222222222,58,0,1706.77,2
2015,ADK90,Canoe,oc4women,3,6.933055555555556,63.9,0,1706.82,4
2009,ADK90,Guideboat,g2,1,6.935277777777777,57.2,0.016,1706.65,2
2014,ADK90,Canoe,open,NA,6.935833333333333,69.5,0,1706.89,6
2014,ADK90,Canoe,oc2stockmaster,6,6.9366666666666665,69.5,0,1706.89,2
2021,ADK90,Canoe,oc2stock,4,6.9375,55.4,0.055,1706.94,2
2012,ADK90,Guideboat,g1,2,6.938888888888889,67.4,0,1706.75,1
2015,ADK90,Voyageur,voyageur,6,6.939722222222223,63.9,0,1706.82,6
2008,ADK90,Canoe,oc2am,6,6.939722222222223,72.3,0,1706.81,2
2013,ADK90,Canoe,oc2stockwomen,1,6.939722222222223,51.6,0,1706.88,2
2017,ADK90,Canoe,oc2stockmixmaster,3,6.940555555555555,51.1,0.484,1706.89,2
2025,ADK90,Canoe,oc2stock,8,6.940777777777778,58.7,0.37,1706.89,2
2025,ADK90,Canoe,oc4stockmix,10,6.941,58.7,0.37,1706.89,4
2012,ADK90,Canoe,oc2stockmix,2,6.941111111111111,67.4,0,1706.75,2
2017,ADK90,Canoe,oc1recmaster,3,6.942222222222222,51.1,0.484,1706.89,1
2013,ADK90,Guideboat,g2women,2,6.9425,51.6,0,1706.88,2
2015,ADK90,Canoe,oc2family,1,6.943611111111111,63.9,0,1706.82,2
2023,ADK90,Canoe,oc4stockgoldnc,3,6.9439166666666665,66.9,0.15,1706.8,4
2022,ADK90,Canoe,oc2stockmaster,3,6.944000000000001,63.4,0,1706.93,2
2021,ADK90,Canoe,oc2stockmaster,4,6.9447222222222225,55.4,0.055,1706.94,2
2009,ADK90,Voyageur,voyageur,6,6.945833333333334,57.2,0.016,1706.65,6
2022,ADK90,Canoe,oc2stockmastertour,3,6.946111111111111,63.4,0,1706.93,2
2021,ADK90,Kayak,k1tourmaster,2,6.946111111111111,55.4,0.055,1706.94,1
2025,ADK90,Canoe,oc4stockmix,12,6.94975,58.7,0.37,1706.89,4
2017,ADK90,Canoe,open,NA,6.951388888888889,51.1,0.484,1706.89,6
2022,ADK90,Canoe,oc2rec,1,6.951583333333334,63.4,0,1706.93,2
2022,ADK90,Canoe,oc2stockopen,7,6.952638888888889,63.4,0,1706.93,2
2024,ADK90,Canoe,oc1stockveteran,1,6.952694444444445,61.6,0,1706.82,1
2014,ADK90,Canoe,oc1rec,7,6.9527777777777775,69.5,0,1706.89,1
2014,ADK90,Canoe,oc2amwomen,1,6.953055555555555,69.5,0,1706.89,2
2009,ADK90,Canoe,oc2stockmixmaster,4,6.954444444444444,57.2,0.016,1706.65,2
2014,ADK90,Kayak,k1tour,2,6.955555555555556,69.5,0,1706.89,1
2019,ADK90,Canoe,oc1rec,2,6.956944444444445,58,0,1706.77,1
2014,ADK90,Canoe,oc2ammix,2,6.9575,69.5,0,1706.89,2
2018,ADK90,Canoe,open,NA,6.958333333333333,61.9,0,1706.8,6
2016,ADK90,Canoe,open,NA,6.959444444444444,70.2,0.02,1706.83,6
2017,ADK90,Canoe,open,NA,6.959444444444444,51.1,0.484,1706.89,6
2009,ADK90,Canoe,open,NA,6.96,57.2,0.016,1706.65,6
2022,ADK90,Canoe,oc2stockmastertour,2,6.960138888888889,63.4,0,1706.93,2
2011,ADK90,Canoe,open,NA,6.961666666666667,63.9,0,1706.86,6
2017,ADK90,Canoe,open,NA,6.963333333333333,51.1,0.484,1706.89,6
2022,ADK90,Canoe,oc2stockmix,2,6.963777777777778,63.4,0,1706.93,2
2010,ADK90,Canoe,oc4mix,11,6.966111111111111,52.8,0.043,1706.87,4
2014,ADK90,Canoe,open,NA,6.966111111111111,69.5,0,1706.89,6
2022,ADK90,Canoe,oc4stockmix,12,6.966805555555555,63.4,0,1706.93,4
2009,ADK90,Canoe,oc2stockmixmaster,5,6.967222222222222,57.2,0.016,1706.65,2
2025,ADK90,Canoe,oc4stockwomen,2,6.969861111111111,58.7,0.37,1706.89,4
2009,ADK90,Canoe,oc2stockmixmaster,6,6.970555555555555,57.2,0.016,1706.65,2
2018,ADK90,Canoe,open,NA,6.970555555555555,61.9,0,1706.8,6
2008,ADK90,Canoe,oc1am,4,6.970555555555555,72.3,0,1706.81,1
2025,ADK90,Canoe,oc1stock,2,6.97075,58.7,0.37,1706.89,1
2024,ADK90,Canoe,oc2stock,5,6.97125,61.6,0,1706.82,2
2012,ADK90,Canoe,open,NA,6.973055555555556,67.4,0,1706.75,6
2016,ADK90,Canoe,open,NA,6.973055555555556,70.2,0.02,1706.83,6
2018,ADK90,Canoe,open,NA,6.973611111111111,61.9,0,1706.8,6
2023,ADK90,Canoe,oc4stock,10,6.976083333333333,66.9,0.15,1706.8,4
2016,ADK90,Canoe,open,NA,6.977222222222222,70.2,0.02,1706.83,6
2016,ADK90,Guideboat,g1,2,6.9783333333333335,70.2,0.02,1706.83,1
2015,ADK90,Canoe,open,NA,6.978611111111111,63.9,0,1706.82,6
2011,ADK90,Canoe,oc2stockmaster,6,6.978888888888889,63.9,0,1706.86,2
2009,ADK90,Canoe,open,NA,6.980277777777777,57.2,0.016,1706.65,6
2025,ADK90,Canoe,oc2openmix,2,6.981277777777778,58.7,0.37,1706.89,2
2017,ADK90,Canoe,oc2stockveteran,2,6.981944444444444,51.1,0.484,1706.89,2
2018,ADK90,Canoe,oc2stockmixmaster,3,6.982222222222222,61.9,0,1706.8,2
2014,ADK90,Canoe,open,NA,6.985,69.5,0,1706.89,6
2017,ADK90,Canoe,open,NA,6.985,51.1,0.484,1706.89,6
2010,ADK90,Canoe,open,NA,6.986111111111111,52.8,0.043,1706.87,6
2023,ADK90,Canoe,oc2stock,9,6.9878888888888895,66.9,0.15,1706.8,2
2012,ADK90,Voyageur,voyageur,6,6.9880555555555555,67.4,0,1706.75,6
2013,ADK90,Canoe,open,NA,6.9880555555555555,51.6,0,1706.88,6
2019,ADK90,SUP,superveterans,1,6.988333333333333,58,0,1706.77,1
2024,ADK90,Canoe,oc4open,5,6.988611111111111,61.6,0,1706.82,4
2017,ADK90,Canoe,open,NA,6.990555555555556,51.1,0.484,1706.89,6
2024,ADK90,Canoe,oc2recnc,1,6.99125,61.6,0,1706.82,2
2011,ADK90,Canoe,oc2stockmix,3,6.991388888888889,63.9,0,1706.86,2
2023,ADK90,Canoe,oc4stock,8,6.991583333333334,66.9,0.15,1706.8,4
2009,ADK90,Kayak,k2mix,2,6.991944444444444,57.2,0.016,1706.65,2
2023,ADK90,Canoe,oc4stockmixnc,1,6.992388888888889,66.9,0.15,1706.8,4
2022,ADK90,Canoe,oc2stockmaster,5,6.993111111111111,63.4,0,1706.93,2
2023,ADK90,Canoe,oc2stockmaster,5,6.993222222222222,66.9,0.15,1706.8,2
2008,ADK90,Canoe,open,NA,6.994166666666667,72.3,0,1706.81,6
2014,ADK90,Canoe,oc1stockmaster,2,6.995,69.5,0,1706.89,1
2016,ADK90,Canoe,open,NA,6.995555555555556,70.2,0.02,1706.83,6
2010,ADK90,Canoe,oc2stockmaster,7,6.995555555555556,52.8,0.043,1706.87,2
2011,ADK90,Canoe,open,NA,6.996388888888889,63.9,0,1706.86,6
2018,ADK90,Canoe,open,NA,6.996666666666667,61.9,0,1706.8,6
2024,ADK90,Guideboat,g1master,1,6.997916666666667,61.6,0,1706.82,1
2024,ADK90,Canoe,oc2stockmixveteran,5,6.997916666666667,61.6,0,1706.82,2
2023,ADK90,Canoe,oc2stockmix,4,6.998194444444445,66.9,0.15,1706.8,2
2024,ADK90,Guideboat,g2,1,6.998638888888888,61.6,0,1706.82,2
2024,ADK90,Canoe,oc2stockmix,4,6.999083333333333,61.6,0,1706.82,2
2012,ADK90,Canoe,open,NA,6.999722222222222,67.4,0,1706.75,6
2018,ADK90,Canoe,open,NA,7.000555555555556,61.9,0,1706.8,6
2012,ADK90,Canoe,oc2stockwomen,1,7.0025,67.4,0,1706.75,2
2010,ADK90,Canoe,oc2ammix,5,7.003611111111111,52.8,0.043,1706.87,2
2023,ADK90,Canoe,oc1stockmaster,3,7.00575,66.9,0.15,1706.8,1
2016,ADK90,Canoe,open,NA,7.006388888888889,70.2,0.02,1706.83,6
2017,ADK90,Canoe,open,NA,7.008611111111111,51.1,0.484,1706.89,6
2015,ADK90,Canoe,opensuperveteran,1,7.009444444444444,63.9,0,1706.82,6
2014,ADK90,Canoe,oc4mix,13,7.009722222222222,69.5,0,1706.89,4
2012,ADK90,Canoe,open,NA,7.01,67.4,0,1706.75,6
2009,ADK90,Canoe,oc2recmix,1,7.010277777777778,57.2,0.016,1706.65,2
2015,ADK90,Kayak,k1tourmaster,5,7.010277777777778,63.9,0,1706.82,1
2022,ADK90,Canoe,oc4stocktournc,2,7.010305555555555,63.4,0,1706.93,4
2012,ADK90,Guideboat,g2,5,7.010555555555555,67.4,0,1706.75,2
2009,ADK90,Canoe,oc2stockveteran,2,7.010833333333333,57.2,0.016,1706.65,2
2024,ADK90,Canoe,oc2stock,6,7.010916666666667,61.6,0,1706.82,2
2023,ADK90,Canoe,oc3stockwomen,1,7.011638888888889,66.9,0.15,1706.8,3
2011,ADK90,Canoe,oc2rec,3,7.0119444444444445,63.9,0,1706.86,2
2014,ADK90,Voyageur,voyageur,5,7.012777777777778,69.5,0,1706.89,6
2012,ADK90,Canoe,open,NA,7.012777777777778,67.4,0,1706.75,6
2021,ADK90,Canoe,oc2stockmixmaster,3,7.0136111111111115,55.4,0.055,1706.94,2
2009,ADK90,Canoe,oc1rec,3,7.0152777777777775,57.2,0.016,1706.65,1
2010,ADK90,Canoe,oc2stockmaster,6,7.017222222222222,52.8,0.043,1706.87,2
2025,ADK90,Canoe,oc2stocknc,4,7.017305555555556,58.7,0.37,1706.89,2
2017,ADK90,Kayak,k1tour,4,7.020555555555555,51.1,0.484,1706.89,1
2018,ADK90,Canoe,open,NA,7.021111111111111,61.9,0,1706.8,6
2017,ADK90,Canoe,oc2rec,3,7.021388888888889,51.1,0.484,1706.89,2
2019,ADK90,Canoe,oc4stockwomen,2,7.022222222222222,58,0,1706.77,4
2022,ADK90,Canoe,oc4stockwomen,3,7.024333333333333,63.4,0,1706.93,4
2008,ADK90,Canoe,open,NA,7.027222222222222,72.3,0,1706.81,6
2018,ADK90,Canoe,oc1recveteran,1,7.027777777777778,61.9,0,1706.8,1
2021,ADK90,Kayak,k1unlimited,4,7.029166666666667,55.4,0.055,1706.94,1
2012,ADK90,Canoe,open,NA,7.029722222222222,67.4,0,1706.75,6
2010,ADK90,Canoe,oc2ammix,6,7.029722222222222,52.8,0.043,1706.87,2
2014,ADK90,Canoe,open,NA,7.03,69.5,0,1706.89,6
2024,ADK90,Canoe,oc2stockmixmaster,3,7.030027777777778,61.6,0,1706.82,2
2011,ADK90,Canoe,oc1stock,2,7.031944444444444,63.9,0,1706.86,1
2013,ADK90,Canoe,open,NA,7.032222222222222,51.6,0,1706.88,6
2015,ADK90,Guideboat,g2mix,1,7.033333333333333,63.9,0,1706.82,2
2010,ADK90,Canoe,oc2stockmixmaster,7,7.033611111111111,52.8,0.043,1706.87,2
2019,ADK90,Canoe,oc2stockmaster,3,7.033888888888889,58,0,1706.77,2
2025,ADK90,Canoe,oc2stock,13,7.034388888888889,58.7,0.37,1706.89,2
2023,ADK90,Canoe,oc1stock,2,7.034694444444445,66.9,0.15,1706.8,1
2016,ADK90,Canoe,open,NA,7.035,70.2,0.02,1706.83,6
2025,ADK90,Canoe,oc2stockmixveteran,6,7.035277777777778,58.7,0.37,1706.89,2
2012,ADK90,Canoe,open,NA,7.0377777777777775,67.4,0,1706.75,6
2008,ADK90,Canoe,oc2amwomen,1,7.038888888888889,72.3,0,1706.81,2
2011,ADK90,Canoe,oc2stockmixmaster,7,7.038888888888889,63.9,0,1706.86,2
2014,ADK90,Canoe,open,NA,7.039166666666667,69.5,0,1706.89,6
2013,ADK90,Kayak,k2mix,4,7.039722222222222,51.6,0,1706.88,2
2013,ADK90,Canoe,open,NA,7.040555555555556,51.6,0,1706.88,6
2010,ADK90,Canoe,oc2stockmix,3,7.040555555555556,52.8,0.043,1706.87,2
2008,ADK90,Canoe,oc2ammixmaster,7,7.041388888888889,72.3,0,1706.81,2
2012,ADK90,Canoe,oc1stockveteran,1,7.042222222222223,67.4,0,1706.75,1
2014,ADK90,Canoe,oc1rec,5,7.043888888888889,69.5,0,1706.89,1
2016,ADK90,Kayak,k1tourmaster,7,7.044444444444444,70.2,0.02,1706.83,1
2022,ADK90,Canoe,oc4stockmix,11,7.0455,63.4,0,1706.93,4
2011,ADK90,Canoe,oc4mix,16,7.045555555555556,63.9,0,1706.86,4
2017,ADK90,Canoe,open,NA,7.045833333333333,51.1,0.484,1706.89,6
2008,ADK90,Canoe,oc2stock,7,7.0475,72.3,0,1706.81,2
2017,ADK90,Guideboat,g2mix,1,7.047777777777778,51.1,0.484,1706.89,2
2025,ADK90,Canoe,oc4stockmix,13,7.047861111111111,58.7,0.37,1706.89,4
2013,ADK90,Canoe,open,NA,7.048055555555556,51.6,0,1706.88,6
2013,ADK90,Canoe,open,NA,7.048055555555556,51.6,0,1706.88,6
2023,ADK90,Canoe,oc2rec,1,7.0495833333333335,66.9,0.15,1706.8,2
2012,ADK90,Canoe,open,NA,7.0505555555555555,67.4,0,1706.75,6
2017,ADK90,Canoe,oc4mix,10,7.050833333333333,51.1,0.484,1706.89,4
2017,ADK90,Canoe,open,NA,7.051666666666667,51.1,0.484,1706.89,6
2021,ADK90,SUP,solorecveteran,2,7.053055555555556,55.4,0.055,1706.94,1
2018,ADK90,Canoe,oc1recmaster,1,7.054166666666666,61.9,0,1706.8,1
2025,ADK90,Canoe,oc4stocktour,2,7.055666666666667,58.7,0.37,1706.89,4
2012,ADK90,Canoe,open,NA,7.056388888888889,67.4,0,1706.75,6
2011,ADK90,Canoe,oc2stockveteran,8,7.056666666666667,63.9,0,1706.86,2
2015,ADK90,Canoe,open,NA,7.057777777777778,63.9,0,1706.82,6
2012,ADK90,Canoe,open,NA,7.058611111111111,67.4,0,1706.75,6
2010,ADK90,Canoe,oc4mix,12,7.058888888888889,52.8,0.043,1706.87,4
2015,ADK90,Canoe,oc2stockmixveteran,1,7.059444444444445,63.9,0,1706.82,2
2010,ADK90,Canoe,oc2stockveteran,4,7.06,52.8,0.043,1706.87,2
2014,ADK90,Canoe,open,NA,7.060555555555555,69.5,0,1706.89,6
2024,ADK90,Kayak,k1sportmaster,5,7.060777777777777,61.6,0,1706.82,1
2023,ADK90,Canoe,oc4stock,11,7.061916666666667,66.9,0.15,1706.8,4
2022,ADK90,Guideboat,g2master,1,7.062555555555556,63.4,0,1706.93,2
2024,ADK90,Canoe,oc2stock,7,7.062861111111111,61.6,0,1706.82,2
2016,ADK90,Canoe,open,NA,7.0633333333333335,70.2,0.02,1706.83,6
2009,ADK90,Guideboat,g2,2,7.063888888888889,57.2,0.016,1706.65,2
2013,ADK90,Canoe,oc2stockwomen,2,7.064166666666667,51.6,0,1706.88,2
2016,ADK90,Canoe,open,NA,7.064444444444445,70.2,0.02,1706.83,6
2011,ADK90,Canoe,oc2stock,7,7.065277777777778,63.9,0,1706.86,2
2021,ADK90,Canoe,oc2stockmaster,7,7.066388888888889,55.4,0.055,1706.94,2
2015,ADK90,Canoe,oc2stockmaster,5,7.066388888888889,63.9,0,1706.82,2
2021,ADK90,Guideboat,g2,1,7.068888888888889,55.4,0.055,1706.94,2
2010,ADK90,Canoe,oc1am,2,7.069166666666667,52.8,0.043,1706.87,1
2008,ADK90,Voyageur,voyageur,8,7.0713888888888885,72.3,0,1706.81,6
2024,ADK90,Canoe,oc2stock,9,7.073166666666667,61.6,0,1706.82,2
2017,ADK90,Canoe,open,NA,7.073611111111111,51.1,0.484,1706.89,6
2015,ADK90,Voyageur,voyageur,8,7.074166666666667,63.9,0,1706.82,6
2016,ADK90,Canoe,open,NA,7.075833333333334,70.2,0.02,1706.83,6
2014,ADK90,Canoe,oc1recwomen,1,7.075833333333334,69.5,0,1706.89,1
2021,ADK90,Canoe,oc2mix,3,7.078055555555555,55.4,0.055,1706.94,2
2016,ADK90,Kayak,k1tourmaster,6,7.079444444444444,70.2,0.02,1706.83,1
2009,ADK90,Kayak,k1unlimted,5,7.08,57.2,0.016,1706.65,1
2008,ADK90,Canoe,oc4,7,7.080277777777778,72.3,0,1706.81,4
2022,ADK90,Canoe,oc2stockmaster,4,7.080444444444444,63.4,0,1706.93,2
2010,ADK90,Canoe,oc2rec,2,7.0808333333333335,52.8,0.043,1706.87,2
2014,ADK90,Canoe,open,NA,7.081944444444445,69.5,0,1706.89,6
2023,ADK90,Canoe,oc1stockmaster,4,7.0833055555555555,66.9,0.15,1706.8,1
2009,ADK90,Canoe,open,NA,7.083333333333333,57.2,0.016,1706.65,6
2013,ADK90,Canoe,open,NA,7.0841666666666665,51.6,0,1706.88,6
2022,ADK90,Kayak,k1tournc,1,7.086166666666667,63.4,0,1706.93,1
2025,ADK90,Canoe,oc4stock,13,7.087861111111111,58.7,0.37,1706.89,4
2019,ADK90,Canoe,oc2stockmaster,4,7.088055555555556,58,0,1706.77,2
2011,ADK90,Canoe,open,NA,7.088611111111111,63.9,0,1706.86,6
2013,ADK90,Canoe,open,NA,7.090277777777778,51.6,0,1706.88,6
2013,ADK90,Canoe,open,NA,7.090833333333333,51.6,0,1706.88,6
2011,ADK90,Guideboat,g2,3,7.091388888888889,63.9,0,1706.86,2
2010,ADK90,Canoe,open,NA,7.091666666666667,52.8,0.043,1706.87,6
2017,ADK90,Canoe,oc2stockmix,3,7.094444444444444,51.1,0.484,1706.89,2
2011,ADK90,Canoe,oc2stockmixveteran,2,7.094722222222222,63.9,0,1706.86,2
2017,ADK90,Canoe,open,NA,7.095833333333333,51.1,0.484,1706.89,6
2022,ADK90,Canoe,oc2stockveteran,3,7.097194444444445,63.4,0,1706.93,2
2024,ADK90,Canoe,oc4stockmix,14,7.097527777777778,61.6,0,1706.82,4
2016,ADK90,Canoe,open,NA,7.097777777777778,70.2,0.02,1706.83,6
2009,ADK90,Canoe,oc2am,3,7.098611111111111,57.2,0.016,1706.65,2
2013,ADK90,Canoe,open,NA,7.099166666666667,51.6,0,1706.88,6
2017,ADK90,Canoe,oc1recveteran,2,7.1002777777777775,51.1,0.484,1706.89,1
2021,ADK90,SUP,solorecwomenmaster,1,7.100555555555555,55.4,0.055,1706.94,1
2010,ADK90,Canoe,oc2stockmaster,8,7.100833333333333,52.8,0.043,1706.87,2
2012,ADK90,Canoe,oc4women,2,7.102222222222222,67.4,0,1706.75,4
2023,ADK90,Canoe,oc4stockwomen,4,7.102722222222222,66.9,0.15,1706.8,4
2022,ADK90,Canoe,oc2stocktour,1,7.104333333333333,63.4,0,1706.93,2
2008,ADK90,Canoe,open,NA,7.105555555555555,72.3,0,1706.81,6
2018,ADK90,Canoe,open,NA,7.105833333333333,61.9,0,1706.8,6
2022,ADK90,Canoe,oc4stockwomen,4,7.106472222222222,63.4,0,1706.93,4
2023,ADK90,Canoe,oc1stockveteran,2,7.106472222222222,66.9,0.15,1706.8,1
2025,ADK90,Canoe,oc2stockmaster,5,7.108388888888889,58.7,0.37,1706.89,2
2016,ADK90,Canoe,open,NA,7.108611111111111,70.2,0.02,1706.83,6
2016,ADK90,Canoe,open,NA,7.108888888888889,70.2,0.02,1706.83,6
2018,ADK90,Canoe,open,NA,7.109444444444445,61.9,0,1706.8,6
2015,ADK90,Canoe,open,NA,7.11,63.9,0,1706.82,6
2011,ADK90,Canoe,open,NA,7.11,63.9,0,1706.86,6
2016,ADK90,Guideboat,g2,2,7.110277777777778,70.2,0.02,1706.83,2
2023,ADK90,Kayak,k1womennc,1,7.110388888888889,66.9,0.15,1706.8,1
2023,ADK90,Guideboat,g2,2,7.110666666666667,66.9,0.15,1706.8,2
2016,ADK90,Canoe,oc1recmaster,2,7.111944444444444,70.2,0.02,1706.83,1
2023,ADK90,Canoe,oc3stocknc,1,7.112444444444444,66.9,0.15,1706.8,3
2009,ADK90,Canoe,oc2stock,6,7.1125,57.2,0.016,1706.65,2
2015,ADK90,Canoe,open,NA,7.112777777777778,63.9,0,1706.82,6
2013,ADK90,Canoe,oc2stock,7,7.113333333333333,51.6,0,1706.88,2
2012,ADK90,Canoe,open,NA,7.114722222222222,67.4,0,1706.75,6
2014,ADK90,Canoe,open,NA,7.115,69.5,0,1706.89,6
2021,ADK90,SUP,solorecmaster,2,7.115833333333334,55.4,0.055,1706.94,1
2017,ADK90,Kayak,k1tourveteran,3,7.115833333333334,51.1,0.484,1706.89,1
2024,ADK90,Canoe,oc2stock,11,7.116138888888888,61.6,0,1706.82,2
2011,ADK90,Canoe,oc1am,1,7.116666666666666,63.9,0,1706.86,1
2009,ADK90,Kayak,k2,3,7.116666666666666,57.2,0.016,1706.65,2
2024,ADK90,Canoe,oc1stock,2,7.117305555555555,61.6,0,1706.82,1
2016,ADK90,Canoe,open,NA,7.118055555555555,70.2,0.02,1706.83,6
2016,ADK90,Kayak,k1tourmaster,5,7.118055555555555,70.2,0.02,1706.83,1
2008,ADK90,Canoe,open,NA,7.118888888888889,72.3,0,1706.81,6
2009,ADK90,Canoe,oc4,8,7.119166666666667,57.2,0.016,1706.65,4
2011,ADK90,Canoe,oc2stockveteran,10,7.12,63.9,0,1706.86,2
2017,ADK90,Guideboat,g2,2,7.120833333333334,51.1,0.484,1706.89,2
2010,ADK90,Canoe,oc2ammaster,5,7.1225,52.8,0.043,1706.87,2
2017,ADK90,Canoe,open,NA,7.123888888888889,51.1,0.484,1706.89,6
2022,ADK90,Canoe,oc4stockmix,13,7.124111111111111,63.4,0,1706.93,4
2012,ADK90,Canoe,open,NA,7.125,67.4,0,1706.75,6
2010,ADK90,Canoe,open,NA,7.126111111111111,52.8,0.043,1706.87,6
2021,ADK90,SUP,solorecveteran,3,7.126666666666667,55.4,0.055,1706.94,1
2024,ADK90,Canoe,oc2stock,10,7.127972222222223,61.6,0,1706.82,2
2025,ADK90,Canoe,oc2stockmaster,7,7.130277777777778,58.7,0.37,1706.89,2
2011,ADK90,Canoe,open,NA,7.1305555555555555,63.9,0,1706.86,6
2011,ADK90,Canoe,open,NA,7.1305555555555555,63.9,0,1706.86,6
2024,ADK90,Kayak,k1sportveteran,2,7.131194444444445,61.6,0,1706.82,1
2013,ADK90,Canoe,open,NA,7.1325,51.6,0,1706.88,6
2008,ADK90,Canoe,oc1rec,3,7.134166666666666,72.3,0,1706.81,1
2008,ADK90,Canoe,oc2rec,3,7.135555555555555,72.3,0,1706.81,2
2023,ADK90,Guideboat,g2mix,1,7.135555555555555,66.9,0.15,1706.8,2
2012,ADK90,Canoe,open,NA,7.136388888888889,67.4,0,1706.75,6
2018,ADK90,Canoe,open,NA,7.1386111111111115,61.9,0,1706.8,6
2011,ADK90,Guideboat,g2,4,7.138888888888889,63.9,0,1706.86,2
2012,ADK90,Canoe,oc4women,1,7.138888888888889,67.4,0,1706.75,4
2009,ADK90,Canoe,oc2stockveteran,3,7.139444444444444,57.2,0.016,1706.65,2
2022,ADK90,Canoe,oc4stock,9,7.141916666666667,63.4,0,1706.93,4
2011,ADK90,Canoe,oc2stockmaster,7,7.142777777777778,63.9,0,1706.86,2
2008,ADK90,Canoe,open,NA,7.1433333333333335,72.3,0,1706.81,6
2024,ADK90,Canoe,oc2stockveteran,2,7.143861111111112,61.6,0,1706.82,2
2014,ADK90,Canoe,oc1rec,6,7.144444444444445,69.5,0,1706.89,1
2009,ADK90,Canoe,open,NA,7.145277777777777,57.2,0.016,1706.65,6
2008,ADK90,Kayak,k2,5,7.145833333333333,72.3,0,1706.81,2
2013,ADK90,Canoe,open,NA,7.146944444444444,51.6,0,1706.88,6
2025,ADK90,Canoe,oc2stock,15,7.147277777777778,58.7,0.37,1706.89,2
2018,ADK90,Canoe,open,NA,7.149166666666667,61.9,0,1706.8,6
2013,ADK90,Canoe,open,NA,7.1497222222222225,51.6,0,1706.88,6
2012,ADK90,Canoe,oc1stock,4,7.1497222222222225,67.4,0,1706.75,1
2014,ADK90,Canoe,open,NA,7.15,69.5,0,1706.89,6
2016,ADK90,Canoe,open,NA,7.15,70.2,0.02,1706.83,6
2013,ADK90,Canoe,opensuperveteran,1,7.151388888888889,51.6,0,1706.88,6
2009,ADK90,Canoe,open,NA,7.153333333333333,57.2,0.016,1706.65,6
2021,ADK90,Canoe,oc2stock,6,7.153888888888889,55.4,0.055,1706.94,2
2012,ADK90,Canoe,open,NA,7.155555555555556,67.4,0,1706.75,6
2008,ADK90,Canoe,oc1stock,4,7.155833333333334,72.3,0,1706.81,1
2012,ADK90,Canoe,open,NA,7.155833333333334,67.4,0,1706.75,6
2024,ADK90,Canoe,oc2openmix,3,7.157166666666667,61.6,0,1706.82,2
2009,ADK90,Canoe,oc4mix,11,7.1575,57.2,0.016,1706.65,4
2019,ADK90,Canoe,oc1recveteran,1,7.158333333333333,58,0,1706.77,1
2011,ADK90,Canoe,open,NA,7.158611111111111,63.9,0,1706.86,6
2012,ADK90,Canoe,open,NA,7.161666666666667,67.4,0,1706.75,6
2014,ADK90,Voyageur,voyageur,6,7.163888888888889,69.5,0,1706.89,6
2014,ADK90,Voyageur,voyageur,7,7.163888888888889,69.5,0,1706.89,6
2025,ADK90,Canoe,oc2rec,2,7.164000000000001,58.7,0.37,1706.89,2
2018,ADK90,Canoe,oc1stock,2,7.164444444444444,61.9,0,1706.8,1
2023,ADK90,Kayak,k1,1,7.16461111111111,66.9,0.15,1706.8,1
2013,ADK90,Guideboat,g2,4,7.166388888888889,51.6,0,1706.88,2
2025,ADK90,Canoe,oc2rec,1,7.1667499999999995,58.7,0.37,1706.89,2
2012,ADK90,Canoe,oc2stock,10,7.168888888888889,67.4,0,1706.75,2
2008,ADK90,Canoe,open,NA,7.168888888888889,72.3,0,1706.81,6
2015,ADK90,Canoe,open,NA,7.169722222222222,63.9,0,1706.82,6
2025,ADK90,Canoe,oc4stockwomen,3,7.1700277777777774,58.7,0.37,1706.89,4
2024,ADK90,Canoe,oc2stock,8,7.170333333333334,61.6,0,1706.82,2
2021,ADK90,Canoe,oc2stock,5,7.170555555555556,55.4,0.055,1706.94,2
2018,ADK90,Canoe,open,NA,7.1722222222222225,61.9,0,1706.8,6
2014,ADK90,Canoe,open,NA,7.172777777777778,69.5,0,1706.89,6
2016,ADK90,Guideboat,g1,3,7.173055555555556,70.2,0.02,1706.83,1
2014,ADK90,Canoe,open,NA,7.1738888888888885,69.5,0,1706.89,6
2021,ADK90,Kayak,k1unlimitedveteran,1,7.1738888888888885,55.4,0.055,1706.94,1
2009,ADK90,Canoe,oc2stockmix,6,7.174166666666666,57.2,0.016,1706.65,2
2022,ADK90,Canoe,oc2,2,7.175305555555555,63.4,0,1706.93,2
2008,ADK90,Canoe,oc1rec,5,7.175833333333333,72.3,0,1706.81,1
2019,ADK90,Canoe,oc2am,2,7.176666666666667,58,0,1706.77,2
2017,ADK90,Canoe,oc4mix,11,7.178333333333334,51.1,0.484,1706.89,4
2016,ADK90,Canoe,open,NA,7.178888888888889,70.2,0.02,1706.83,6
2024,ADK90,Canoe,oc2stockmixveteran,6,7.179,61.6,0,1706.82,2
2025,ADK90,Canoe,oc2stock,11,7.179222222222222,58.7,0.37,1706.89,2
2018,ADK90,Canoe,oc2stockmix,4,7.179444444444444,61.9,0,1706.8,2
2021,ADK90,Canoe,oc1stockveteran,1,7.180555555555555,55.4,0.055,1706.94,1
2009,ADK90,Canoe,oc2stockmix,3,7.180555555555555,57.2,0.016,1706.65,2
2014,ADK90,Kayak,k1tourmaster,3,7.181111111111111,69.5,0,1706.89,1
2009,ADK90,Canoe,oc2stockmixmaster,7,7.183055555555556,57.2,0.016,1706.65,2
2010,ADK90,Canoe,oc2stockwomen,1,7.185833333333333,52.8,0.043,1706.87,2
2010,ADK90,Canoe,open,NA,7.185833333333333,52.8,0.043,1706.87,6
2010,ADK90,Canoe,oc2stock,8,7.187777777777778,52.8,0.043,1706.87,2
2008,ADK90,Canoe,oc2stock,11,7.1883333333333335,72.3,0,1706.81,2
2011,ADK90,Canoe,oc2rec,4,7.189166666666667,63.9,0,1706.86,2
2018,ADK90,Canoe,oc1recmaster,2,7.190555555555555,61.9,0,1706.8,1
2009,ADK90,Canoe,oc2rec,2,7.190833333333333,57.2,0.016,1706.65,2
2022,ADK90,Canoe,oc1stockveteran,1,7.19175,63.4,0,1706.93,1
2018,ADK90,Canoe,oc1stock,3,7.193888888888889,61.9,0,1706.8,1
2010,ADK90,Canoe,oc2rec,3,7.195833333333334,52.8,0.043,1706.87,2
2015,ADK90,Canoe,open,NA,7.196111111111111,63.9,0,1706.82,6
2014,ADK90,Canoe,open,NA,7.1963888888888885,69.5,0,1706.89,6
2024,ADK90,Canoe,oc4stockwomenmaster,4,7.196888888888889,61.6,0,1706.82,4
2017,ADK90,Guideboat,g2,3,7.198888888888889,51.1,0.484,1706.89,2
2009,ADK90,Canoe,oc2stockmix,4,7.200555555555556,57.2,0.016,1706.65,2
2025,ADK90,Canoe,oc2stocktour,1,7.2011666666666665,58.7,0.37,1706.89,2
2010,ADK90,Canoe,oc1rec,5,7.203333333333333,52.8,0.043,1706.87,1
2024,ADK90,Canoe,oc2stockmix,5,7.203416666666667,61.6,0,1706.82,2
2024,ADK90,Kayak,k2nc,1,7.203666666666667,61.6,0,1706.82,2
2023,ADK90,Canoe,oc3stockmix,2,7.205027777777778,66.9,0.15,1706.8,3
2025,ADK90,Kayak,k1sportwomen,1,7.205583333333333,58.7,0.37,1706.89,1
2018,ADK90,Canoe,oc2stockveteran,1,7.206111111111111,61.9,0,1706.8,2
2017,ADK90,Canoe,oc2stock,8,7.208055555555555,51.1,0.484,1706.89,2
2014,ADK90,Canoe,oc4,13,7.210555555555556,69.5,0,1706.89,4
2013,ADK90,Canoe,oc1rec,4,7.211944444444445,51.6,0,1706.88,1
2025,ADK90,Canoe,oc1open,3,7.211972222222222,58.7,0.37,1706.89,1
2010,ADK90,Canoe,oc2family,1,7.2125,52.8,0.043,1706.87,2
2008,ADK90,Canoe,oc2am,5,7.213055555555556,72.3,0,1706.81,2
2021,ADK90,Canoe,oc4stockmaster,4,7.213611111111111,55.4,0.055,1706.94,4
2022,ADK90,Canoe,oc4stocktour,2,7.213722222222223,63.4,0,1706.93,4
2008,ADK90,Canoe,oc4,8,7.213888888888889,72.3,0,1706.81,4
2014,ADK90,Canoe,open,NA,7.213888888888889,69.5,0,1706.89,6
2025,ADK90,Canoe,oc1stock,4,7.214722222222222,58.7,0.37,1706.89,1
2016,ADK90,Canoe,open,NA,7.215,70.2,0.02,1706.83,6
2017,ADK90,Canoe,oc1rec,2,7.216388888888889,51.1,0.484,1706.89,1
2016,ADK90,Canoe,open,NA,7.2175,70.2,0.02,1706.83,6
2022,ADK90,Canoe,oc2stockmixmaster,4,7.217694444444445,63.4,0,1706.93,2
2009,ADK90,Canoe,oc4mix,12,7.2186111111111115,57.2,0.016,1706.65,4
2013,ADK90,Canoe,open,NA,7.219444444444444,51.6,0,1706.88,6
2016,ADK90,Canoe,oc2stock,5,7.220555555555555,70.2,0.02,1706.83,2
2025,ADK90,Canoe,oc2stockmaster,6,7.220638888888889,58.7,0.37,1706.89,2
2014,ADK90,Canoe,open,NA,7.221666666666667,69.5,0,1706.89,6
2017,ADK90,Canoe,open,NA,7.2219444444444445,51.1,0.484,1706.89,6
2008,ADK90,Canoe,open,NA,7.223055555555556,72.3,0,1706.81,6
2009,ADK90,Canoe,oc2stockmixmaster,8,7.223055555555556,57.2,0.016,1706.65,2
2024,ADK90,Canoe,oc1stockmaster,2,7.223111111111112,61.6,0,1706.82,1
2013,ADK90,Canoe,open,NA,7.223333333333334,51.6,0,1706.88,6
2022,ADK90,Kayak,k1tournc,2,7.223972222222222,63.4,0,1706.93,1
2008,ADK90,Canoe,oc2stock,10,7.225,72.3,0,1706.81,2
2016,ADK90,Kayak,k1tourveteran,3,7.2252777777777775,70.2,0.02,1706.83,1
2014,ADK90,Canoe,open,NA,7.225833333333333,69.5,0,1706.89,6
2008,ADK90,Canoe,open,NA,7.226111111111111,72.3,0,1706.81,6
2009,ADK90,Canoe,oc2stockmix,5,7.226388888888889,57.2,0.016,1706.65,2
2015,ADK90,Kayak,k1tourveteran,3,7.226388888888889,63.9,0,1706.82,1
2019,ADK90,Guideboat,g1,1,7.2275,58,0,1706.77,1
2008,ADK90,Canoe,oc2stock,8,7.227777777777778,72.3,0,1706.81,2
2024,ADK90,Canoe,oc4stockncmix,1,7.228833333333333,61.6,0,1706.82,4
2016,ADK90,Canoe,oc2stockwomen,2,7.229166666666667,70.2,0.02,1706.83,2
2016,ADK90,Canoe,open,NA,7.229166666666667,70.2,0.02,1706.83,6
2023,ADK90,Kayak,k2,3,7.230472222222223,66.9,0.15,1706.8,2
2013,ADK90,Kayak,k1tour,3,7.231111111111111,51.6,0,1706.88,1
2009,ADK90,Canoe,open,NA,7.232777777777778,57.2,0.016,1706.65,6
2021,ADK90,Canoe,oc2stockmix,3,7.234444444444445,55.4,0.055,1706.94,2
2025,ADK90,Canoe,oc2stockmix,7,7.235583333333333,58.7,0.37,1706.89,2
2025,ADK90,Canoe,oc2stock,17,7.235611111111111,58.7,0.37,1706.89,2
2011,ADK90,Canoe,open,NA,7.236111111111111,63.9,0,1706.86,6
2010,ADK90,Kayak,k1unlimited,3,7.236111111111111,52.8,0.043,1706.87,1
2025,ADK90,Canoe,oc2stock,16,7.2363888888888885,58.7,0.37,1706.89,2
2015,ADK90,Canoe,open,NA,7.236944444444444,63.9,0,1706.82,6
2023,ADK90,Kayak,k1veteran,3,7.237527777777777,66.9,0.15,1706.8,1
2019,ADK90,Canoe,oc1stock,1,7.239166666666667,58,0,1706.77,1
2023,ADK90,Canoe,oc4stockwomen,5,7.239388888888889,66.9,0.15,1706.8,4
2021,ADK90,SUP,solorec,2,7.2427777777777775,55.4,0.055,1706.94,1
2010,ADK90,Canoe,oc2stockmix,5,7.243055555555555,52.8,0.043,1706.87,2
2012,ADK90,Canoe,oc2familt,1,7.243888888888889,67.4,0,1706.75,2
2017,ADK90,Kayak,k1tour,5,7.245277777777778,51.1,0.484,1706.89,1
2016,ADK90,Guideboat,g2mix,1,7.245277777777778,70.2,0.02,1706.83,2
2017,ADK90,Canoe,oc2stockveteran,3,7.245555555555556,51.1,0.484,1706.89,2
2025,ADK90,Canoe,oc4stock,14,7.245638888888888,58.7,0.37,1706.89,4
2017,ADK90,Canoe,oc2rec,4,7.245833333333334,51.1,0.484,1706.89,2
2016,ADK90,Canoe,open,NA,7.246944444444445,70.2,0.02,1706.83,6
2018,ADK90,Guideboat,g1,2,7.246944444444445,61.9,0,1706.8,1
2022,ADK90,Canoe,oc2stockmixmaster,6,7.247166666666667,63.4,0,1706.93,2
2009,ADK90,Kayak,k1tourmaster,4,7.25,57.2,0.016,1706.65,1
2019,ADK90,Kayak,k2,3,7.251111111111111,58,0,1706.77,2
2015,ADK90,Canoe,open,NA,7.251111111111111,63.9,0,1706.82,6
2012,ADK90,Canoe,oc4mix,15,7.253055555555555,67.4,0,1706.75,4
2010,ADK90,Canoe,open,NA,7.253333333333333,52.8,0.043,1706.87,6
2015,ADK90,Kayak,k1tourmaster,6,7.253888888888889,63.9,0,1706.82,1
2019,ADK90,Canoe,oc4stock,6,7.254444444444444,58,0,1706.77,4
2010,ADK90,Canoe,oc2stockmix,4,7.254444444444444,52.8,0.043,1706.87,2
2025,ADK90,Canoe,oc4stockwomen,4,7.255999999999999,58.7,0.37,1706.89,4
2018,ADK90,Canoe,open,NA,7.256388888888889,61.9,0,1706.8,6
2017,ADK90,Canoe,oc2ammix,3,7.256388888888889,51.1,0.484,1706.89,2
2010,ADK90,Guideboat,g2,4,7.2572222222222225,52.8,0.043,1706.87,2
2014,ADK90,Canoe,oc1rec,8,7.259166666666666,69.5,0,1706.89,1
2025,ADK90,Canoe,oc2stockveteran,1,7.260833333333333,58.7,0.37,1706.89,2
2011,ADK90,Canoe,open,NA,7.2619444444444445,63.9,0,1706.86,6
2015,ADK90,Canoe,open,NA,7.2619444444444445,63.9,0,1706.82,6
2017,ADK90,Canoe,open,NA,7.2619444444444445,51.1,0.484,1706.89,6
2008,ADK90,Canoe,oc2stockmixmaster,5,7.262222222222222,72.3,0,1706.81,2
2015,ADK90,Canoe,open,NA,7.262777777777778,63.9,0,1706.82,6
2023,ADK90,Canoe,oc4stockmix,15,7.263166666666667,66.9,0.15,1706.8,4
2018,ADK90,Canoe,oc2recmix,1,7.263333333333334,61.9,0,1706.8,2
2025,ADK90,Canoe,oc2stock,12,7.26375,58.7,0.37,1706.89,2
2011,ADK90,Canoe,open,NA,7.263888888888889,63.9,0,1706.86,6
2015,ADK90,Canoe,open,NA,7.264166666666667,63.9,0,1706.82,6
2014,ADK90,Canoe,oc1stockmaster,3,7.264444444444444,69.5,0,1706.89,1
2014,ADK90,Canoe,open,NA,7.264722222222222,69.5,0,1706.89,6
2024,ADK90,Kayak,k1sportmaster,6,7.265888888888889,61.6,0,1706.82,1
2022,ADK90,Canoe,oc2stockmastertour,4,7.266555555555555,63.4,0,1706.93,2
2015,ADK90,Canoe,oc1recveteran,1,7.271388888888889,63.9,0,1706.82,1
2008,ADK90,Canoe,open,NA,7.271388888888889,72.3,0,1706.81,6
2011,ADK90,Canoe,oc2stockveteran,9,7.271944444444444,63.9,0,1706.86,2
2022,ADK90,Canoe,oc2jrsr,1,7.272611111111112,63.4,0,1706.93,2
2022,ADK90,Guideboat,g2,1,7.273555555555555,63.4,0,1706.93,2
2018,ADK90,Canoe,open,NA,7.278888888888889,61.9,0,1706.8,6
2021,ADK90,Canoe,oc2rec,1,7.279166666666667,55.4,0.055,1706.94,2
2013,ADK90,Canoe,oc1recwomen,1,7.279444444444445,51.6,0,1706.88,1
2024,ADK90,Canoe,oc3stocktourmix,4,7.280222222222222,61.6,0,1706.82,3
2024,ADK90,Kayak,k1sportncwomen,1,7.2804722222222225,61.6,0,1706.82,1
2023,ADK90,Canoe,oc2stocknc,1,7.2805833333333325,66.9,0.15,1706.8,2
2008,ADK90,Canoe,open,NA,7.2813888888888885,72.3,0,1706.81,6
2025,ADK90,Kayak,k1sportnc,2,7.284416666666667,58.7,0.37,1706.89,1
2017,ADK90,Canoe,open,NA,7.284722222222222,51.1,0.484,1706.89,6
2013,ADK90,Canoe,oc2amwomen,1,7.2875,51.6,0,1706.88,2
2011,ADK90,Canoe,oc4mix,17,7.2877777777777775,63.9,0,1706.86,4
2018,ADK90,Canoe,oc2stockveteran,2,7.2877777777777775,61.9,0,1706.8,2
2018,ADK90,Canoe,open,NA,7.289166666666667,61.9,0,1706.8,6
2012,ADK90,Canoe,oc2stock,11,7.2908333333333335,67.4,0,1706.75,2
2014,ADK90,Canoe,open,NA,7.291944444444445,69.5,0,1706.89,6
2010,ADK90,Canoe,oc2stockwomen,2,7.292222222222223,52.8,0.043,1706.87,2
2013,ADK90,Canoe,open,NA,7.292222222222223,51.6,0,1706.88,6
2022,ADK90,Canoe,oc4stocktournc,3,7.292722222222222,63.4,0,1706.93,4
2018,ADK90,Canoe,open,NA,7.293888888888889,61.9,0,1706.8,6
2022,ADK90,Canoe,oc2stockopen,10,7.294722222222222,63.4,0,1706.93,2
2025,ADK90,Kayak,k1sportnc,1,7.295138888888889,58.7,0.37,1706.89,1
2013,ADK90,Canoe,open,NA,7.296666666666667,51.6,0,1706.88,6
2023,ADK90,Kayak,k1nc,2,7.297888888888889,66.9,0.15,1706.8,1
2022,ADK90,Canoe,oc2stockopen,9,7.2980277777777784,63.4,0,1706.93,2
2009,ADK90,Canoe,oc2stockwomen,2,7.298055555555556,57.2,0.016,1706.65,2
2018,ADK90,Canoe,open,NA,7.298055555555556,61.9,0,1706.8,6
2024,ADK90,Canoe,oc2stock,12,7.299861111111111,61.6,0,1706.82,2
2014,ADK90,Canoe,open,NA,7.3005555555555555,69.5,0,1706.89,6
2008,ADK90,Canoe,open,NA,7.3005555555555555,72.3,0,1706.81,6
2024,ADK90,Guideboat,g2,2,7.300777777777777,61.6,0,1706.82,2
2018,ADK90,Canoe,oc2stockmixmaster,4,7.301111111111111,61.9,0,1706.8,2
2009,ADK90,Canoe,oc4,9,7.301111111111111,57.2,0.016,1706.65,4
2025,ADK90,Guideboat,g2mixmaster,1,7.30336111111111,58.7,0.37,1706.89,2
2010,ADK90,Canoe,oc4mix,13,7.3036111111111115,52.8,0.043,1706.87,4
2021,ADK90,Canoe,oc4stock,7,7.306388888888889,55.4,0.055,1706.94,4
2024,ADK90,Canoe,oc4stockmaster,6,7.3069444444444445,61.6,0,1706.82,4
2013,ADK90,Canoe,oc1rec,5,7.307222222222222,51.6,0,1706.88,1
2014,ADK90,Canoe,oc2am,2,7.307222222222222,69.5,0,1706.89,2
2008,ADK90,Canoe,oc1rec,4,7.307222222222222,72.3,0,1706.81,1
2016,ADK90,Canoe,open,NA,7.307777777777778,70.2,0.02,1706.83,6
2019,ADK90,Canoe,oc2jrsr,2,7.307777777777778,58,0,1706.77,2
2017,ADK90,Canoe,open,NA,7.308333333333334,51.1,0.484,1706.89,6
2010,ADK90,Canoe,oc2stock,9,7.308333333333334,52.8,0.043,1706.87,2
2016,ADK90,Canoe,oc2ammix,3,7.309444444444445,70.2,0.02,1706.83,2
2017,ADK90,Kayak,k1unlimitedwomen,1,7.310833333333333,51.1,0.484,1706.89,1
2022,ADK90,Canoe,oc1stockveteran,2,7.313555555555555,63.4,0,1706.93,1
2008,ADK90,Kayak,k1women,8,7.314722222222223,72.3,0,1706.81,1
2011,ADK90,Canoe,open,NA,7.314722222222223,63.9,0,1706.86,6
2009,ADK90,Canoe,oc1stock,3,7.315833333333333,57.2,0.016,1706.65,1
2025,ADK90,Canoe,oc2stock,14,7.317055555555556,58.7,0.37,1706.89,2
2012,ADK90,Canoe,oc1stock,5,7.318333333333333,67.4,0,1706.75,1
2015,ADK90,Canoe,oc1rec,2,7.3197222222222225,63.9,0,1706.82,1
2018,ADK90,Canoe,oc2stockveteran,3,7.32,61.9,0,1706.8,2
2016,ADK90,Canoe,open,NA,7.320555555555556,70.2,0.02,1706.83,6
2018,ADK90,Canoe,open,NA,7.320555555555556,61.9,0,1706.8,6
2023,ADK90,Canoe,oc2stock,12,7.320611111111111,66.9,0.15,1706.8,2
2018,ADK90,Canoe,oc1am,2,7.322222222222222,61.9,0,1706.8,1
2018,ADK90,Canoe,oc2am,2,7.323055555555555,61.9,0,1706.8,2
2015,ADK90,Canoe,oc2stockmaster,6,7.324722222222222,63.9,0,1706.82,2
2017,ADK90,Canoe,open,NA,7.325555555555556,51.1,0.484,1706.89,6
2023,ADK90,Canoe,oc4stockmix,17,7.326027777777778,66.9,0.15,1706.8,4
2015,ADK90,Canoe,oc2stockwomen,2,7.3261111111111115,63.9,0,1706.82,2
2010,ADK90,Canoe,oc2stockmixmaster,9,7.3277777777777775,52.8,0.043,1706.87,2
2013,ADK90,Canoe,open,NA,7.328055555555555,51.6,0,1706.88,6
2011,ADK90,Canoe,open,NA,7.328055555555555,63.9,0,1706.86,6
2016,ADK90,Canoe,oc4women,4,7.329166666666667,70.2,0.02,1706.83,4
2013,ADK90,Canoe,oc2family,1,7.331666666666667,51.6,0,1706.88,2
2017,ADK90,Canoe,open,NA,7.333888888888889,51.1,0.484,1706.89,6
2011,ADK90,Canoe,oc4,8,7.334444444444444,63.9,0,1706.86,4
2016,ADK90,Guideboat,g2,3,7.335277777777778,70.2,0.02,1706.83,2
2024,ADK90,Canoe,oc4stockmix,15,7.336861111111111,61.6,0,1706.82,4
2014,ADK90,Canoe,oc2stockmaster,7,7.3375,69.5,0,1706.89,2
2018,ADK90,Canoe,open,NA,7.337777777777778,61.9,0,1706.8,6
2019,ADK90,Kayak,k1tourmaster,4,7.337777777777778,58,0,1706.77,1
2017,ADK90,Canoe,open,NA,7.338055555555556,51.1,0.484,1706.89,6
2024,ADK90,Canoe,oc4stockmix,18,7.339388888888888,61.6,0,1706.82,4
2018,ADK90,Canoe,open,NA,7.339722222222222,61.9,0,1706.8,6
2011,ADK90,Canoe,open,NA,7.340277777777778,63.9,0,1706.86,6
2009,ADK90,Kayak,k1unlimted,7,7.340833333333333,57.2,0.016,1706.65,1
2021,ADK90,Canoe,oc4stockmixmaster,5,7.341944444444445,55.4,0.055,1706.94,4
2021,ADK90,SUP,solorec,3,7.344166666666666,55.4,0.055,1706.94,1
2010,ADK90,Canoe,open,NA,7.345277777777778,52.8,0.043,1706.87,6
2018,ADK90,Canoe,oc4stockmix,10,7.345555555555555,61.9,0,1706.8,4
2023,ADK90,Canoe,oc2stock,11,7.345777777777777,66.9,0.15,1706.8,2
2017,ADK90,Canoe,open,NA,7.346388888888889,51.1,0.484,1706.89,6
2013,ADK90,Canoe,open,NA,7.346388888888889,51.6,0,1706.88,6
2015,ADK90,Canoe,open,NA,7.346666666666667,63.9,0,1706.82,6
2009,ADK90,Canoe,oc2ammix,6,7.347222222222222,57.2,0.016,1706.65,2
2023,ADK90,Kayak,k1women,1,7.347277777777778,66.9,0.15,1706.8,1
2013,ADK90,Canoe,open,NA,7.347777777777778,51.6,0,1706.88,6
2015,ADK90,Canoe,open,NA,7.349722222222222,63.9,0,1706.82,6
2011,ADK90,Canoe,open,NA,7.35,63.9,0,1706.86,6
2024,ADK90,Canoe,oc4stockmaster,7,7.350250000000001,61.6,0,1706.82,4
2008,ADK90,Canoe,oc4mix,12,7.350833333333333,72.3,0,1706.81,4
2015,ADK90,Canoe,oc2rec,4,7.351388888888889,63.9,0,1706.82,2
2017,ADK90,Canoe,oc1stockveteran,1,7.351666666666667,51.1,0.484,1706.89,1
2025,ADK90,Canoe,oc1open,2,7.353555555555555,58.7,0.37,1706.89,1
2012,ADK90,Canoe,open,NA,7.353611111111111,67.4,0,1706.75,6
2012,ADK90,Canoe,open,NA,7.354166666666667,67.4,0,1706.75,6
2014,ADK90,Canoe,open,NA,7.355277777777777,69.5,0,1706.89,6
2008,ADK90,Guideboat,g2mix,1,7.355555555555555,72.3,0,1706.81,2
2013,ADK90,Canoe,oc1stockveteran,1,7.355833333333333,51.6,0,1706.88,1
2025,ADK90,Canoe,oc2stocktour,1,7.35625,58.7,0.37,1706.89,2
2025,ADK90,Canoe,oc2stockmixmaster,3,7.356583333333334,58.7,0.37,1706.89,2
2024,ADK90,Canoe,oc4open,6,7.357194444444445,61.6,0,1706.82,4
2009,ADK90,Canoe,oc2stock,7,7.359166666666667,57.2,0.016,1706.65,2
2016,ADK90,Kayak,k1tourwomen,2,7.3597222222222225,70.2,0.02,1706.83,1
2012,ADK90,Canoe,open,NA,7.360277777777778,67.4,0,1706.75,6
2023,ADK90,Canoe,oc4stockmix,14,7.360888888888889,66.9,0.15,1706.8,4
2018,ADK90,Canoe,open,NA,7.3613888888888885,61.9,0,1706.8,6
2024,ADK90,Canoe,oc4stockmix,16,7.363305555555556,61.6,0,1706.82,4
2025,ADK90,Kayak,k2goldnc,1,7.364888888888888,58.7,0.37,1706.89,2
2019,ADK90,Canoe,oc2jrsr,1,7.365277777777778,58,0,1706.77,2
2025,ADK90,Canoe,oc4stockmix,16,7.365555555555556,58.7,0.37,1706.89,4
2014,ADK90,Canoe,open,NA,7.365555555555556,69.5,0,1706.89,6
2018,ADK90,Canoe,open,NA,7.368333333333333,61.9,0,1706.8,6
2022,ADK90,Canoe,oc2jrsr,2,7.368833333333333,63.4,0,1706.93,2
2010,ADK90,Canoe,oc1rec,7,7.370277777777778,52.8,0.043,1706.87,1
2013,ADK90,Canoe,open,NA,7.370555555555556,51.6,0,1706.88,6
2014,ADK90,Canoe,oc2stocksuperveteran,1,7.370555555555556,69.5,0,1706.89,2
2025,ADK90,Canoe,oc3stockmix,4,7.371361111111112,58.7,0.37,1706.89,3
2021,ADK90,Canoe,oc2stock,7,7.372222222222222,55.4,0.055,1706.94,2
2014,ADK90,Canoe,open,NA,7.372222222222222,69.5,0,1706.89,6
2015,ADK90,Kayak,k1unlimited,3,7.3725,63.9,0,1706.82,1
2015,ADK90,Guideboat,g2women,1,7.3725,63.9,0,1706.82,2
2018,ADK90,Canoe,oc2stock,4,7.3741666666666665,61.9,0,1706.8,2
2024,ADK90,Canoe,oc2rectournc,1,7.3743333333333325,61.6,0,1706.82,2
2023,ADK90,Guideboat,g2,4,7.376777777777778,66.9,0.15,1706.8,2
2014,ADK90,Guideboat,g2,1,7.377222222222223,69.5,0,1706.89,2
2011,ADK90,Canoe,oc2stockwomen,1,7.3775,63.9,0,1706.86,2
2024,ADK90,Canoe,oc2stock,13,7.377666666666666,61.6,0,1706.82,2
2025,ADK90,Canoe,oc2stockmix,8,7.379138888888889,58.7,0.37,1706.89,2
2015,ADK90,Canoe,oc2stockwomen,3,7.38,63.9,0,1706.82,2
2011,ADK90,Canoe,oc2recmix,1,7.38,63.9,0,1706.86,2
2016,ADK90,Canoe,oc4,7,7.38,70.2,0.02,1706.83,4
2015,ADK90,Kayak,k1tourmaster,7,7.381666666666667,63.9,0,1706.82,1
2023,ADK90,Canoe,oc2stockmix,5,7.381805555555555,66.9,0.15,1706.8,2
2012,ADK90,Canoe,open,NA,7.382777777777778,67.4,0,1706.75,6
2023,ADK90,Kayak,k1nc,1,7.383916666666666,66.9,0.15,1706.8,1
2009,ADK90,Canoe,oc2rec,3,7.385277777777778,57.2,0.016,1706.65,2
2017,ADK90,Canoe,open,NA,7.385555555555555,51.1,0.484,1706.89,6
2012,ADK90,Canoe,open,NA,7.3869444444444445,67.4,0,1706.75,6
2019,ADK90,Guideboat,g2,1,7.387222222222222,58,0,1706.77,2
2015,ADK90,Canoe,oc4women,4,7.3886111111111115,63.9,0,1706.82,4
2022,ADK90,Canoe,oc4stockmix,15,7.389861111111111,63.4,0,1706.93,4
2024,ADK90,Canoe,oc4stocktourmix,3,7.390194444444445,61.6,0,1706.82,4
2023,ADK90,Guideboat,g2,3,7.390333333333333,66.9,0.15,1706.8,2
2024,ADK90,Canoe,oc4stockmix,19,7.390666666666667,61.6,0,1706.82,4
2011,ADK90,Canoe,open,NA,7.391111111111111,63.9,0,1706.86,6
2019,ADK90,Canoe,oc2stockmaster,5,7.391944444444444,58,0,1706.77,2
2010,ADK90,Canoe,oc2stockveteran,5,7.391944444444444,52.8,0.043,1706.87,2
2022,ADK90,Canoe,oc2stockmixmaster,5,7.392222222222222,63.4,0,1706.93,2
2023,ADK90,Canoe,oc4,3,7.3926944444444445,66.9,0.15,1706.8,4
2025,ADK90,Canoe,oc4stockmixmaster,3,7.392777777777778,58.7,0.37,1706.89,4
2017,ADK90,Canoe,open,NA,7.393055555555556,51.1,0.484,1706.89,6
2015,ADK90,Canoe,open,NA,7.394444444444445,63.9,0,1706.82,6
2015,ADK90,Canoe,open,NA,7.394722222222223,63.9,0,1706.82,6
2010,ADK90,Guideboat,g1,1,7.394722222222223,52.8,0.043,1706.87,1
2021,ADK90,Guideboat,g2,2,7.394722222222223,55.4,0.055,1706.94,2
2022,ADK90,Canoe,oc2stocktour,3,7.395611111111111,63.4,0,1706.93,2
2014,ADK90,Canoe,oc1stockwomen,1,7.395833333333333,69.5,0,1706.89,1
2008,ADK90,Canoe,open,NA,7.395833333333333,72.3,0,1706.81,6
2015,ADK90,Canoe,oc1stock,2,7.395833333333333,63.9,0,1706.82,1
2015,ADK90,Canoe,open,NA,7.397222222222222,63.9,0,1706.82,6
2012,ADK90,Guideboat,g1,3,7.398055555555556,67.4,0,1706.75,1
2017,ADK90,Canoe,oc1recwomen,1,7.3997222222222225,51.1,0.484,1706.89,1
2010,ADK90,Canoe,open,NA,7.401944444444444,52.8,0.043,1706.87,6
2010,ADK90,Canoe,open,NA,7.402222222222222,52.8,0.043,1706.87,6
2023,ADK90,Canoe,oc3stocknc,2,7.402944444444444,66.9,0.15,1706.8,3
2023,ADK90,Canoe,oc2stock,13,7.402944444444444,66.9,0.15,1706.8,2
2016,ADK90,Canoe,oc1recveteran,1,7.403333333333333,70.2,0.02,1706.83,1
2021,ADK90,Canoe,oc2stockmaster,5,7.404166666666667,55.4,0.055,1706.94,2
2011,ADK90,Canoe,oc4women,2,7.405555555555556,63.9,0,1706.86,4
2011,ADK90,Canoe,oc2family,1,7.406666666666666,63.9,0,1706.86,2
2013,ADK90,Canoe,open,NA,7.407222222222222,51.6,0,1706.88,6
2022,ADK90,Canoe,oc2stockveteran,4,7.408083333333333,63.4,0,1706.93,2
2008,ADK90,Guideboat,g2,6,7.409722222222222,72.3,0,1706.81,2
2025,ADK90,Canoe,oc4stocknc,3,7.411472222222222,58.7,0.37,1706.89,4
2013,ADK90,Canoe,open,NA,7.411666666666667,51.6,0,1706.88,6
2013,ADK90,Canoe,oc4mix,16,7.411944444444444,51.6,0,1706.88,4
2021,ADK90,Canoe,oc2stock,8,7.4127777777777775,55.4,0.055,1706.94,2
2009,ADK90,Canoe,open,NA,7.413611111111111,57.2,0.016,1706.65,6
2010,ADK90,Canoe,open,NA,7.413611111111111,52.8,0.043,1706.87,6
2012,ADK90,Canoe,open,NA,7.4158333333333335,67.4,0,1706.75,6
2022,ADK90,Kayak,k2,3,7.4173333333333336,63.4,0,1706.93,2
2024,ADK90,Canoe,oc2rec,2,7.417861111111111,61.6,0,1706.82,2
2012,ADK90,Kayak,k2,3,7.418333333333333,67.4,0,1706.75,2
2014,ADK90,Canoe,oc1stock,1,7.418333333333333,69.5,0,1706.89,1
2022,ADK90,Canoe,oc2stockmix,3,7.418555555555556,63.4,0,1706.93,2
2025,ADK90,Guideboat,g1,2,7.420694444444444,58.7,0.37,1706.89,1
2017,ADK90,Canoe,open,NA,7.421388888888889,51.1,0.484,1706.89,6
2010,ADK90,Canoe,open,NA,7.421944444444445,52.8,0.043,1706.87,6
2017,ADK90,Voyageur,voyageur,5,7.4222222222222225,51.1,0.484,1706.89,6
2008,ADK90,Canoe,oc2recmix,1,7.424722222222222,72.3,0,1706.81,2
2015,ADK90,Canoe,oc1recmaster,3,7.426388888888889,63.9,0,1706.82,1
2018,ADK90,Canoe,oc1stock,4,7.426666666666667,61.9,0,1706.8,1
2018,ADK90,Canoe,open,NA,7.426944444444445,61.9,0,1706.8,6
2009,ADK90,Canoe,oc2ammix,5,7.4275,57.2,0.016,1706.65,2
2015,ADK90,Canoe,open,NA,7.4275,63.9,0,1706.82,6
2022,ADK90,Canoe,oc2stock,2,7.427861111111111,63.4,0,1706.93,2
2017,ADK90,Canoe,oc1recmaster,4,7.428888888888889,51.1,0.484,1706.89,1
2015,ADK90,Canoe,open,NA,7.4302777777777775,63.9,0,1706.82,6
2013,ADK90,Canoe,open,NA,7.4325,51.6,0,1706.88,6
2010,ADK90,Guideboat,g2,6,7.435,52.8,0.043,1706.87,2
2019,ADK90,Canoe,oc4open,5,7.435555555555555,58,0,1706.77,4
2025,ADK90,Canoe,oc2stockmaster,9,7.43625,58.7,0.37,1706.89,2
2016,ADK90,Guideboat,g2,5,7.436944444444444,70.2,0.02,1706.83,2
2022,ADK90,Canoe,oc2stockmix,5,7.437277777777778,63.4,0,1706.93,2
2011,ADK90,Canoe,open,NA,7.4375,63.9,0,1706.86,6
2012,ADK90,Canoe,oc2ammix,5,7.438611111111111,67.4,0,1706.75,2
2015,ADK90,Canoe,open,NA,7.438888888888889,63.9,0,1706.82,6
2016,ADK90,Canoe,open,NA,7.440277777777778,70.2,0.02,1706.83,6
2018,ADK90,Canoe,open,NA,7.440555555555555,61.9,0,1706.8,6
2015,ADK90,Canoe,oc2stock,11,7.441111111111111,63.9,0,1706.82,2
2024,ADK90,Canoe,oc4stocknc,2,7.441166666666667,61.6,0,1706.82,4
2014,ADK90,Canoe,open,NA,7.441388888888889,69.5,0,1706.89,6
2012,ADK90,Canoe,oc1am,1,7.441944444444444,67.4,0,1706.75,1
2017,ADK90,Voyageur,voyageur,4,7.4447222222222225,51.1,0.484,1706.89,6
2023,ADK90,Canoe,oc2rec,2,7.447361111111111,66.9,0.15,1706.8,2
2014,ADK90,Kayak,k1tourmaster,4,7.448055555555555,69.5,0,1706.89,1
2024,ADK90,Canoe,oc4stockmix,17,7.449083333333333,61.6,0,1706.82,4
2008,ADK90,Canoe,oc1recveteran,1,7.449166666666667,72.3,0,1706.81,1
2019,ADK90,Canoe,oc4stockmix,10,7.45,58,0,1706.77,4
2024,ADK90,Canoe,oc2recmaster,1,7.4505,61.6,0,1706.82,2
2023,ADK90,Canoe,oc2recnc,1,7.451416666666666,66.9,0.15,1706.8,2
2013,ADK90,Canoe,open,NA,7.451944444444444,51.6,0,1706.88,6
2025,ADK90,Canoe,oc4stockmix,14,7.45375,58.7,0.37,1706.89,4
2015,ADK90,Canoe,open,NA,7.454166666666667,63.9,0,1706.82,6
2018,ADK90,Canoe,open,NA,7.454722222222222,61.9,0,1706.8,6
2009,ADK90,Canoe,oc2stockmixmaster,9,7.455277777777778,57.2,0.016,1706.65,2
2013,ADK90,Canoe,open,NA,7.455555555555556,51.6,0,1706.88,6
2014,ADK90,Canoe,open,NA,7.457777777777777,69.5,0,1706.89,6
2009,ADK90,Canoe,oc2stock,9,7.458055555555555,57.2,0.016,1706.65,2
2015,ADK90,Canoe,oc2amwomen,1,7.4591666666666665,63.9,0,1706.82,2
2023,ADK90,Canoe,oc2stockmix,6,7.4607777777777775,66.9,0.15,1706.8,2
2009,ADK90,Canoe,oc1am,1,7.462777777777778,57.2,0.016,1706.65,1
2024,ADK90,Canoe,oc4stockmaster,8,7.463083333333333,61.6,0,1706.82,4
2017,ADK90,Canoe,open,NA,7.4655555555555555,51.1,0.484,1706.89,6
2012,ADK90,Canoe,open,NA,7.465833333333333,67.4,0,1706.75,6
2023,ADK90,Kayak,k1womennc,2,7.466777777777779,66.9,0.15,1706.8,1
2014,ADK90,Canoe,open,NA,7.468055555555556,69.5,0,1706.89,6
2012,ADK90,Guideboat,g2,6,7.4686111111111115,67.4,0,1706.75,2
2016,ADK90,Canoe,oc1stockmaster,1,7.4719444444444445,70.2,0.02,1706.83,1
2023,ADK90,Canoe,oc2stockwomen,1,7.472194444444445,66.9,0.15,1706.8,2
2014,ADK90,Canoe,open,NA,7.473055555555556,69.5,0,1706.89,6
2010,ADK90,Canoe,oc1stock,1,7.478888888888889,52.8,0.043,1706.87,1
2012,ADK90,Canoe,open,NA,7.479166666666667,67.4,0,1706.75,6
2009,ADK90,Canoe,open,NA,7.481388888888889,57.2,0.016,1706.65,6
2015,ADK90,Canoe,open,NA,7.4825,63.9,0,1706.82,6
2013,ADK90,Canoe,oc4,15,7.483055555555556,51.6,0,1706.88,4
2008,ADK90,Canoe,oc2ammixmaster,8,7.4880555555555555,72.3,0,1706.81,2
2009,ADK90,Kayak,k2mix,3,7.489444444444445,57.2,0.016,1706.65,2
2008,ADK90,Canoe,oc4mix,13,7.49,72.3,0,1706.81,4
2011,ADK90,Guideboat,g1,1,7.490555555555556,63.9,0,1706.86,1
2018,ADK90,Canoe,oc1recmaster,3,7.4911111111111115,61.9,0,1706.8,1
2024,ADK90,Canoe,oc2rec,1,7.492,61.6,0,1706.82,2
2018,ADK90,Canoe,open,NA,7.4927777777777775,61.9,0,1706.8,6
2024,ADK90,Canoe,oc2stockmaster,4,7.494555555555556,61.6,0,1706.82,2
2008,ADK90,Canoe,oc1stock,5,7.495,72.3,0,1706.81,1
2025,ADK90,Canoe,oc4stocknc,4,7.496722222222222,58.7,0.37,1706.89,4
2009,ADK90,Voyageur,voyageur,7,7.496944444444445,57.2,0.016,1706.65,6
2025,ADK90,Guideboat,g2,1,7.497694444444445,58.7,0.37,1706.89,2
2016,ADK90,Canoe,open,NA,7.500555555555556,70.2,0.02,1706.83,6
2014,ADK90,Canoe,open,NA,7.501944444444445,69.5,0,1706.89,6
2017,ADK90,Canoe,oc2stockmix,4,7.504166666666666,51.1,0.484,1706.89,2
2014,ADK90,Canoe,open,NA,7.505,69.5,0,1706.89,6
2025,ADK90,Canoe,oc4stockwomen,5,7.505277777777778,58.7,0.37,1706.89,4
2013,ADK90,Canoe,open,NA,7.505277777777778,51.6,0,1706.88,6
2015,ADK90,Canoe,open,NA,7.508055555555556,63.9,0,1706.82,6
2012,ADK90,Canoe,open,NA,7.508333333333334,67.4,0,1706.75,6
2016,ADK90,Kayak,k1tour,1,7.508333333333334,70.2,0.02,1706.83,1
2017,ADK90,Canoe,oc2ammix,4,7.510277777777778,51.1,0.484,1706.89,2
2008,ADK90,Canoe,oc4women,1,7.510833333333333,72.3,0,1706.81,4
2016,ADK90,Guideboat,g2,4,7.5119444444444445,70.2,0.02,1706.83,2
2013,ADK90,Canoe,open,NA,7.513055555555556,51.6,0,1706.88,6
2014,ADK90,Canoe,oc1stockveteran,2,7.513333333333334,69.5,0,1706.89,1
2022,ADK90,Canoe,oc2recjrsr,1,7.513833333333333,63.4,0,1706.93,2
2017,ADK90,Canoe,oc1stockmaster,2,7.514166666666667,51.1,0.484,1706.89,1
2010,ADK90,Canoe,oc2stockmixmaster,8,7.516388888888889,52.8,0.043,1706.87,2
2022,ADK90,Canoe,oc2stockmix,4,7.517166666666666,63.4,0,1706.93,2
2023,ADK90,Canoe,oc2mix,1,7.5176944444444445,66.9,0.15,1706.8,2
2014,ADK90,Canoe,oc2ammix,3,7.517777777777778,69.5,0,1706.89,2
2012,ADK90,Canoe,open,NA,7.518055555555556,67.4,0,1706.75,6
2022,ADK90,Canoe,oc2recjrsr,2,7.519194444444444,63.4,0,1706.93,2
2010,ADK90,Canoe,open,NA,7.519444444444445,52.8,0.043,1706.87,6
2018,ADK90,Canoe,oc2rec,3,7.520277777777777,61.9,0,1706.8,2
2021,ADK90,Canoe,oc2stockveteran,1,7.520555555555555,55.4,0.055,1706.94,2
2025,ADK90,Canoe,oc2stocktour,3,7.521638888888889,58.7,0.37,1706.89,2
2018,ADK90,Canoe,oc2am,3,7.5216666666666665,61.9,0,1706.8,2
2011,ADK90,Canoe,oc2rec,5,7.521944444444444,63.9,0,1706.86,2
2019,ADK90,Kayak,k1tourmaster,5,7.5225,58,0,1706.77,1
2025,ADK90,Canoe,oc2stockmaster,8,7.522944444444444,58.7,0.37,1706.89,2
2009,ADK90,Canoe,open,NA,7.523055555555556,57.2,0.016,1706.65,6
2013,ADK90,Canoe,open,NA,7.524166666666667,51.6,0,1706.88,6
2012,ADK90,Canoe,oc1rec,3,7.526111111111111,67.4,0,1706.75,1
2025,ADK90,Kayak,k2tournc,3,7.527055555555556,58.7,0.37,1706.89,2
2018,ADK90,Canoe,open,NA,7.5275,61.9,0,1706.8,6
2025,ADK90,Canoe,oc2stock,19,7.5275,58.7,0.37,1706.89,2
2022,ADK90,Canoe,oc2stocktour,4,7.529111111111111,63.4,0,1706.93,2
2016,ADK90,Canoe,open,NA,7.529166666666667,70.2,0.02,1706.83,6
2024,ADK90,Canoe,oc2stockwomen,1,7.531083333333334,61.6,0,1706.82,2
2009,ADK90,Guideboat,g1,1,7.532222222222222,57.2,0.016,1706.65,1
2015,ADK90,Canoe,open,NA,7.533611111111111,63.9,0,1706.82,6
2024,ADK90,Canoe,oc2stockmixmaster,5,7.535805555555556,61.6,0,1706.82,2
2016,ADK90,Guideboat,g2mix,2,7.535833333333334,70.2,0.02,1706.83,2
2021,ADK90,SUP,solorec,4,7.5377777777777775,55.4,0.055,1706.94,1
2009,ADK90,Kayak,k1tourmaster,3,7.538611111111111,57.2,0.016,1706.65,1
2017,ADK90,Canoe,open,NA,7.539166666666667,51.1,0.484,1706.89,6
2013,ADK90,Canoe,open,NA,7.540277777777778,51.6,0,1706.88,6
2012,ADK90,Canoe,open,NA,7.540555555555556,67.4,0,1706.75,6
2025,ADK90,Kayak,k1sport,2,7.540694444444444,58.7,0.37,1706.89,1
2015,ADK90,Canoe,open,NA,7.5408333333333335,63.9,0,1706.82,6
2013,ADK90,Canoe,open,NA,7.541111111111111,51.6,0,1706.88,6
2017,ADK90,Canoe,open,NA,7.541111111111111,51.1,0.484,1706.89,6
2012,ADK90,Canoe,open,NA,7.541388888888889,67.4,0,1706.75,6
2017,ADK90,Guideboat,g2,4,7.541388888888889,51.1,0.484,1706.89,2
2014,ADK90,Guideboat,g2,2,7.543888888888889,69.5,0,1706.89,2
2012,ADK90,Canoe,oc4mix,17,7.544722222222222,67.4,0,1706.75,4
2024,ADK90,Canoe,oc2stockveteran,3,7.549416666666667,61.6,0,1706.82,2
2012,ADK90,Canoe,oc4women,3,7.549444444444444,67.4,0,1706.75,4
2019,ADK90,Kayak,k1unlimited,5,7.5505555555555555,58,0,1706.77,1
2025,ADK90,Canoe,oc2stocktour,2,7.551555555555555,58.7,0.37,1706.89,2
2025,ADK90,Canoe,oc2rec,4,7.552361111111111,58.7,0.37,1706.89,2
2023,ADK90,Canoe,oc4stocknc,1,7.552583333333333,66.9,0.15,1706.8,4
2011,ADK90,Canoe,oc1am,2,7.553888888888889,63.9,0,1706.86,1
2024,ADK90,Canoe,oc1stockveteran,2,7.55525,61.6,0,1706.82,1
2016,ADK90,Canoe,oc1recmaster,3,7.556666666666667,70.2,0.02,1706.83,1
2023,ADK90,Canoe,oc4stockmix,16,7.558166666666667,66.9,0.15,1706.8,4
2013,ADK90,Canoe,open,NA,7.559166666666667,51.6,0,1706.88,6
2011,ADK90,Canoe,open,NA,7.559444444444445,63.9,0,1706.86,6
2025,ADK90,Canoe,oc1stock,5,7.560333333333333,58.7,0.37,1706.89,1
2016,ADK90,Canoe,open,NA,7.561388888888889,70.2,0.02,1706.83,6
2014,ADK90,Canoe,open,NA,7.563055555555556,69.5,0,1706.89,6
2012,ADK90,Canoe,open,NA,7.563055555555556,67.4,0,1706.75,6
2012,ADK90,Guideboat,g2,7,7.564722222222223,67.4,0,1706.75,2
2025,ADK90,Canoe,oc2stocktour,2,7.5648888888888886,58.7,0.37,1706.89,2
2015,ADK90,Canoe,open,NA,7.566944444444444,63.9,0,1706.82,6
2019,ADK90,Canoe,oc2stock,5,7.5680555555555555,58,0,1706.77,2
2017,ADK90,Guideboat,g2,5,7.5680555555555555,51.1,0.484,1706.89,2
2008,ADK90,Canoe,open,NA,7.5680555555555555,72.3,0,1706.81,6
2022,ADK90,Canoe,oc1stockveteran,3,7.5690277777777775,63.4,0,1706.93,1
2011,ADK90,Canoe,open,NA,7.569166666666667,63.9,0,1706.86,6
2016,ADK90,Canoe,open,NA,7.57,70.2,0.02,1706.83,6
2017,ADK90,Canoe,oc2stockmix,5,7.573055555555555,51.1,0.484,1706.89,2
2014,ADK90,Canoe,open,NA,7.573333333333333,69.5,0,1706.89,6
2015,ADK90,Canoe,oc1stock,4,7.574166666666667,63.9,0,1706.82,1
2022,ADK90,Canoe,oc2stockmixmaster,7,7.5744444444444445,63.4,0,1706.93,2
2022,ADK90,Canoe,oc2stock,3,7.574472222222222,63.4,0,1706.93,2
2009,ADK90,Canoe,oc2stock,8,7.575,57.2,0.016,1706.65,2
2025,ADK90,Canoe,oc2stock,18,7.5754166666666665,58.7,0.37,1706.89,2
2016,ADK90,Canoe,open,NA,7.575555555555556,70.2,0.02,1706.83,6
2010,ADK90,Canoe,open,NA,7.5761111111111115,52.8,0.043,1706.87,6
2015,ADK90,Canoe,open,NA,7.577222222222222,63.9,0,1706.82,6
2013,ADK90,Canoe,open,NA,7.578611111111111,51.6,0,1706.88,6
2021,ADK90,Canoe,oc4stockwomenmaster,4,7.581111111111111,55.4,0.055,1706.94,4
2023,ADK90,Canoe,oc2stockmaster,7,7.583555555555555,66.9,0.15,1706.8,2
2025,ADK90,Canoe,oc4stockmix,15,7.5840000000000005,58.7,0.37,1706.89,4
2022,ADK90,Canoe,oc2,NA,7.584222222222222,63.4,0,1706.93,2
2013,ADK90,Canoe,open,NA,7.584722222222222,51.6,0,1706.88,6
2016,ADK90,Canoe,open,NA,7.588888888888889,70.2,0.02,1706.83,6
2024,ADK90,Canoe,oc2openwomen,1,7.591388888888889,61.6,0,1706.82,2
2024,ADK90,Guideboat,g2mix,1,7.591916666666667,61.6,0,1706.82,2
2010,ADK90,Canoe,open,NA,7.592222222222222,52.8,0.043,1706.87,6
2018,ADK90,Canoe,oc2stockmix,3,7.5938888888888885,61.9,0,1706.8,2
2024,ADK90,Canoe,oc2stock,14,7.593944444444444,61.6,0,1706.82,2
2025,ADK90,Canoe,oc4stockwomen,6,7.594444444444444,58.7,0.37,1706.89,4
2015,ADK90,Canoe,oc1stock,3,7.594444444444444,63.9,0,1706.82,1
2019,ADK90,Canoe,oc4stock,5,7.595277777777778,58,0,1706.77,4
2010,ADK90,Canoe,open,NA,7.595833333333333,52.8,0.043,1706.87,6
2008,ADK90,Canoe,open,NA,7.597777777777778,72.3,0,1706.81,6
2022,ADK90,Canoe,oc4stock,10,7.597888888888889,63.4,0,1706.93,4
2025,ADK90,Canoe,oc2stockmaster,10,7.598361111111111,58.7,0.37,1706.89,2
2021,ADK90,Canoe,oc1stockveteran,2,7.598611111111111,55.4,0.055,1706.94,1
2010,ADK90,Kayak,k2master,3,7.601388888888889,52.8,0.043,1706.87,2
2016,ADK90,Canoe,oc2ammix,4,7.601666666666667,70.2,0.02,1706.83,2
2009,ADK90,Canoe,oc2stockmaster,8,7.601944444444444,57.2,0.016,1706.65,2
2013,ADK90,Canoe,open,NA,7.601944444444444,51.6,0,1706.88,6
2013,ADK90,Canoe,open,NA,7.603611111111111,51.6,0,1706.88,6
2018,ADK90,Canoe,open,NA,7.603611111111111,61.9,0,1706.8,6
2015,ADK90,Canoe,open,NA,7.604444444444445,63.9,0,1706.82,6
2013,ADK90,Guideboat,g1,3,7.604722222222223,51.6,0,1706.88,1
2016,ADK90,Canoe,open,NA,7.606388888888889,70.2,0.02,1706.83,6
2016,ADK90,Canoe,open,NA,7.606388888888889,70.2,0.02,1706.83,6
2009,ADK90,Canoe,open,NA,7.608611111111111,57.2,0.016,1706.65,6
2021,ADK90,Guideboat,g2,5,7.608888888888889,55.4,0.055,1706.94,2
2010,ADK90,Canoe,oc2stockmix,6,7.6097222222222225,52.8,0.043,1706.87,2
2015,ADK90,Canoe,open,NA,7.610277777777778,63.9,0,1706.82,6
2014,ADK90,Canoe,open,NA,7.610833333333333,69.5,0,1706.89,6
2009,ADK90,Canoe,open,NA,7.611111111111111,57.2,0.016,1706.65,6
2011,ADK90,Canoe,oc1stock,3,7.6113888888888885,63.9,0,1706.86,1
2009,ADK90,Canoe,oc2stockmaster,7,7.613611111111111,57.2,0.016,1706.65,2
2022,ADK90,Canoe,oc4stockmix,14,7.6138055555555555,63.4,0,1706.93,4
2009,ADK90,Canoe,oc2stockwomen,3,7.614444444444445,57.2,0.016,1706.65,2
2009,ADK90,Guideboat,g2,3,7.615277777777778,57.2,0.016,1706.65,2
2019,ADK90,Canoe,oc4open,6,7.616388888888889,58,0,1706.77,4
2014,ADK90,Canoe,open,NA,7.616666666666666,69.5,0,1706.89,6
2019,ADK90,Canoe,oc2recmix,1,7.616944444444444,58,0,1706.77,2
2013,ADK90,Kayak,k1tourveteran,2,7.616944444444444,51.6,0,1706.88,1
2012,ADK90,Canoe,oc1stock,6,7.6175,67.4,0,1706.75,1
2015,ADK90,Canoe,open,NA,7.6194444444444445,63.9,0,1706.82,6
2018,ADK90,Canoe,oc4stockwomen,3,7.621666666666667,61.9,0,1706.8,4
2017,ADK90,Canoe,open,NA,7.623888888888889,51.1,0.484,1706.89,6
2017,ADK90,Canoe,open,NA,7.6258333333333335,51.1,0.484,1706.89,6
2009,ADK90,Canoe,open,NA,7.626111111111111,57.2,0.016,1706.65,6
2008,ADK90,Canoe,oc2stockmaster,9,7.626388888888889,72.3,0,1706.81,2
2023,ADK90,Canoe,oc2stockmix,7,7.628,66.9,0.15,1706.8,2
2014,ADK90,Canoe,oc2stockmixveteran,1,7.628333333333333,69.5,0,1706.89,2
2011,ADK90,Guideboat,g2,5,7.628611111111111,63.9,0,1706.86,2
2010,ADK90,Kayak,k2master,4,7.630833333333333,52.8,0.043,1706.87,2
2008,ADK90,Canoe,oc1stock,6,7.6325,72.3,0,1706.81,1
2011,ADK90,Canoe,open,NA,7.634166666666666,63.9,0,1706.86,6
2011,ADK90,Canoe,oc2stockmix,4,7.636111111111111,63.9,0,1706.86,2
2022,ADK90,Guideboat,g2mix,3,7.636361111111111,63.4,0,1706.93,2
2011,ADK90,Canoe,oc1rec,4,7.637222222222222,63.9,0,1706.86,1
2016,ADK90,Canoe,oc2stockmix,2,7.637222222222222,70.2,0.02,1706.83,2
2025,ADK90,Canoe,oc4stockmix,17,7.638305555555556,58.7,0.37,1706.89,4
2011,ADK90,Canoe,open,NA,7.639444444444444,63.9,0,1706.86,6
2012,ADK90,Canoe,oc1rec,5,7.639722222222222,67.4,0,1706.75,1
2013,ADK90,Canoe,oc1recwomen,2,7.64,51.6,0,1706.88,1
2017,ADK90,Canoe,open,NA,7.6402777777777775,51.1,0.484,1706.89,6
2012,ADK90,Canoe,open,NA,7.6402777777777775,67.4,0,1706.75,6
2025,ADK90,Canoe,oc2stockmix,9,7.64175,58.7,0.37,1706.89,2
2021,ADK90,Guideboat,g2,3,7.642222222222222,55.4,0.055,1706.94,2
2011,ADK90,Guideboat,g2,6,7.6425,63.9,0,1706.86,2
2023,ADK90,Canoe,oc2stocknc,2,7.6455,66.9,0.15,1706.8,2
2019,ADK90,Canoe,oc2rec,1,7.645555555555555,58,0,1706.77,2
2008,ADK90,Canoe,open,NA,7.6466666666666665,72.3,0,1706.81,6
2008,ADK90,Canoe,oc1rec,6,7.648333333333333,72.3,0,1706.81,1
2008,ADK90,Canoe,oc2recmix,2,7.6497222222222225,72.3,0,1706.81,2
2016,ADK90,Canoe,oc1stockmaster,2,7.651944444444444,70.2,0.02,1706.83,1
2012,ADK90,Guideboat,g2,8,7.655,67.4,0,1706.75,2
2023,ADK90,Canoe,oc2stockwomen,3,7.6552500000000006,66.9,0.15,1706.8,2
2010,ADK90,Canoe,oc1rec,8,7.655555555555556,52.8,0.043,1706.87,1
2009,ADK90,Canoe,oc2stockmix,7,7.655833333333334,57.2,0.016,1706.65,2
2011,ADK90,Canoe,open,NA,7.656666666666666,63.9,0,1706.86,6
2016,ADK90,Kayak,k1tour,2,7.656944444444444,70.2,0.02,1706.83,1
2011,ADK90,Canoe,oc1am,3,7.657222222222222,63.9,0,1706.86,1
2012,ADK90,Canoe,open,NA,7.659166666666667,67.4,0,1706.75,6
2011,ADK90,Canoe,oc2stock,8,7.660833333333334,63.9,0,1706.86,2
2022,ADK90,Canoe,oc2stockmaster,6,7.662944444444444,63.4,0,1706.93,2
2014,ADK90,Canoe,open,NA,7.665277777777778,69.5,0,1706.89,6
2018,ADK90,Canoe,open,NA,7.6658333333333335,61.9,0,1706.8,6
2011,ADK90,Canoe,oc2stockmixveteran,3,7.666111111111111,63.9,0,1706.86,2
2013,ADK90,Canoe,open,NA,7.666388888888889,51.6,0,1706.88,6
2016,ADK90,Canoe,open,NA,7.666666666666667,70.2,0.02,1706.83,6
2012,ADK90,Canoe,open,NA,7.6675,67.4,0,1706.75,6
2010,ADK90,Canoe,oc2ammix,7,7.668055555555555,52.8,0.043,1706.87,2
2015,ADK90,Canoe,open,NA,7.67,63.9,0,1706.82,6
2018,ADK90,Guideboat,g1,3,7.671111111111111,61.9,0,1706.8,1
2022,ADK90,Canoe,oc2stocktour,2,7.67125,63.4,0,1706.93,2
2010,ADK90,Canoe,oc1recwomen,1,7.671944444444445,52.8,0.043,1706.87,1
2014,ADK90,Canoe,open,NA,7.6722222222222225,69.5,0,1706.89,6
2019,ADK90,Canoe,oc1recveteran,2,7.6722222222222225,58,0,1706.77,1
2021,ADK90,Canoe,oc2stockmaster,6,7.672777777777778,55.4,0.055,1706.94,2
2016,ADK90,Canoe,open,NA,7.673055555555556,70.2,0.02,1706.83,6
2014,ADK90,Canoe,open,NA,7.676111111111111,69.5,0,1706.89,6
2008,ADK90,Guideboat,g1,1,7.677222222222222,72.3,0,1706.81,1
2010,ADK90,Canoe,oc1stock,2,7.6786111111111115,52.8,0.043,1706.87,1
2023,ADK90,Guideboat,g2nc,2,7.67913888888889,66.9,0.15,1706.8,2
2015,ADK90,Canoe,open,NA,7.679722222222222,63.9,0,1706.82,6
2018,ADK90,Canoe,oc4stockmix,11,7.6802777777777775,61.9,0,1706.8,4
2013,ADK90,Canoe,open,NA,7.6819444444444445,51.6,0,1706.88,6
2014,ADK90,Canoe,oc2stock,8,7.684166666666667,69.5,0,1706.89,2
2009,ADK90,Canoe,open,NA,7.685,57.2,0.016,1706.65,6
2018,ADK90,Canoe,oc1rec,2,7.685555555555555,61.9,0,1706.8,1
2008,ADK90,Kayak,k2,6,7.686388888888889,72.3,0,1706.81,2
2023,ADK90,Canoe,oc4stockmix,18,7.686388888888889,66.9,0.15,1706.8,4
2017,ADK90,Canoe,oc1stock,1,7.686944444444444,51.1,0.484,1706.89,1
2023,ADK90,Canoe,oc1stocknc,1,7.68825,66.9,0.15,1706.8,1
2009,ADK90,Canoe,oc2rec,4,7.6883333333333335,57.2,0.016,1706.65,2
2009,ADK90,Canoe,open,NA,7.688611111111111,57.2,0.016,1706.65,6
2008,ADK90,Guideboat,g2,9,7.690277777777778,72.3,0,1706.81,2
2025,ADK90,Canoe,oc4stock,15,7.691472222222222,58.7,0.37,1706.89,4
2021,ADK90,Canoe,oc2stockmix,4,7.691666666666666,55.4,0.055,1706.94,2
2012,ADK90,Canoe,oc1rec,7,7.692777777777778,67.4,0,1706.75,1
2012,ADK90,Canoe,open,NA,7.6930555555555555,67.4,0,1706.75,6
2018,ADK90,Canoe,oc2stockmixmaster,5,7.693333333333333,61.9,0,1706.8,2
2025,ADK90,Canoe,oc3stock,1,7.696,58.7,0.37,1706.89,3
2024,ADK90,Canoe,oc2stock,15,7.697,61.6,0,1706.82,2
2023,ADK90,Canoe,oc2stockmaster,6,7.698944444444445,66.9,0.15,1706.8,2
2011,ADK90,Canoe,oc2stockmaster,8,7.699166666666667,63.9,0,1706.86,2
2016,ADK90,Canoe,open,NA,7.700277777777778,70.2,0.02,1706.83,6
2018,ADK90,Canoe,oc2recmix,2,7.700555555555556,61.9,0,1706.8,2
2024,ADK90,Canoe,oc4stockmix,20,7.700722222222222,61.6,0,1706.82,4
2014,ADK90,Canoe,oc1stockmaster,4,7.701388888888889,69.5,0,1706.89,1
2010,ADK90,Canoe,open,NA,7.7027777777777775,52.8,0.043,1706.87,6
2010,ADK90,Canoe,oc2am,5,7.703055555555555,52.8,0.043,1706.87,2
2024,ADK90,Canoe,oc2stock,16,7.705444444444444,61.6,0,1706.82,2
2008,ADK90,Guideboat,g2,7,7.705555555555556,72.3,0,1706.81,2
2024,ADK90,Canoe,oc2rec,3,7.708888888888889,61.6,0,1706.82,2
2017,ADK90,Canoe,open,NA,7.711111111111111,51.1,0.484,1706.89,6
2013,ADK90,Canoe,open,NA,7.712777777777778,51.6,0,1706.88,6
2024,ADK90,Canoe,oc2stockmaster,5,7.713527777777778,61.6,0,1706.82,2
2023,ADK90,Canoe,oc2rec,3,7.713861111111112,66.9,0.15,1706.8,2
2010,ADK90,Canoe,open,NA,7.715,52.8,0.043,1706.87,6
2021,ADK90,Guideboat,g1,1,7.715277777777778,55.4,0.055,1706.94,1
2013,ADK90,Canoe,open,NA,7.7155555555555555,51.6,0,1706.88,6
2024,ADK90,Canoe,oc2stockmaster,7,7.715638888888889,61.6,0,1706.82,2
2023,ADK90,Canoe,oc2recnc,3,7.716666666666667,66.9,0.15,1706.8,2
2014,ADK90,Canoe,oc1rec,10,7.716944444444445,69.5,0,1706.89,1
2008,ADK90,Canoe,oc2rec,4,7.718333333333334,72.3,0,1706.81,2
2014,ADK90,Canoe,oc1rec,9,7.719444444444444,69.5,0,1706.89,1
2025,ADK90,Canoe,oc2rec,5,7.720194444444445,58.7,0.37,1706.89,2
2013,ADK90,Canoe,open,NA,7.722222222222222,51.6,0,1706.88,6
2008,ADK90,Canoe,oc2stockwomen,3,7.724444444444444,72.3,0,1706.81,2
2022,ADK90,Canoe,oc2rectourmaster,1,7.724805555555555,63.4,0,1706.93,2
2022,ADK90,Canoe,oc4stock,11,7.724944444444445,63.4,0,1706.93,4
2021,ADK90,Canoe,oc4stock,8,7.726111111111111,55.4,0.055,1706.94,4
2016,ADK90,Canoe,oc1recwomen,1,7.729722222222223,70.2,0.02,1706.83,1
2012,ADK90,Canoe,open,NA,7.73,67.4,0,1706.75,6
2024,ADK90,Canoe,oc2stockmix,6,7.731305555555556,61.6,0,1706.82,2
2021,ADK90,Canoe,oc2stock,9,7.731388888888889,55.4,0.055,1706.94,2
2010,ADK90,Canoe,open,NA,7.7316666666666665,52.8,0.043,1706.87,6
2013,ADK90,Guideboat,g2,5,7.731944444444444,51.6,0,1706.88,2
2021,ADK90,Canoe,oc2family,1,7.733055555555556,55.4,0.055,1706.94,2
2016,ADK90,Canoe,open,NA,7.733611111111111,70.2,0.02,1706.83,6
2013,ADK90,Canoe,open,NA,7.733611111111111,51.6,0,1706.88,6
2017,ADK90,Canoe,open,NA,7.733888888888889,51.1,0.484,1706.89,6
2025,ADK90,Canoe,oc2stocktour,4,7.734805555555555,58.7,0.37,1706.89,2
2022,ADK90,Canoe,oc4stockmaster,3,7.7356388888888885,63.4,0,1706.93,4
2013,ADK90,Guideboat,g2mix,1,7.736111111111111,51.6,0,1706.88,2
2008,ADK90,Canoe,open,NA,7.740833333333334,72.3,0,1706.81,6
2023,ADK90,Canoe,oc2recnc,2,7.741555555555555,66.9,0.15,1706.8,2
2014,ADK90,Canoe,open,NA,7.741944444444444,69.5,0,1706.89,6
2025,ADK90,Canoe,oc2stockwomen,2,7.7427777777777775,58.7,0.37,1706.89,2
2009,ADK90,Canoe,oc1rec,4,7.743611111111111,57.2,0.016,1706.65,1
2011,ADK90,Canoe,open,NA,7.743888888888889,63.9,0,1706.86,6
2017,ADK90,Canoe,open,NA,7.744722222222222,51.1,0.484,1706.89,6
2013,ADK90,Canoe,oc1stock,2,7.745277777777778,51.6,0,1706.88,1
2015,ADK90,Guideboat,g2,3,7.745555555555556,63.9,0,1706.82,2
2012,ADK90,Canoe,open,NA,7.746111111111111,67.4,0,1706.75,6
2011,ADK90,Canoe,oc1stock,4,7.746388888888889,63.9,0,1706.86,1
2013,ADK90,Canoe,oc1rec,6,7.746666666666667,51.6,0,1706.88,1
2010,ADK90,Guideboat,g2,5,7.746944444444445,52.8,0.043,1706.87,2
2022,ADK90,Guideboat,g2master,2,7.747055555555556,63.4,0,1706.93,2
2024,ADK90,Canoe,oc2rectournc,2,7.7484166666666665,61.6,0,1706.82,2
2013,ADK90,Canoe,open,NA,7.748611111111111,51.6,0,1706.88,6
2017,ADK90,Canoe,open,NA,7.7491666666666665,51.1,0.484,1706.89,6
2010,ADK90,Canoe,oc2stockmix,7,7.749444444444444,52.8,0.043,1706.87,2
2009,ADK90,Canoe,oc2family,1,7.750277777777778,57.2,0.016,1706.65,2
2013,ADK90,Canoe,open,NA,7.750555555555556,51.6,0,1706.88,6
2015,ADK90,Canoe,open,NA,7.7508333333333335,63.9,0,1706.82,6
2009,ADK90,Canoe,open,NA,7.751388888888889,57.2,0.016,1706.65,6
2025,ADK90,Canoe,oc4stock,16,7.751638888888889,58.7,0.37,1706.89,4
2017,ADK90,Canoe,open,NA,7.752777777777778,51.1,0.484,1706.89,6
2008,ADK90,Canoe,open,NA,7.752777777777778,72.3,0,1706.81,6
2017,ADK90,Canoe,oc2stockmix,6,7.753055555555555,51.1,0.484,1706.89,2
2011,ADK90,Canoe,open,NA,7.754722222222222,63.9,0,1706.86,6
2024,ADK90,Canoe,oc2stockmixveteran,7,7.755805555555556,61.6,0,1706.82,2
2008,ADK90,Guideboat,g2,8,7.756388888888889,72.3,0,1706.81,2
2021,ADK90,Canoe,oc2stockmix,6,7.7572222222222225,55.4,0.055,1706.94,2
2025,ADK90,Canoe,oc2stockwomen,1,7.757472222222223,58.7,0.37,1706.89,2
2017,ADK90,Canoe,open,NA,7.758333333333334,51.1,0.484,1706.89,6
2011,ADK90,Guideboat,g1,2,7.758333333333334,63.9,0,1706.86,1
2014,ADK90,Canoe,open,NA,7.76,69.5,0,1706.89,6
2022,ADK90,Canoe,oc2stockmix,6,7.760166666666667,63.4,0,1706.93,2
2013,ADK90,Canoe,open,NA,7.761111111111111,51.6,0,1706.88,6
2014,ADK90,Canoe,open,NA,7.761111111111111,69.5,0,1706.89,6
2013,ADK90,Canoe,oc2family,2,7.761666666666667,51.6,0,1706.88,2
2009,ADK90,Guideboat,g2,4,7.761666666666667,57.2,0.016,1706.65,2
2008,ADK90,Canoe,open,NA,7.761666666666667,72.3,0,1706.81,6
2022,ADK90,Canoe,oc2stockmix,7,7.761722222222223,63.4,0,1706.93,2
2015,ADK90,Guideboat,g2,4,7.7625,63.9,0,1706.82,2
2018,ADK90,Canoe,open,NA,7.762777777777778,61.9,0,1706.8,6
2018,ADK90,Guideboat,g2,1,7.7636111111111115,61.9,0,1706.8,2
2021,ADK90,Canoe,oc2stockmix,5,7.763888888888889,55.4,0.055,1706.94,2
2014,ADK90,Canoe,oc2stockmixsuperveteran,1,7.764722222222222,69.5,0,1706.89,2
2017,ADK90,Canoe,open,NA,7.766111111111111,51.1,0.484,1706.89,6
2025,ADK90,Guideboat,g2,2,7.768083333333333,58.7,0.37,1706.89,2
2018,ADK90,Canoe,open,NA,7.769444444444445,61.9,0,1706.8,6
2012,ADK90,Guideboat,g1,4,7.77,67.4,0,1706.75,1
2012,ADK90,Canoe,open,NA,7.770555555555555,67.4,0,1706.75,6
2023,ADK90,SUP,sup,1,7.770944444444445,66.9,0.15,1706.8,1
2009,ADK90,Canoe,oc2ammix,7,7.772777777777778,57.2,0.016,1706.65,2
2014,ADK90,Canoe,open,NA,7.776666666666666,69.5,0,1706.89,6
2023,ADK90,Canoe,oc2stock,14,7.777805555555555,66.9,0.15,1706.8,2
2013,ADK90,Canoe,open,NA,7.778333333333333,51.6,0,1706.88,6
2016,ADK90,Canoe,oc1stockwomen,1,7.78,70.2,0.02,1706.83,1
2019,ADK90,Canoe,oc1recmaster,1,7.78,58,0,1706.77,1
2025,ADK90,Canoe,oc2rec,3,7.780277777777778,58.7,0.37,1706.89,2
2025,ADK90,Canoe,oc2stock,22,7.780555555555556,58.7,0.37,1706.89,2
2011,ADK90,Kayak,k1tour,2,7.783055555555555,63.9,0,1706.86,1
2023,ADK90,Canoe,oc2recmaster,1,7.7836388888888886,66.9,0.15,1706.8,2
2022,ADK90,Canoe,oc2stockopen,11,7.784000000000001,63.4,0,1706.93,2
2015,ADK90,Canoe,open,NA,7.784722222222222,63.9,0,1706.82,6
2010,ADK90,Canoe,open,NA,7.785,52.8,0.043,1706.87,6
2022,ADK90,Canoe,oc1stock,1,7.785111111111111,63.4,0,1706.93,1
2017,ADK90,Canoe,oc1stock,2,7.786111111111111,51.1,0.484,1706.89,1
2025,ADK90,Canoe,oc4stocktour,3,7.7868055555555555,58.7,0.37,1706.89,4
2018,ADK90,Guideboat,g2mix,1,7.7875,61.9,0,1706.8,2
2021,ADK90,Canoe,oc2rec,2,7.79,55.4,0.055,1706.94,2
2016,ADK90,Guideboat,g2,8,7.790555555555556,70.2,0.02,1706.83,2
2009,ADK90,Voyageur,voyageur,8,7.7908333333333335,57.2,0.016,1706.65,6
2022,ADK90,Kayak,k1tournc,5,7.790972222222222,63.4,0,1706.93,1
2019,ADK90,Canoe,oc2stockmix,4,7.793611111111111,58,0,1706.77,2
2009,ADK90,Canoe,open,NA,7.793611111111111,57.2,0.016,1706.65,6
2021,ADK90,Guideboat,g2,4,7.796388888888889,55.4,0.055,1706.94,2
2018,ADK90,Kayak,k1tour,8,7.796388888888889,61.9,0,1706.8,1
2019,ADK90,Kayak,k2,4,7.796944444444445,58,0,1706.77,2
2011,ADK90,Canoe,oc2recmix,2,7.7972222222222225,63.9,0,1706.86,2
2016,ADK90,Canoe,oc1stock,2,7.799166666666666,70.2,0.02,1706.83,1
2025,ADK90,Canoe,oc3stockmix,5,7.803944444444444,58.7,0.37,1706.89,3
2014,ADK90,Canoe,open,NA,7.805833333333333,69.5,0,1706.89,6
2017,ADK90,Canoe,open,NA,7.807222222222222,51.1,0.484,1706.89,6
2010,ADK90,Canoe,open,NA,7.808611111111111,52.8,0.043,1706.87,6
2025,ADK90,Kayak,k1sportnc,3,7.809833333333334,58.7,0.37,1706.89,1
2019,ADK90,Guideboat,g2mix,1,7.81,58,0,1706.77,2
2018,ADK90,Canoe,open,NA,7.81,61.9,0,1706.8,6
2015,ADK90,Kayak,k1tourmaster,8,7.810277777777777,63.9,0,1706.82,1
2024,ADK90,Canoe,oc1stockmaster,3,7.811916666666667,61.6,0,1706.82,1
2017,ADK90,Canoe,open,NA,7.815,51.1,0.484,1706.89,6
2013,ADK90,Canoe,open,NA,7.815555555555555,51.6,0,1706.88,6
2009,ADK90,Canoe,open,NA,7.815833333333333,57.2,0.016,1706.65,6
2008,ADK90,Canoe,open,NA,7.8180555555555555,72.3,0,1706.81,6
2023,ADK90,Canoe,oc1stockveteran,3,7.818194444444444,66.9,0.15,1706.8,1
2018,ADK90,Canoe,oc2stockveteran,4,7.819444444444445,61.9,0,1706.8,2
2011,ADK90,Canoe,oc4women,3,7.82,63.9,0,1706.86,4
2011,ADK90,Canoe,open,NA,7.820833333333334,63.9,0,1706.86,6
2019,ADK90,Guideboat,g1,2,7.821666666666666,58,0,1706.77,1
2010,ADK90,Canoe,oc2rec,4,7.8225,52.8,0.043,1706.87,2
2018,ADK90,Canoe,open,NA,7.822777777777778,61.9,0,1706.8,6
2024,ADK90,Canoe,oc2stocktour,1,7.824166666666667,61.6,0,1706.82,2
2009,ADK90,Canoe,oc1stock,4,7.827222222222222,57.2,0.016,1706.65,1
2024,ADK90,Canoe,oc2openmaster,2,7.828777777777777,61.6,0,1706.82,2
2023,ADK90,Kayak,k1goldnc,1,7.828916666666666,66.9,0.15,1706.8,1
2015,ADK90,Canoe,open,NA,7.829444444444444,63.9,0,1706.82,6
2008,ADK90,Canoe,open,NA,7.830277777777778,72.3,0,1706.81,6
2021,ADK90,Canoe,oc2stock,11,7.8308333333333335,55.4,0.055,1706.94,2
2021,ADK90,SUP,solorecveteran,4,7.831111111111111,55.4,0.055,1706.94,1
2022,ADK90,Guideboat,g2,2,7.831333333333333,63.4,0,1706.93,2
2012,ADK90,Canoe,oc1rec,4,7.831666666666667,67.4,0,1706.75,1
2025,ADK90,Canoe,oc2stockmix,10,7.8324444444444445,58.7,0.37,1706.89,2
2011,ADK90,Canoe,open,NA,7.833055555555555,63.9,0,1706.86,6
2016,ADK90,Canoe,open,NA,7.833888888888889,70.2,0.02,1706.83,6
2017,ADK90,Canoe,oc1stockwomen,1,7.834722222222222,51.1,0.484,1706.89,1
2017,ADK90,Canoe,open,NA,7.8372222222222225,51.1,0.484,1706.89,6
2025,ADK90,Kayak,k2tournc,2,7.838527777777778,58.7,0.37,1706.89,2
2013,ADK90,Canoe,open,NA,7.838611111111111,51.6,0,1706.88,6
2025,ADK90,Canoe,oc2rec,6,7.8403888888888895,58.7,0.37,1706.89,2
2012,ADK90,Canoe,oc1rec,6,7.8405555555555555,67.4,0,1706.75,1
2018,ADK90,Canoe,oc2stockmix,5,7.840833333333333,61.9,0,1706.8,2
2023,ADK90,Guideboat,g2nc,1,7.842277777777778,66.9,0.15,1706.8,2
2018,ADK90,Canoe,open,NA,7.843055555555556,61.9,0,1706.8,6
2017,ADK90,Canoe,open,NA,7.846388888888889,51.1,0.484,1706.89,6
2008,ADK90,Canoe,open,NA,7.8502777777777775,72.3,0,1706.81,6
2025,ADK90,Canoe,oc2stockwomen,4,7.850333333333333,58.7,0.37,1706.89,2
2011,ADK90,Canoe,oc2family,2,7.850833333333333,63.9,0,1706.86,2
2025,ADK90,Canoe,oc2stocknc,5,7.851333333333333,58.7,0.37,1706.89,2
2011,ADK90,Canoe,open,NA,7.851666666666667,63.9,0,1706.86,6
2010,ADK90,Canoe,oc1am,3,7.852777777777778,52.8,0.043,1706.87,1
2024,ADK90,Canoe,oc4stockmix,22,7.853527777777778,61.6,0,1706.82,4
2016,ADK90,Canoe,open,NA,7.853888888888889,70.2,0.02,1706.83,6
2025,ADK90,Kayak,k1sportveteran,2,7.8548333333333336,58.7,0.37,1706.89,1
2019,ADK90,Canoe,oc4stock,7,7.856111111111111,58,0,1706.77,4
2025,ADK90,Canoe,oc2stockwomen,5,7.856444444444445,58.7,0.37,1706.89,2
2024,ADK90,Canoe,oc2stockwomenmaster,1,7.856444444444445,61.6,0,1706.82,2
2010,ADK90,Guideboat,g2,7,7.856944444444444,52.8,0.043,1706.87,2
2012,ADK90,Canoe,open,NA,7.858055555555556,67.4,0,1706.75,6
2011,ADK90,Canoe,oc2recmix,3,7.858888888888889,63.9,0,1706.86,2
2011,ADK90,Canoe,oc2rec,6,7.8597222222222225,63.9,0,1706.86,2
2017,ADK90,Guideboat,g2,6,7.860833333333333,51.1,0.484,1706.89,2
2014,ADK90,Canoe,open,NA,7.861666666666666,69.5,0,1706.89,6
2018,ADK90,Canoe,oc4stockmix,12,7.863333333333333,61.9,0,1706.8,4
2008,ADK90,Canoe,open,NA,7.864444444444445,72.3,0,1706.81,6
2025,ADK90,Canoe,oc2stockmixmaster,4,7.8646666666666665,58.7,0.37,1706.89,2
2010,ADK90,Canoe,oc1am,4,7.865555555555556,52.8,0.043,1706.87,1
2011,ADK90,Canoe,open,NA,7.8677777777777775,63.9,0,1706.86,6
2023,ADK90,Guideboat,g2women,1,7.8684722222222225,66.9,0.15,1706.8,2
2015,ADK90,Canoe,open,NA,7.868888888888889,63.9,0,1706.82,6
2021,ADK90,Canoe,oc2recmaster,1,7.868888888888889,55.4,0.055,1706.94,2
2008,ADK90,Canoe,open,NA,7.87,72.3,0,1706.81,6
2008,ADK90,Canoe,open,NA,7.870833333333334,72.3,0,1706.81,6
2021,ADK90,Canoe,oc2recwomen,1,7.871111111111111,55.4,0.055,1706.94,2
2011,ADK90,Canoe,open,NA,7.871944444444445,63.9,0,1706.86,6
2009,ADK90,Canoe,oc2stockveteran,4,7.872222222222222,57.2,0.016,1706.65,2
2015,ADK90,Canoe,open,NA,7.872777777777777,63.9,0,1706.82,6
2022,ADK90,Canoe,oc2rec,3,7.873833333333333,63.4,0,1706.93,2
2018,ADK90,Canoe,open,NA,7.873888888888889,61.9,0,1706.8,6
2009,ADK90,Canoe,open,NA,7.8741666666666665,57.2,0.016,1706.65,6
2011,ADK90,Canoe,open,NA,7.8741666666666665,63.9,0,1706.86,6
2016,ADK90,Canoe,oc1rec,2,7.878055555555555,70.2,0.02,1706.83,1
2018,ADK90,Canoe,open,NA,7.878055555555555,61.9,0,1706.8,6
2010,ADK90,Canoe,oc2recmix,1,7.878611111111111,52.8,0.043,1706.87,2
2015,ADK90,Guideboat,g2,6,7.879444444444444,63.9,0,1706.82,2
2018,ADK90,Canoe,open,NA,7.879444444444444,61.9,0,1706.8,6
2023,ADK90,Kayak,k1unlimited,3,7.879583333333334,66.9,0.15,1706.8,1
2021,ADK90,Canoe,oc4stock,9,7.884166666666666,55.4,0.055,1706.94,4
2011,ADK90,Canoe,open,NA,7.884166666666666,63.9,0,1706.86,6
2015,ADK90,Canoe,open,NA,7.885,63.9,0,1706.82,6
2024,ADK90,Guideboat,g2,3,7.885111111111112,61.6,0,1706.82,2
2010,ADK90,Canoe,oc1recwomen,2,7.886111111111111,52.8,0.043,1706.87,1
2018,ADK90,Canoe,open,NA,7.886388888888889,61.9,0,1706.8,6
2015,ADK90,Canoe,open,NA,7.886388888888889,63.9,0,1706.82,6
2013,ADK90,Canoe,opensuperveteran,2,7.8869444444444445,51.6,0,1706.88,6
2014,ADK90,Canoe,oc1stock,2,7.8875,69.5,0,1706.89,1
2011,ADK90,Guideboat,g2,7,7.889166666666667,63.9,0,1706.86,2
2015,ADK90,Canoe,oc1recveteran,2,7.89,63.9,0,1706.82,1
2008,ADK90,Canoe,open,NA,7.8902777777777775,72.3,0,1706.81,6
2025,ADK90,Canoe,oc2rec,7,7.892666666666666,58.7,0.37,1706.89,2
2011,ADK90,Voyageur,voyageur,6,7.892777777777778,63.9,0,1706.86,6
2011,ADK90,Canoe,open,NA,7.893055555555556,63.9,0,1706.86,6
2024,ADK90,Canoe,oc2stock,17,7.893222222222222,61.6,0,1706.82,2
2010,ADK90,Canoe,open,NA,7.893611111111111,52.8,0.043,1706.87,6
2025,ADK90,Kayak,k2tournc,2,7.894361111111111,58.7,0.37,1706.89,2
2009,ADK90,Canoe,open,NA,7.894444444444445,57.2,0.016,1706.65,6
2016,ADK90,Voyageur,voyageur,6,7.894444444444445,70.2,0.02,1706.83,6
2022,ADK90,Canoe,oc2rec,2,7.895250000000001,63.4,0,1706.93,2
2012,ADK90,Canoe,open,NA,7.896388888888889,67.4,0,1706.75,6
2018,ADK90,Canoe,open,NA,7.897222222222222,61.9,0,1706.8,6
2021,ADK90,Canoe,oc2stockwomen,1,7.9,55.4,0.055,1706.94,2
2015,ADK90,Canoe,open,NA,7.902777777777778,63.9,0,1706.82,6
2009,ADK90,Canoe,oc2stockmixmaster,10,7.902777777777778,57.2,0.016,1706.65,2
2009,ADK90,Kayak,k2mix,4,7.903333333333333,57.2,0.016,1706.65,2
2025,ADK90,Canoe,oc2stockwomen,3,7.905444444444444,58.7,0.37,1706.89,2
2009,ADK90,Canoe,oc2stockmaster,9,7.906666666666666,57.2,0.016,1706.65,2
2024,ADK90,Canoe,oc1open,1,7.9092777777777785,61.6,0,1706.82,1
2019,ADK90,Kayak,k1tourmaster,6,7.910277777777778,58,0,1706.77,1
2010,ADK90,Canoe,open,NA,7.910833333333334,52.8,0.043,1706.87,6
2025,ADK90,Guideboat,g2,3,7.911277777777777,58.7,0.37,1706.89,2
2025,ADK90,Canoe,oc2stock,20,7.917166666666667,58.7,0.37,1706.89,2
2018,ADK90,Canoe,open,NA,7.917222222222223,61.9,0,1706.8,6
2010,ADK90,Canoe,oc4mix,15,7.918611111111111,52.8,0.043,1706.87,4
2021,ADK90,Canoe,oc2,1,7.9191666666666665,55.4,0.055,1706.94,2
2010,ADK90,Canoe,oc4mix,14,7.920277777777778,52.8,0.043,1706.87,4
2009,ADK90,Canoe,oc1recveteran,1,7.921666666666667,57.2,0.016,1706.65,1
2024,ADK90,Canoe,oc4stockmix,23,7.923055555555556,61.6,0,1706.82,4
2015,ADK90,Kayak,k1tourmaster,9,7.923055555555556,63.9,0,1706.82,1
2011,ADK90,Canoe,open,NA,7.9238888888888885,63.9,0,1706.86,6
2016,ADK90,Canoe,open,NA,7.926111111111111,70.2,0.02,1706.83,6
2008,ADK90,Canoe,open,NA,7.926111111111111,72.3,0,1706.81,6
2013,ADK90,Canoe,open,NA,7.926666666666667,51.6,0,1706.88,6
2024,ADK90,Kayak,k1sportveteran,3,7.926833333333333,61.6,0,1706.82,1
2024,ADK90,Kayak,k1sportveteran,4,7.9271111111111106,61.6,0,1706.82,1
2024,ADK90,Canoe,oc4stocktourmix,5,7.927222222222222,61.6,0,1706.82,4
2012,ADK90,Canoe,open,NA,7.929722222222222,67.4,0,1706.75,6
2022,ADK90,Canoe,oc4stockmix,16,7.931277777777777,63.4,0,1706.93,4
2022,ADK90,Canoe,oc2rectour,2,7.932444444444444,63.4,0,1706.93,2
2023,ADK90,Canoe,oc1,1,7.933361111111111,66.9,0.15,1706.8,1
2018,ADK90,Canoe,open,NA,7.934444444444445,61.9,0,1706.8,6
2014,ADK90,Guideboat,g2,4,7.937222222222222,69.5,0,1706.89,2
2022,ADK90,Kayak,k1tourveteran,3,7.93775,63.4,0,1706.93,1
2019,ADK90,Canoe,oc4stock,8,7.937777777777778,58,0,1706.77,4
2018,ADK90,Canoe,open,NA,7.939722222222223,61.9,0,1706.8,6
2021,ADK90,Canoe,oc2,2,7.940555555555555,55.4,0.055,1706.94,2
2015,ADK90,Guideboat,g1,2,7.941666666666666,63.9,0,1706.82,1
2024,ADK90,Canoe,oc2stockmaster,6,7.942833333333334,61.6,0,1706.82,2
2022,ADK90,Canoe,oc2rectour,1,7.9428888888888896,63.4,0,1706.93,2
2016,ADK90,Canoe,open,NA,7.943611111111111,70.2,0.02,1706.83,6
2018,ADK90,Guideboat,g2,2,7.943888888888889,61.9,0,1706.8,2
2010,ADK90,Canoe,open,NA,7.945277777777778,52.8,0.043,1706.87,6
2013,ADK90,Canoe,open,NA,7.945277777777778,51.6,0,1706.88,6
2021,ADK90,Canoe,oc4stockmix,16,7.954166666666667,55.4,0.055,1706.94,4
2021,ADK90,Guideboat,g2,6,7.954166666666667,55.4,0.055,1706.94,2
2012,ADK90,Canoe,open,NA,7.954444444444444,67.4,0,1706.75,6
2023,ADK90,Canoe,oc2stockwomen,2,7.957,66.9,0.15,1706.8,2
2015,ADK90,Guideboat,g2,5,7.957777777777777,63.9,0,1706.82,2
2023,ADK90,Canoe,oc2stockmix,8,7.958694444444444,66.9,0.15,1706.8,2
2010,ADK90,Guideboat,g1women,1,7.958888888888889,52.8,0.043,1706.87,1
2013,ADK90,Canoe,open,NA,7.963611111111111,51.6,0,1706.88,6
2014,ADK90,Canoe,open,NA,7.963611111111111,69.5,0,1706.89,6
2015,ADK90,Canoe,open,NA,7.964444444444444,63.9,0,1706.82,6
2011,ADK90,Canoe,open,NA,7.964722222222222,63.9,0,1706.86,6
2021,ADK90,Canoe,oc4stockmix,15,7.965277777777778,55.4,0.055,1706.94,4
2014,ADK90,Canoe,oc1stock,3,7.965277777777778,69.5,0,1706.89,1
2021,ADK90,Canoe,oc2stockmix,7,7.9655555555555555,55.4,0.055,1706.94,2
2013,ADK90,Canoe,open,NA,7.965833333333333,51.6,0,1706.88,6
2023,ADK90,Canoe,oc2stockwomen,4,7.966694444444444,66.9,0.15,1706.8,2
2019,ADK90,Canoe,oc4stockwomen,3,7.967777777777778,58,0,1706.77,4
2019,ADK90,Canoe,oc2ammix,2,7.967777777777778,58,0,1706.77,2
2023,ADK90,Canoe,oc2stockgoldnc,3,7.969722222222222,66.9,0.15,1706.8,2
2023,ADK90,Guideboat,g2,5,7.970416666666667,66.9,0.15,1706.8,2
2012,ADK90,Kayak,k1tourwomen,1,7.971111111111111,67.4,0,1706.75,1
2014,ADK90,Kayak,k1tourmaster,5,7.973055555555556,69.5,0,1706.89,1
2011,ADK90,Canoe,open,NA,7.973333333333334,63.9,0,1706.86,6
2010,ADK90,Canoe,open,NA,7.973611111111111,52.8,0.043,1706.87,6
2009,ADK90,Canoe,open,NA,7.973888888888889,57.2,0.016,1706.65,6
2019,ADK90,Canoe,oc1stock,2,7.974444444444444,58,0,1706.77,1
2017,ADK90,Canoe,oc1recwomen,2,7.975,51.1,0.484,1706.89,1
2008,ADK90,Canoe,open,NA,7.976944444444444,72.3,0,1706.81,6
2016,ADK90,Canoe,open,NA,7.9775,70.2,0.02,1706.83,6
2013,ADK90,Canoe,open,NA,7.979444444444445,51.6,0,1706.88,6
2008,ADK90,Canoe,oc2recmix,3,7.979444444444445,72.3,0,1706.81,2
2024,ADK90,Canoe,oc4stockmaster,10,7.9816111111111105,61.6,0,1706.82,4
2009,ADK90,Canoe,oc2rec,5,7.983055555555556,57.2,0.016,1706.65,2
2021,ADK90,Canoe,oc1stock,1,7.984444444444445,55.4,0.055,1706.94,1
2012,ADK90,Canoe,open,NA,7.985833333333333,67.4,0,1706.75,6
2012,ADK90,Canoe,open,NA,7.986111111111111,67.4,0,1706.75,6
2011,ADK90,Canoe,open,NA,7.986666666666666,63.9,0,1706.86,6
2016,ADK90,Canoe,open,NA,7.986666666666666,70.2,0.02,1706.83,6
2012,ADK90,Canoe,open,NA,7.986944444444444,67.4,0,1706.75,6
2014,ADK90,Canoe,open,NA,7.988333333333333,69.5,0,1706.89,6
2012,ADK90,Canoe,open,NA,7.988888888888889,67.4,0,1706.75,6
2016,ADK90,Canoe,oc2stockwomen,3,7.989166666666667,70.2,0.02,1706.83,2
2025,ADK90,Guideboat,g1,3,7.989833333333333,58.7,0.37,1706.89,1
2017,ADK90,Canoe,open,NA,7.990277777777778,51.1,0.484,1706.89,6
2025,ADK90,Canoe,oc2stockmix,11,7.9911111111111115,58.7,0.37,1706.89,2
2008,ADK90,Canoe,oc2family,3,7.993055555555555,72.3,0,1706.81,2
2009,ADK90,Kayak,k2women,3,7.993055555555555,57.2,0.016,1706.65,2
2009,ADK90,Canoe,open,NA,7.993888888888889,57.2,0.016,1706.65,6
2025,ADK90,Canoe,oc2stockwomen,6,7.994166666666667,58.7,0.37,1706.89,2
2010,ADK90,Canoe,open,NA,7.995277777777778,52.8,0.043,1706.87,6
2014,ADK90,Canoe,open,NA,7.995555555555556,69.5,0,1706.89,6
2025,ADK90,Canoe,oc1stock,6,7.99675,58.7,0.37,1706.89,1
2017,ADK90,Canoe,open,NA,7.9975,51.1,0.484,1706.89,6
2011,ADK90,Canoe,open,NA,8.001111111111111,63.9,0,1706.86,6
2023,ADK90,Canoe,oc3stock,1,8.001805555555556,66.9,0.15,1706.8,3
2018,ADK90,Canoe,open,NA,8.0025,61.9,0,1706.8,6
2018,ADK90,Canoe,open,NA,8.005277777777778,61.9,0,1706.8,6
2018,ADK90,Guideboat,g2women,1,8.005833333333333,61.9,0,1706.8,2
2022,ADK90,Kayak,k1tournc,4,8.007111111111112,63.4,0,1706.93,1
2019,ADK90,Canoe,oc2stockmix,5,8.009444444444444,58,0,1706.77,2
2011,ADK90,Canoe,open,NA,8.010555555555555,63.9,0,1706.86,6
2013,ADK90,Canoe,open,NA,8.012222222222222,51.6,0,1706.88,6
2013,ADK90,Canoe,open,NA,8.015833333333333,51.6,0,1706.88,6
2012,ADK90,Canoe,open,NA,8.017777777777777,67.4,0,1706.75,6
2022,ADK90,Canoe,oc2,3,8.018638888888889,63.4,0,1706.93,2
2017,ADK90,Canoe,oc1rec,3,8.018888888888888,51.1,0.484,1706.89,1
2009,ADK90,Canoe,oc2stockmaster,10,8.022777777777778,57.2,0.016,1706.65,2
2021,ADK90,Canoe,oc4stockmix,14,8.023888888888889,55.4,0.055,1706.94,4
2021,ADK90,Guideboat,g2,7,8.024722222222222,55.4,0.055,1706.94,2
2022,ADK90,Kayak,k1unlimitedveteran,3,8.026027777777777,63.4,0,1706.93,1
2013,ADK90,Canoe,open,NA,8.026111111111112,51.6,0,1706.88,6
2010,ADK90,Canoe,oc4women,1,8.027222222222223,52.8,0.043,1706.87,4
2013,ADK90,Canoe,open,NA,8.029444444444444,51.6,0,1706.88,6
2010,ADK90,Canoe,open,NA,8.030277777777778,52.8,0.043,1706.87,6
2017,ADK90,Canoe,open,NA,8.030555555555555,51.1,0.484,1706.89,6
2013,ADK90,Voyageur,voyageur,7,8.031666666666666,51.6,0,1706.88,6
2014,ADK90,Canoe,open,NA,8.032222222222222,69.5,0,1706.89,6
2012,ADK90,Canoe,open,NA,8.0325,67.4,0,1706.75,6
2012,ADK90,Canoe,open,NA,8.033888888888889,67.4,0,1706.75,6
2009,ADK90,Kayak,k1tourveteran,4,8.035833333333333,57.2,0.016,1706.65,1
2014,ADK90,Guideboat,g2,3,8.036944444444444,69.5,0,1706.89,2
2023,ADK90,Canoe,oc2stock,15,8.037027777777778,66.9,0.15,1706.8,2
2021,ADK90,Canoe,oc1womenmaster,1,8.037222222222223,55.4,0.055,1706.94,1
2023,ADK90,Canoe,oc2stockgoldmixnc,3,8.039111111111112,66.9,0.15,1706.8,2
2010,ADK90,Canoe,open,NA,8.040277777777778,52.8,0.043,1706.87,6
2009,ADK90,Canoe,open,NA,8.040555555555555,57.2,0.016,1706.65,6
2011,ADK90,Canoe,open,NA,8.04138888888889,63.9,0,1706.86,6
2021,ADK90,Canoe,oc2stock,10,8.041666666666666,55.4,0.055,1706.94,2
2013,ADK90,Canoe,open,NA,8.045833333333333,51.6,0,1706.88,6
2015,ADK90,Canoe,open,NA,8.046944444444444,63.9,0,1706.82,6
2011,ADK90,Canoe,open,NA,8.050833333333333,63.9,0,1706.86,6
2025,ADK90,Canoe,oc2stock,21,8.052138888888889,58.7,0.37,1706.89,2
2012,ADK90,Canoe,open,NA,8.052222222222222,67.4,0,1706.75,6
2018,ADK90,Canoe,oc4stockwomen,4,8.054166666666667,61.9,0,1706.8,4
2013,ADK90,Canoe,open,NA,8.054444444444444,51.6,0,1706.88,6
2008,ADK90,Canoe,open,NA,8.054444444444444,72.3,0,1706.81,6
2010,ADK90,Canoe,open,NA,8.054722222222223,52.8,0.043,1706.87,6
2014,ADK90,Canoe,open,NA,8.055555555555555,69.5,0,1706.89,6
2017,ADK90,Guideboat,g2mix,2,8.056111111111111,51.1,0.484,1706.89,2
2017,ADK90,Canoe,oc2stockmix,7,8.058055555555555,51.1,0.484,1706.89,2
2012,ADK90,Canoe,open,NA,8.05861111111111,67.4,0,1706.75,6
2024,ADK90,Canoe,oc4stockmix,21,8.060416666666667,61.6,0,1706.82,4
2014,ADK90,Canoe,open,NA,8.060833333333333,69.5,0,1706.89,6
2008,ADK90,Canoe,open,NA,8.061388888888889,72.3,0,1706.81,6
2008,ADK90,Canoe,oc1recwomen,1,8.062222222222223,72.3,0,1706.81,1
2015,ADK90,Canoe,open,NA,8.063333333333333,63.9,0,1706.82,6
2009,ADK90,Guideboat,g2,5,8.063888888888888,57.2,0.016,1706.65,2
2018,ADK90,Canoe,open,NA,8.064166666666667,61.9,0,1706.8,6
2014,ADK90,Canoe,open,NA,8.065277777777778,69.5,0,1706.89,6
2017,ADK90,Canoe,oc2stockveteran,4,8.065555555555555,51.1,0.484,1706.89,2
2024,ADK90,Canoe,oc2stockmaster,8,8.066638888888889,61.6,0,1706.82,2
2018,ADK90,Canoe,open,NA,8.066666666666666,61.9,0,1706.8,6
2016,ADK90,Canoe,open,NA,8.0675,70.2,0.02,1706.83,6
2010,ADK90,Canoe,oc2stockmixmaster,10,8.068333333333333,52.8,0.043,1706.87,2
2019,ADK90,Canoe,oc2recwomen,1,8.069444444444445,58,0,1706.77,2
2018,ADK90,Canoe,oc2stockwomen,1,8.07,61.9,0,1706.8,2
2018,ADK90,Canoe,oc1rec,3,8.071944444444444,61.9,0,1706.8,1
2010,ADK90,Canoe,open,NA,8.073611111111111,52.8,0.043,1706.87,6
2024,ADK90,Canoe,oc4stockmaster,9,8.074722222222222,61.6,0,1706.82,4
2023,ADK90,Canoe,oc2mix,2,8.075472222222222,66.9,0.15,1706.8,2
2014,ADK90,Canoe,open,NA,8.076666666666666,69.5,0,1706.89,6
2014,ADK90,Canoe,oc1stockveteran,3,8.0775,69.5,0,1706.89,1
2015,ADK90,Guideboat,g1,3,8.0775,63.9,0,1706.82,1
2016,ADK90,Canoe,oc1stock,3,8.080833333333333,70.2,0.02,1706.83,1
2016,ADK90,Guideboat,g2,7,8.081111111111111,70.2,0.02,1706.83,2
2017,ADK90,Canoe,open,NA,8.081666666666667,51.1,0.484,1706.89,6
2016,ADK90,Kayak,k1tour,3,8.0825,70.2,0.02,1706.83,1
2025,ADK90,Canoe,oc4stockwomen,7,8.083083333333333,58.7,0.37,1706.89,4
2010,ADK90,Canoe,open,NA,8.0841666666666665,52.8,0.043,1706.87,6
2009,ADK90,Canoe,oc1rec,5,8.08611111111111,57.2,0.016,1706.65,1
2013,ADK90,Canoe,open,NA,8.086666666666666,51.6,0,1706.88,6
2014,ADK90,Canoe,oc1rec,11,8.089444444444444,69.5,0,1706.89,1
2017,ADK90,Canoe,open,NA,8.089722222222223,51.1,0.484,1706.89,6
2015,ADK90,Canoe,open,NA,8.092222222222222,63.9,0,1706.82,6
2019,ADK90,Canoe,oc2stockveteran,4,8.093055555555555,58,0,1706.77,2
2022,ADK90,Canoe,oc2stockopen,12,8.09463888888889,63.4,0,1706.93,2
2017,ADK90,Canoe,open,NA,8.098333333333333,51.1,0.484,1706.89,6
2012,ADK90,Canoe,open,NA,8.099722222222223,67.4,0,1706.75,6
2024,ADK90,Canoe,oc2openmaster,3,8.09975,61.6,0,1706.82,2
2013,ADK90,Canoe,open,NA,8.101666666666667,51.6,0,1706.88,6
2009,ADK90,Guideboat,g1,2,8.1025,57.2,0.016,1706.65,1
2009,ADK90,Canoe,oc1amveteran,1,8.108611111111111,57.2,0.016,1706.65,1
2021,ADK90,Canoe,oc2stockwomen,2,8.113888888888889,55.4,0.055,1706.94,2
2019,ADK90,Canoe,oc2stockveteran,3,8.115,58,0,1706.77,2
2008,ADK90,Canoe,oc2recwomen,1,8.115,72.3,0,1706.81,2
2015,ADK90,Canoe,open,NA,8.116111111111111,63.9,0,1706.82,6
2018,ADK90,Canoe,open,NA,8.116944444444444,61.9,0,1706.8,6
2008,ADK90,Canoe,oc2rec,5,8.11888888888889,72.3,0,1706.81,2
2008,ADK90,Canoe,open,NA,8.120833333333334,72.3,0,1706.81,6
2009,ADK90,Canoe,oc2rec,6,8.121944444444445,57.2,0.016,1706.65,2
2011,ADK90,Canoe,open,NA,8.123888888888889,63.9,0,1706.86,6
2018,ADK90,Canoe,oc2ammix,3,8.124444444444444,61.9,0,1706.8,2
2014,ADK90,Canoe,open,NA,8.125,69.5,0,1706.89,6
2017,ADK90,Canoe,open,NA,8.125833333333333,51.1,0.484,1706.89,6
2012,ADK90,Canoe,open,NA,8.1275,67.4,0,1706.75,6
2023,ADK90,Canoe,oc4stockmix,19,8.12861111111111,66.9,0.15,1706.8,4
2022,ADK90,Canoe,oc2stockmaster,7,8.128722222222223,63.4,0,1706.93,2
2012,ADK90,Canoe,oc1rec,8,8.12888888888889,67.4,0,1706.75,1
2011,ADK90,Canoe,open,NA,8.129444444444445,63.9,0,1706.86,6
2008,ADK90,Canoe,open,NA,8.129722222222222,72.3,0,1706.81,6
2018,ADK90,Canoe,open,NA,8.13,61.9,0,1706.8,6
2008,ADK90,Canoe,oc2stockmaster,10,8.132777777777777,72.3,0,1706.81,2
2012,ADK90,Canoe,open,NA,8.133055555555556,67.4,0,1706.75,6
2018,ADK90,Canoe,oc2rec,4,8.133888888888889,61.9,0,1706.8,2
2024,ADK90,Canoe,oc2stockwomen,2,8.134444444444444,61.6,0,1706.82,2
2010,ADK90,Canoe,open,NA,8.135,52.8,0.043,1706.87,6
2024,ADK90,Canoe,oc2stockwomenveteran,1,8.135277777777778,61.6,0,1706.82,2
2010,ADK90,Canoe,open,NA,8.136388888888888,52.8,0.043,1706.87,6
2009,ADK90,Canoe,oc2stockmixveteran,1,8.137222222222222,57.2,0.016,1706.65,2
2017,ADK90,Canoe,oc2stockmixmaster,4,8.140277777777778,51.1,0.484,1706.89,2
2018,ADK90,Canoe,open,NA,8.142222222222221,61.9,0,1706.8,6
2018,ADK90,Canoe,oc1recveteran,3,8.143055555555556,61.9,0,1706.8,1
2011,ADK90,Canoe,open,NA,8.144722222222223,63.9,0,1706.86,6
2017,ADK90,Canoe,open,NA,8.145555555555555,51.1,0.484,1706.89,6
2024,ADK90,Guideboat,g2mix,2,8.145583333333333,61.6,0,1706.82,2
2015,ADK90,Canoe,open,NA,8.14638888888889,63.9,0,1706.82,6
2012,ADK90,Canoe,open,NA,8.1466666666666665,67.4,0,1706.75,6
2016,ADK90,Canoe,open,NA,8.1475,70.2,0.02,1706.83,6
2013,ADK90,Canoe,open,NA,8.148055555555555,51.6,0,1706.88,6
2014,ADK90,Kayak,k1tour,3,8.14861111111111,69.5,0,1706.89,1
2008,ADK90,Kayak,k1tour,7,8.14861111111111,72.3,0,1706.81,1
2024,ADK90,Kayak,k2,4,8.148694444444445,61.6,0,1706.82,2
2011,ADK90,Canoe,open,NA,8.150833333333333,63.9,0,1706.86,6
2018,ADK90,Canoe,oc1recveteran,2,8.152222222222223,61.9,0,1706.8,1
2016,ADK90,Guideboat,g2,9,8.152222222222223,70.2,0.02,1706.83,2
2018,ADK90,Canoe,open,NA,8.1530555555555555,61.9,0,1706.8,6
2025,ADK90,Canoe,oc2rec,8,8.153277777777777,58.7,0.37,1706.89,2
2008,ADK90,Canoe,open,NA,8.154444444444444,72.3,0,1706.81,6
2018,ADK90,Guideboat,g2,3,8.15638888888889,61.9,0,1706.8,2
2016,ADK90,Canoe,open,NA,8.1575,70.2,0.02,1706.83,6
2022,ADK90,Canoe,oc2stocktour,5,8.158194444444444,63.4,0,1706.93,2
2016,ADK90,Canoe,open,NA,8.158611111111112,70.2,0.02,1706.83,6
2008,ADK90,Canoe,open,NA,8.158888888888889,72.3,0,1706.81,6
2023,ADK90,Canoe,oc2,2,8.159527777777777,66.9,0.15,1706.8,2
2012,ADK90,Canoe,open,NA,8.160833333333333,67.4,0,1706.75,6
2015,ADK90,Canoe,oc1stock,5,8.161111111111111,63.9,0,1706.82,1
2011,ADK90,Canoe,open,NA,8.164166666666667,63.9,0,1706.86,6
2012,ADK90,Canoe,open,NA,8.1658333333333335,67.4,0,1706.75,6
2009,ADK90,Canoe,open,NA,8.166944444444445,57.2,0.016,1706.65,6
2025,ADK90,Kayak,k1sportmaster,5,8.169611111111111,58.7,0.37,1706.89,1
2011,ADK90,Canoe,open,NA,8.171111111111111,63.9,0,1706.86,6
2023,ADK90,Canoe,oc2recnc,5,8.171333333333333,66.9,0.15,1706.8,2
2012,ADK90,Canoe,open,NA,8.171388888888888,67.4,0,1706.75,6
2009,ADK90,Canoe,open,NA,8.171944444444444,57.2,0.016,1706.65,6
2023,ADK90,Canoe,oc2stock,16,8.17313888888889,66.9,0.15,1706.8,2
2009,ADK90,Canoe,open,NA,8.175,57.2,0.016,1706.65,6
2022,ADK90,Canoe,oc4stocktour,3,8.175166666666666,63.4,0,1706.93,4
2021,ADK90,Guideboat,g2,8,8.177222222222222,55.4,0.055,1706.94,2
2025,ADK90,Canoe,oc2stockveteran,2,8.178055555555556,58.7,0.37,1706.89,2
2011,ADK90,Canoe,open,NA,8.179166666666667,63.9,0,1706.86,6
2008,ADK90,Canoe,open,NA,8.180833333333334,72.3,0,1706.81,6
2025,ADK90,Canoe,oc4stocktour,4,8.180916666666667,58.7,0.37,1706.89,4
2013,ADK90,Canoe,opensuperveteran,3,8.18138888888889,51.6,0,1706.88,6
2017,ADK90,Canoe,open,NA,8.182777777777778,51.1,0.484,1706.89,6
2017,ADK90,Canoe,open,NA,8.185,51.1,0.484,1706.89,6
2012,ADK90,Canoe,oc1stock,7,8.185833333333333,67.4,0,1706.75,1
2010,ADK90,Canoe,open,NA,8.186944444444444,52.8,0.043,1706.87,6
2022,ADK90,Canoe,oc2stock,4,8.187138888888889,63.4,0,1706.93,2
2024,ADK90,Canoe,oc4stocktourwomen,1,8.188222222222223,61.6,0,1706.82,4
2018,ADK90,Canoe,open,NA,8.190555555555555,61.9,0,1706.8,6
2024,ADK90,Canoe,oc2stocknc,2,8.191555555555555,61.6,0,1706.82,2
2018,ADK90,Canoe,oc1stock,5,8.191944444444445,61.9,0,1706.8,1
2008,ADK90,Canoe,oc1recveteran,2,8.193055555555556,72.3,0,1706.81,1
2015,ADK90,Canoe,open,NA,8.193888888888889,63.9,0,1706.82,6
2016,ADK90,Canoe,oc2stockmixsuperveteran,1,8.194166666666666,70.2,0.02,1706.83,2
2017,ADK90,Canoe,open,NA,8.195,51.1,0.484,1706.89,6
2025,ADK90,Canoe,oc2openmix,3,8.195194444444445,58.7,0.37,1706.89,2
2008,ADK90,Canoe,open,NA,8.196388888888889,72.3,0,1706.81,6
2023,ADK90,Canoe,oc3stocknc,3,8.19661111111111,66.9,0.15,1706.8,3
2011,ADK90,Canoe,oc1am,4,8.199444444444444,63.9,0,1706.86,1
2018,ADK90,Canoe,open,NA,8.199722222222222,61.9,0,1706.8,6
2014,ADK90,Canoe,open,NA,8.2,69.5,0,1706.89,6
2014,ADK90,Canoe,open,NA,8.200277777777778,69.5,0,1706.89,6
2011,ADK90,Canoe,open,NA,8.203055555555556,63.9,0,1706.86,6
2017,ADK90,Canoe,oc2recwomen,1,8.205277777777777,51.1,0.484,1706.89,2
2017,ADK90,Kayak,k1tour,6,8.207222222222223,51.1,0.484,1706.89,1
2011,ADK90,Canoe,oc2stockwomen,2,8.209722222222222,63.9,0,1706.86,2
2008,ADK90,Canoe,open,NA,8.21111111111111,72.3,0,1706.81,6
2009,ADK90,Canoe,open,NA,8.211388888888889,57.2,0.016,1706.65,6
2014,ADK90,Canoe,oc1stockmaster,5,8.211388888888889,69.5,0,1706.89,1
2010,ADK90,Canoe,open,NA,8.213611111111112,52.8,0.043,1706.87,6
2011,ADK90,Canoe,open,NA,8.215277777777779,63.9,0,1706.86,6
2014,ADK90,Canoe,open,NA,8.2155555555555555,69.5,0,1706.89,6
2017,ADK90,Canoe,open,NA,8.216666666666667,51.1,0.484,1706.89,6
2023,ADK90,Canoe,oc1stockmaster,5,8.216805555555556,66.9,0.15,1706.8,1
2012,ADK90,Canoe,open,NA,8.217777777777778,67.4,0,1706.75,6
2022,ADK90,Canoe,oc2rectour,3,8.218194444444444,63.4,0,1706.93,2
2022,ADK90,Canoe,oc2stockopen,13,8.219805555555554,63.4,0,1706.93,2
2012,ADK90,Canoe,open,NA,8.220277777777778,67.4,0,1706.75,6
2019,ADK90,Canoe,oc2stockveteran,5,8.221388888888889,58,0,1706.77,2
2016,ADK90,Canoe,open,NA,8.228055555555555,70.2,0.02,1706.83,6
2022,ADK90,Kayak,k1tourmaster,4,8.230222222222222,63.4,0,1706.93,1
2022,ADK90,Canoe,oc2rectour,5,8.231055555555555,63.4,0,1706.93,2
2023,ADK90,Canoe,oc2rec,4,8.232111111111111,66.9,0.15,1706.8,2
2009,ADK90,Canoe,oc2stockwomen,4,8.233333333333333,57.2,0.016,1706.65,2
2022,ADK90,Canoe,oc2,4,8.234666666666666,63.4,0,1706.93,2
2016,ADK90,Guideboat,g2,6,8.235,70.2,0.02,1706.83,2
2016,ADK90,Canoe,open,NA,8.235555555555555,70.2,0.02,1706.83,6
2025,ADK90,Canoe,oc2stocktour,5,8.235972222222221,58.7,0.37,1706.89,2
2022,ADK90,Guideboat,g2mix,1,8.239694444444444,63.4,0,1706.93,2
2012,ADK90,Canoe,open,NA,8.240277777777777,67.4,0,1706.75,6
2012,ADK90,Canoe,open,NA,8.240555555555556,67.4,0,1706.75,6
2016,ADK90,Canoe,open,NA,8.241666666666667,70.2,0.02,1706.83,6
2021,ADK90,Canoe,oc1,1,8.242222222222223,55.4,0.055,1706.94,1
2015,ADK90,Canoe,oc1recveteran,3,8.242222222222223,63.9,0,1706.82,1
2014,ADK90,Canoe,open,NA,8.242222222222223,69.5,0,1706.89,6
2023,ADK90,Canoe,oc2recmaster,2,8.24236111111111,66.9,0.15,1706.8,2
2018,ADK90,Canoe,open,NA,8.243333333333334,61.9,0,1706.8,6
2008,ADK90,Canoe,open,NA,8.244444444444444,72.3,0,1706.81,6
2021,ADK90,Guideboat,g2,9,8.245555555555555,55.4,0.055,1706.94,2
2023,ADK90,Canoe,oc2stockmix,9,8.246,66.9,0.15,1706.8,2
2016,ADK90,Canoe,open,NA,8.246666666666666,70.2,0.02,1706.83,6
2013,ADK90,Canoe,open,NA,8.246944444444445,51.6,0,1706.88,6
2015,ADK90,Canoe,open,NA,8.250555555555556,63.9,0,1706.82,6
2008,ADK90,Canoe,open,NA,8.251111111111111,72.3,0,1706.81,6
2024,ADK90,Canoe,oc2rec,4,8.251972222222221,61.6,0,1706.82,2
2013,ADK90,Canoe,open,NA,8.252777777777778,51.6,0,1706.88,6
2016,ADK90,Canoe,open,NA,8.25388888888889,70.2,0.02,1706.83,6
2008,ADK90,Canoe,open,NA,8.254444444444445,72.3,0,1706.81,6
2015,ADK90,Canoe,open,NA,8.255,63.9,0,1706.82,6
2010,ADK90,Canoe,oc2recmix,2,8.255833333333333,52.8,0.043,1706.87,2
2024,ADK90,Canoe,oc2stock,21,8.256861111111112,61.6,0,1706.82,2
2019,ADK90,Guideboat,g2,2,8.258055555555556,58,0,1706.77,2
2012,ADK90,Canoe,open,NA,8.26,67.4,0,1706.75,6
2011,ADK90,Canoe,oc1rec,5,8.26,63.9,0,1706.86,1
2009,ADK90,Canoe,open,NA,8.261666666666667,57.2,0.016,1706.65,6
2022,ADK90,Canoe,oc2rectourmaster,2,8.264194444444444,63.4,0,1706.93,2
2014,ADK90,Canoe,open,NA,8.264722222222222,69.5,0,1706.89,6
2009,ADK90,Canoe,open,NA,8.265,57.2,0.016,1706.65,6
2017,ADK90,Canoe,open,NA,8.266111111111112,51.1,0.484,1706.89,6
2022,ADK90,Canoe,oc1,1,8.266694444444443,63.4,0,1706.93,1
2023,ADK90,Canoe,oc4stockmixnc,3,8.268194444444445,66.9,0.15,1706.8,4
2017,ADK90,Canoe,oc2stockwomen,2,8.268333333333333,51.1,0.484,1706.89,2
2025,ADK90,Kayak,k2,4,8.270472222222223,58.7,0.37,1706.89,2
2017,ADK90,Canoe,open,NA,8.2716666666666665,51.1,0.484,1706.89,6
2009,ADK90,Canoe,open,NA,8.271944444444445,57.2,0.016,1706.65,6
2011,ADK90,Canoe,open,NA,8.272222222222222,63.9,0,1706.86,6
2016,ADK90,Canoe,open,NA,8.273055555555555,70.2,0.02,1706.83,6
2008,ADK90,Kayak,k1women,1,8.274166666666666,72.3,0,1706.81,1
2022,ADK90,Canoe,oc2rectour,4,8.274416666666667,63.4,0,1706.93,2
2017,ADK90,Canoe,open,NA,8.275555555555556,51.1,0.484,1706.89,6
2013,ADK90,Canoe,open,NA,8.276111111111112,51.6,0,1706.88,6
2008,ADK90,Canoe,open,NA,8.276111111111112,72.3,0,1706.81,6
2017,ADK90,Canoe,oc2stockmaster,3,8.278888888888888,51.1,0.484,1706.89,2
2013,ADK90,Canoe,open,NA,8.279166666666667,51.6,0,1706.88,6
2025,ADK90,Canoe,oc4stocktour,5,8.282361111111111,58.7,0.37,1706.89,4
2022,ADK90,Canoe,oc2stockopen,14,8.282555555555556,63.4,0,1706.93,2
2014,ADK90,Canoe,open,NA,8.283333333333333,69.5,0,1706.89,6
2024,ADK90,Canoe,oc4stocktourmix,4,8.283638888888888,61.6,0,1706.82,4
2008,ADK90,Canoe,open,NA,8.284722222222221,72.3,0,1706.81,6
2009,ADK90,Canoe,open,NA,8.285555555555556,57.2,0.016,1706.65,6
2017,ADK90,Canoe,open,NA,8.286388888888888,51.1,0.484,1706.89,6
2009,ADK90,Canoe,open,NA,8.286666666666667,57.2,0.016,1706.65,6
2008,ADK90,Canoe,open,NA,8.289166666666667,72.3,0,1706.81,6
2016,ADK90,Canoe,open,NA,8.29,70.2,0.02,1706.83,6
2015,ADK90,Canoe,open,NA,8.29,63.9,0,1706.82,6
2010,ADK90,Canoe,open,NA,8.290277777777778,52.8,0.043,1706.87,6
2018,ADK90,Canoe,open,NA,8.29111111111111,61.9,0,1706.8,6
2021,ADK90,SUP,solorecveteran,6,8.29138888888889,55.4,0.055,1706.94,1
2010,ADK90,Canoe,oc1stock,3,8.292222222222222,52.8,0.043,1706.87,1
2011,ADK90,Canoe,open,NA,8.2925,63.9,0,1706.86,6
2023,ADK90,Canoe,oc2recmix,2,8.292833333333334,66.9,0.15,1706.8,2
2016,ADK90,Canoe,open,NA,8.293055555555556,70.2,0.02,1706.83,6
2012,ADK90,Canoe,oc2rec,5,8.293611111111112,67.4,0,1706.75,2
2010,ADK90,Guideboat,g2,9,8.296388888888888,52.8,0.043,1706.87,2
2016,ADK90,Canoe,open,NA,8.298333333333334,70.2,0.02,1706.83,6
2015,ADK90,Canoe,open,NA,8.300555555555556,63.9,0,1706.82,6
2019,ADK90,Canoe,oc2stockmix,6,8.301111111111112,58,0,1706.77,2
2018,ADK90,Canoe,open,NA,8.301111111111112,61.9,0,1706.8,6
2009,ADK90,Canoe,open,NA,8.303055555555556,57.2,0.016,1706.65,6
2018,ADK90,Canoe,open,NA,8.303611111111111,61.9,0,1706.8,6
2012,ADK90,Canoe,open,NA,8.305,67.4,0,1706.75,6
2012,ADK90,Canoe,open,NA,8.305277777777778,67.4,0,1706.75,6
2013,ADK90,Canoe,open,NA,8.305555555555555,51.6,0,1706.88,6
2015,ADK90,Canoe,open,NA,8.305833333333334,63.9,0,1706.82,6
2015,ADK90,Canoe,open,NA,8.306111111111111,63.9,0,1706.82,6
2016,ADK90,Guideboat,g1women,1,8.307222222222222,70.2,0.02,1706.83,1
2015,ADK90,Canoe,open,NA,8.307777777777778,63.9,0,1706.82,6
2008,ADK90,Guideboat,g2women,1,8.311111111111112,72.3,0,1706.81,2
2017,ADK90,Canoe,open,NA,8.3125,51.1,0.484,1706.89,6
2021,ADK90,SUP,solorecveteran,5,8.312777777777777,55.4,0.055,1706.94,1
2018,ADK90,Canoe,open,NA,8.313333333333333,61.9,0,1706.8,6
2018,ADK90,Canoe,open,NA,8.314166666666667,61.9,0,1706.8,6
2009,ADK90,Kayak,k1tourwomen,2,8.31638888888889,57.2,0.016,1706.65,1
2009,ADK90,Canoe,open,NA,8.31638888888889,57.2,0.016,1706.65,6
2012,ADK90,Canoe,open,NA,8.318055555555556,67.4,0,1706.75,6
2013,ADK90,Canoe,open,NA,8.319444444444445,51.6,0,1706.88,6
2008,ADK90,Guideboat,g2,10,8.32,72.3,0,1706.81,2
2015,ADK90,Guideboat,g2,7,8.321111111111112,63.9,0,1706.82,2
2016,ADK90,Canoe,open,NA,8.323333333333334,70.2,0.02,1706.83,6
2022,ADK90,Guideboat,g1,4,8.32338888888889,63.4,0,1706.93,1
2018,ADK90,Canoe,open,NA,8.323611111111111,61.9,0,1706.8,6
2015,ADK90,Canoe,open,NA,8.325555555555555,63.9,0,1706.82,6
2010,ADK90,Canoe,open,NA,8.326666666666666,52.8,0.043,1706.87,6
2010,ADK90,Canoe,open,NA,8.328333333333333,52.8,0.043,1706.87,6
2017,ADK90,Canoe,oc2stock,9,8.331388888888888,51.1,0.484,1706.89,2
2014,ADK90,Canoe,open,NA,8.331666666666667,69.5,0,1706.89,6
2021,ADK90,Canoe,oc2rec,3,8.33611111111111,55.4,0.055,1706.94,2
2019,ADK90,Canoe,oc1recveteran,3,8.336944444444445,58,0,1706.77,1
2025,ADK90,Canoe,oc2stocktour,6,8.336972222222222,58.7,0.37,1706.89,2
2018,ADK90,Canoe,open,NA,8.3375,61.9,0,1706.8,6
2010,ADK90,Canoe,open,NA,8.338611111111112,52.8,0.043,1706.87,6
2013,ADK90,Canoe,open,NA,8.339166666666667,51.6,0,1706.88,6
2017,ADK90,Canoe,open,NA,8.339722222222223,51.1,0.484,1706.89,6
2018,ADK90,Guideboat,g2,4,8.340833333333334,61.9,0,1706.8,2
2021,ADK90,Canoe,oc2stockmixmaster,4,8.341666666666667,55.4,0.055,1706.94,2
2015,ADK90,Canoe,opensuperveteranmix,1,8.342777777777778,63.9,0,1706.82,6
2018,ADK90,Canoe,open,NA,8.34361111111111,61.9,0,1706.8,6
2010,ADK90,Canoe,open,NA,8.34361111111111,52.8,0.043,1706.87,6
2014,ADK90,Guideboat,g2,6,8.348055555555556,69.5,0,1706.89,2
2022,ADK90,Canoe,oc2stock,6,8.348472222222222,63.4,0,1706.93,2
2021,ADK90,Canoe,oc4,4,8.350555555555555,55.4,0.055,1706.94,4
2024,ADK90,Guideboat,g2womenmaster,1,8.35138888888889,61.6,0,1706.82,2
2009,ADK90,Guideboat,g2,6,8.3533333333333335,57.2,0.016,1706.65,2
2013,ADK90,Canoe,open,NA,8.35361111111111,51.6,0,1706.88,6
2008,ADK90,Canoe,open,NA,8.355833333333333,72.3,0,1706.81,6
2008,ADK90,Canoe,open,NA,8.355833333333333,72.3,0,1706.81,6
2022,ADK90,Kayak,k1tournc,3,8.356055555555555,63.4,0,1706.93,1
2015,ADK90,Canoe,open,NA,8.356111111111112,63.9,0,1706.82,6
2016,ADK90,Canoe,open,NA,8.358333333333333,70.2,0.02,1706.83,6
2018,ADK90,Canoe,open,NA,8.359444444444444,61.9,0,1706.8,6
2011,ADK90,Canoe,open,NA,8.362222222222222,63.9,0,1706.86,6
2010,ADK90,Canoe,oc4women,2,8.363055555555556,52.8,0.043,1706.87,4
2022,ADK90,Canoe,oc2stockmix,8,8.36663888888889,63.4,0,1706.93,2
2023,ADK90,Canoe,oc2mix,3,8.367472222222222,66.9,0.15,1706.8,2
2025,ADK90,Canoe,oc2stocktour,7,8.368583333333333,58.7,0.37,1706.89,2
2010,ADK90,Canoe,open,NA,8.368611111111111,52.8,0.043,1706.87,6
2017,ADK90,Canoe,open,NA,8.369722222222222,51.1,0.484,1706.89,6
2018,ADK90,Canoe,open,NA,8.37138888888889,61.9,0,1706.8,6
2022,ADK90,Canoe,oc2recjrsr,3,8.371833333333333,63.4,0,1706.93,2
2018,ADK90,Canoe,open,NA,8.372222222222222,61.9,0,1706.8,6
2011,ADK90,Canoe,open,NA,8.375,63.9,0,1706.86,6
2022,ADK90,Canoe,oc2stock,5,8.37513888888889,63.4,0,1706.93,2
2024,ADK90,Canoe,oc2stock,18,8.376166666666666,61.6,0,1706.82,2
2016,ADK90,Canoe,open,NA,8.37888888888889,70.2,0.02,1706.83,6
2011,ADK90,Guideboat,g2,8,8.38111111111111,63.9,0,1706.86,2
2024,ADK90,Canoe,oc2rec,5,8.382777777777777,61.6,0,1706.82,2
2011,ADK90,Canoe,open,NA,8.383333333333333,63.9,0,1706.86,6
2012,ADK90,Canoe,open,NA,8.383888888888889,67.4,0,1706.75,6
2024,ADK90,Canoe,oc4stockmaster,11,8.386527777777777,61.6,0,1706.82,4
2021,ADK90,Canoe,oc2recmix,1,8.388333333333334,55.4,0.055,1706.94,2
2023,ADK90,Canoe,oc4stockmixnc,2,8.388722222222222,66.9,0.15,1706.8,4
2013,ADK90,Kayak,k1tour,4,8.389444444444445,51.6,0,1706.88,1
2017,ADK90,Canoe,oc1recveteran,3,8.391666666666667,51.1,0.484,1706.89,1
2019,ADK90,Canoe,oc1recmaster,2,8.395,58,0,1706.77,1
2017,ADK90,Canoe,open,NA,8.39611111111111,51.1,0.484,1706.89,6
2023,ADK90,Canoe,oc4stockwomennc,1,8.396555555555555,66.9,0.15,1706.8,4
2011,ADK90,Canoe,open,NA,8.398055555555555,63.9,0,1706.86,6
2022,ADK90,SUP,sup,1,8.398777777777777,63.4,0,1706.93,1
2025,ADK90,Canoe,oc3stock,2,8.400805555555555,58.7,0.37,1706.89,3
2019,ADK90,Canoe,oc2stock,6,8.401388888888889,58,0,1706.77,2
2023,ADK90,Kayak,k1master,8,8.404388888888889,66.9,0.15,1706.8,1
2015,ADK90,Canoe,open,NA,8.407222222222222,63.9,0,1706.82,6
2012,ADK90,Canoe,open,NA,8.4075,67.4,0,1706.75,6
2022,ADK90,Canoe,oc2stock,7,8.407666666666666,63.4,0,1706.93,2
2009,ADK90,Canoe,open,NA,8.410277777777777,57.2,0.016,1706.65,6
2018,ADK90,Canoe,open,NA,8.411666666666667,61.9,0,1706.8,6
2014,ADK90,Canoe,open,NA,8.4125,69.5,0,1706.89,6
2023,ADK90,Canoe,oc2stockmixnc,2,8.412972222222223,66.9,0.15,1706.8,2
2018,ADK90,Canoe,open,NA,8.414444444444445,61.9,0,1706.8,6
2010,ADK90,Canoe,open,NA,8.415,52.8,0.043,1706.87,6
2008,ADK90,Canoe,open,NA,8.419166666666667,72.3,0,1706.81,6
2017,ADK90,Canoe,open,NA,8.419444444444444,51.1,0.484,1706.89,6
2013,ADK90,Canoe,open,NA,8.421388888888888,51.6,0,1706.88,6
2011,ADK90,Canoe,open,NA,8.422777777777778,63.9,0,1706.86,6
2014,ADK90,Canoe,open,NA,8.424166666666666,69.5,0,1706.89,6
2015,ADK90,Canoe,open,NA,8.426388888888889,63.9,0,1706.82,6
2011,ADK90,Canoe,oc1rec,6,8.426944444444445,63.9,0,1706.86,1
2008,ADK90,Canoe,open,NA,8.427222222222222,72.3,0,1706.81,6
2023,ADK90,Kayak,k1,2,8.429944444444445,66.9,0.15,1706.8,1
2010,ADK90,Canoe,oc1rec,9,8.430277777777778,52.8,0.043,1706.87,1
2010,ADK90,Canoe,oc1recwomen,3,8.430277777777778,52.8,0.043,1706.87,1
2010,ADK90,Canoe,oc2recmix,3,8.433333333333334,52.8,0.043,1706.87,2
2009,ADK90,Canoe,oc2recmix,4,8.43388888888889,57.2,0.016,1706.65,2
2017,ADK90,Canoe,open,NA,8.435277777777777,51.1,0.484,1706.89,6
2009,ADK90,Canoe,oc2recmix,3,8.435833333333333,57.2,0.016,1706.65,2
2009,ADK90,Canoe,oc2recmix,2,8.4375,57.2,0.016,1706.65,2
2016,ADK90,Canoe,oc1am,3,8.438055555555556,70.2,0.02,1706.83,1
2011,ADK90,Canoe,oc2stock,9,8.440277777777778,63.9,0,1706.86,2
2024,ADK90,Guideboat,g1master,2,8.441277777777778,61.6,0,1706.82,1
2011,ADK90,Canoe,oc4women,4,8.442222222222222,63.9,0,1706.86,4
2019,ADK90,Canoe,oc2stockwomen,2,8.4425,58,0,1706.77,2
2014,ADK90,Canoe,open,NA,8.44361111111111,69.5,0,1706.89,6
2009,ADK90,Canoe,oc2stock,10,8.444166666666666,57.2,0.016,1706.65,2
2009,ADK90,Canoe,open,NA,8.445555555555556,57.2,0.016,1706.65,6
2010,ADK90,Guideboat,g2,8,8.447777777777778,52.8,0.043,1706.87,2
2024,ADK90,Guideboat,g2,4,8.44825,61.6,0,1706.82,2
2014,ADK90,Guideboat,g2,5,8.448888888888888,69.5,0,1706.89,2
2009,ADK90,Guideboat,g2,7,8.45138888888889,57.2,0.016,1706.65,2
2025,ADK90,Guideboat,g2,4,8.452222222222222,58.7,0.37,1706.89,2
2012,ADK90,Canoe,open,NA,8.452777777777778,67.4,0,1706.75,6
2009,ADK90,Canoe,open,NA,8.454166666666667,57.2,0.016,1706.65,6
2017,ADK90,Canoe,open,NA,8.460277777777778,51.1,0.484,1706.89,6
2025,ADK90,Canoe,oc2rec,9,8.46036111111111,58.7,0.37,1706.89,2
2023,ADK90,Canoe,oc2recnc,6,8.460694444444444,66.9,0.15,1706.8,2
2021,ADK90,SUP,solorecmaster,3,8.46111111111111,55.4,0.055,1706.94,1
2012,ADK90,Canoe,open,NA,8.461388888888889,67.4,0,1706.75,6
2014,ADK90,Canoe,open,NA,8.463333333333333,69.5,0,1706.89,6
2017,ADK90,Canoe,open,NA,8.466111111111111,51.1,0.484,1706.89,6
2014,ADK90,Canoe,open,NA,8.468055555555555,69.5,0,1706.89,6
2016,ADK90,Canoe,oc1stockmaster,3,8.46888888888889,70.2,0.02,1706.83,1
2025,ADK90,Canoe,oc2stockmix,12,8.469305555555556,58.7,0.37,1706.89,2
2022,ADK90,Canoe,oc2stockopen,15,8.477305555555555,63.4,0,1706.93,2
2021,ADK90,Canoe,oc1,2,8.47861111111111,55.4,0.055,1706.94,1
2023,ADK90,Canoe,oc2recnc,4,8.479527777777777,66.9,0.15,1706.8,2
2013,ADK90,Canoe,open,NA,8.480555555555556,51.6,0,1706.88,6
2018,ADK90,Canoe,open,NA,8.488611111111112,61.9,0,1706.8,6
2010,ADK90,Canoe,open,NA,8.490555555555556,52.8,0.043,1706.87,6
2025,ADK90,Canoe,oc4stocktour,6,8.49075,58.7,0.37,1706.89,4
2010,ADK90,Canoe,open,NA,8.490833333333333,52.8,0.043,1706.87,6
2025,ADK90,Canoe,oc2stockmaster,11,8.490916666666667,58.7,0.37,1706.89,2
2013,ADK90,Guideboat,g1,4,8.491666666666667,51.6,0,1706.88,1
2022,ADK90,Canoe,oc2stockmix,9,8.492777777777778,63.4,0,1706.93,2
2008,ADK90,Canoe,open,NA,8.495555555555555,72.3,0,1706.81,6
2016,ADK90,Canoe,open,NA,8.495555555555555,70.2,0.02,1706.83,6
2009,ADK90,Canoe,oc4women,1,8.496666666666666,57.2,0.016,1706.65,4
2008,ADK90,Canoe,open,NA,8.500555555555556,72.3,0,1706.81,6
2014,ADK90,Canoe,open,NA,8.500833333333333,69.5,0,1706.89,6
2022,ADK90,Canoe,oc2stock,9,8.501916666666666,63.4,0,1706.93,2
2013,ADK90,Canoe,open,NA,8.5025,51.6,0,1706.88,6
2016,ADK90,Canoe,open,NA,8.50388888888889,70.2,0.02,1706.83,6
2022,ADK90,Canoe,oc1stock,2,8.5045,63.4,0,1706.93,1
2011,ADK90,Canoe,oc2recwomen,1,8.507222222222222,63.9,0,1706.86,2
2010,ADK90,Canoe,open,NA,8.5075,52.8,0.043,1706.87,6
2016,ADK90,Canoe,oc2rec,4,8.509166666666667,70.2,0.02,1706.83,2
2013,ADK90,Canoe,open,NA,8.509166666666667,51.6,0,1706.88,6
2024,ADK90,Canoe,oc2stock,20,8.510444444444444,61.6,0,1706.82,2
2022,ADK90,Canoe,oc2stockmix,10,8.51086111111111,63.4,0,1706.93,2
2009,ADK90,Canoe,open,NA,8.514166666666666,57.2,0.016,1706.65,6
2010,ADK90,Canoe,open,NA,8.516944444444444,52.8,0.043,1706.87,6
2021,ADK90,Canoe,oc2stockwomen,3,8.517222222222221,55.4,0.055,1706.94,2
2016,ADK90,Canoe,open,NA,8.519722222222223,70.2,0.02,1706.83,6
2021,ADK90,Canoe,oc2stockmixmaster,5,8.520833333333334,55.4,0.055,1706.94,2
2010,ADK90,Canoe,open,NA,8.5216666666666665,52.8,0.043,1706.87,6
2010,ADK90,Canoe,open,NA,8.521944444444445,52.8,0.043,1706.87,6
2017,ADK90,Canoe,open,NA,8.525,51.1,0.484,1706.89,6
2009,ADK90,Canoe,oc1recveteran,2,8.525555555555556,57.2,0.016,1706.65,1
2010,ADK90,Canoe,open,NA,8.526944444444444,52.8,0.043,1706.87,6
2010,ADK90,Canoe,open,NA,8.526944444444444,52.8,0.043,1706.87,6
2010,ADK90,Canoe,open,NA,8.529722222222222,52.8,0.043,1706.87,6
2022,ADK90,Guideboat,g1,2,8.531055555555556,63.4,0,1706.93,1
2011,ADK90,Canoe,open,NA,8.5325,63.9,0,1706.86,6
2013,ADK90,Canoe,open,NA,8.5344444444444445,51.6,0,1706.88,6
2011,ADK90,Canoe,open,NA,8.535833333333333,63.9,0,1706.86,6
2010,ADK90,Canoe,oc4women,3,8.536111111111111,52.8,0.043,1706.87,4
2021,ADK90,Canoe,oc1master,1,8.536388888888888,55.4,0.055,1706.94,1
2015,ADK90,Canoe,open,NA,8.53888888888889,63.9,0,1706.82,6
2011,ADK90,Canoe,open,NA,8.54138888888889,63.9,0,1706.86,6
2009,ADK90,Canoe,open,NA,8.542777777777777,57.2,0.016,1706.65,6
2011,ADK90,Canoe,open,NA,8.542777777777777,63.9,0,1706.86,6
2010,ADK90,Canoe,open,NA,8.544722222222223,52.8,0.043,1706.87,6
2012,ADK90,Canoe,open,NA,8.545833333333333,67.4,0,1706.75,6
2011,ADK90,Canoe,open,NA,8.548333333333334,63.9,0,1706.86,6
2018,ADK90,Canoe,open,NA,8.549444444444445,61.9,0,1706.8,6
2025,ADK90,Canoe,oc2stock,24,8.552611111111112,58.7,0.37,1706.89,2
2013,ADK90,Canoe,open,NA,8.558055555555555,51.6,0,1706.88,6
2010,ADK90,Canoe,open,NA,8.55888888888889,52.8,0.043,1706.87,6
2008,ADK90,Canoe,open,NA,8.561111111111112,72.3,0,1706.81,6
2018,ADK90,Canoe,open,NA,8.561666666666667,61.9,0,1706.8,6
2014,ADK90,Canoe,oc4women,3,8.5625,69.5,0,1706.89,4
2022,ADK90,Canoe,oc1,2,8.5635,63.4,0,1706.93,1
2024,ADK90,Kayak,k1sportmaster,7,8.563638888888889,61.6,0,1706.82,1
2016,ADK90,Canoe,open,NA,8.563888888888888,70.2,0.02,1706.83,6
2016,ADK90,Canoe,open,NA,8.565277777777778,70.2,0.02,1706.83,6
2017,ADK90,Canoe,open,NA,8.565277777777778,51.1,0.484,1706.89,6
2018,ADK90,Canoe,open,NA,8.569166666666666,61.9,0,1706.8,6
2018,ADK90,Canoe,open,NA,8.569166666666666,61.9,0,1706.8,6
2009,ADK90,Canoe,open,NA,8.569166666666666,57.2,0.016,1706.65,6
2013,ADK90,Canoe,open,NA,8.569722222222222,51.6,0,1706.88,6
2014,ADK90,Canoe,open,NA,8.571666666666667,69.5,0,1706.89,6
2013,ADK90,Canoe,open,NA,8.573055555555555,51.6,0,1706.88,6
2015,ADK90,Canoe,open,NA,8.573611111111111,63.9,0,1706.82,6
2018,ADK90,Kayak,k1tour,9,8.574166666666667,61.9,0,1706.8,1
2021,ADK90,SUP,solorecmaster,4,8.575555555555555,55.4,0.055,1706.94,1
2018,ADK90,Canoe,open,NA,8.578611111111112,61.9,0,1706.8,6
2008,ADK90,Canoe,open,NA,8.583055555555555,72.3,0,1706.81,6
2014,ADK90,Canoe,open,NA,8.58361111111111,69.5,0,1706.89,6
2018,ADK90,Canoe,open,NA,8.585,61.9,0,1706.8,6
2015,ADK90,Canoe,open,NA,8.585277777777778,63.9,0,1706.82,6
2025,ADK90,Canoe,oc2stock,25,8.587416666666666,58.7,0.37,1706.89,2
2014,ADK90,Canoe,open,NA,8.589444444444444,69.5,0,1706.89,6
2013,ADK90,Canoe,open,NA,8.591111111111111,51.6,0,1706.88,6
2015,ADK90,Canoe,open,NA,8.595277777777778,63.9,0,1706.82,6
2024,ADK90,Canoe,oc2stock,22,8.596833333333333,61.6,0,1706.82,2
2017,ADK90,Canoe,oc4,7,8.599444444444444,51.1,0.484,1706.89,4
2012,ADK90,Canoe,open,NA,8.602222222222222,67.4,0,1706.75,6
2016,ADK90,Canoe,open,NA,8.6033333333333335,70.2,0.02,1706.83,6
2011,ADK90,Canoe,open,NA,8.605555555555556,63.9,0,1706.86,6
2011,ADK90,Canoe,open,NA,8.606111111111112,63.9,0,1706.86,6
2014,ADK90,Guideboat,g2women,1,8.607222222222223,69.5,0,1706.89,2
2014,ADK90,Canoe,open,NA,8.608333333333333,69.5,0,1706.89,6
2017,ADK90,Canoe,open,NA,8.609166666666667,51.1,0.484,1706.89,6
2015,ADK90,Canoe,open,NA,8.610833333333334,63.9,0,1706.82,6
2010,ADK90,Canoe,open,NA,8.612222222222222,52.8,0.043,1706.87,6
2013,ADK90,Canoe,open,NA,8.6125,51.6,0,1706.88,6
2016,ADK90,Canoe,open,NA,8.613611111111112,70.2,0.02,1706.83,6
2017,ADK90,Canoe,open,NA,8.615555555555556,51.1,0.484,1706.89,6
2017,ADK90,Canoe,open,NA,8.619722222222222,51.1,0.484,1706.89,6
2010,ADK90,Canoe,open,NA,8.620555555555555,52.8,0.043,1706.87,6
2009,ADK90,Canoe,open,NA,8.625,57.2,0.016,1706.65,6
2016,ADK90,Canoe,open,NA,8.626388888888888,70.2,0.02,1706.83,6
2017,ADK90,Canoe,open,NA,8.628055555555555,51.1,0.484,1706.89,6
2023,ADK90,Canoe,oc4mix,7,8.629055555555555,66.9,0.15,1706.8,4
2022,ADK90,Canoe,oc4stocktour,4,8.62961111111111,63.4,0,1706.93,4
2015,ADK90,Canoe,open,NA,8.629722222222222,63.9,0,1706.82,6
2022,ADK90,Canoe,oc2stockmaster,8,8.63125,63.4,0,1706.93,2
2012,ADK90,Canoe,open,NA,8.632222222222222,67.4,0,1706.75,6
2017,ADK90,Canoe,open,NA,8.635277777777778,51.1,0.484,1706.89,6
2015,ADK90,Canoe,open,NA,8.636388888888888,63.9,0,1706.82,6
2009,ADK90,Canoe,oc1rec,6,8.637222222222222,57.2,0.016,1706.65,1
2022,ADK90,Canoe,oc2stock,8,8.640194444444445,63.4,0,1706.93,2
2014,ADK90,Canoe,open,NA,8.644166666666667,69.5,0,1706.89,6
2025,ADK90,Kayak,k1sport,3,8.64638888888889,58.7,0.37,1706.89,1
2025,ADK90,Kayak,k1sport,4,8.648305555555556,58.7,0.37,1706.89,1
2024,ADK90,Canoe,oc2stock,19,8.65013888888889,61.6,0,1706.82,2
2024,ADK90,Guideboat,g2,5,8.651333333333334,61.6,0,1706.82,2
2024,ADK90,Kayak,k1sportmaster,8,8.652972222222223,61.6,0,1706.82,1
2025,ADK90,Canoe,oc2stocktour,3,8.652972222222223,58.7,0.37,1706.89,2
2010,ADK90,Canoe,open,NA,8.653611111111111,52.8,0.043,1706.87,6
2019,ADK90,Canoe,oc1stock,3,8.653888888888888,58,0,1706.77,1
2011,ADK90,Canoe,open,NA,8.653888888888888,63.9,0,1706.86,6
2024,ADK90,Canoe,oc2rec,6,8.655583333333333,61.6,0,1706.82,2
2022,ADK90,Canoe,oc2rectour,7,8.65761111111111,63.4,0,1706.93,2
2010,ADK90,Canoe,open,NA,8.657777777777778,52.8,0.043,1706.87,6
2011,ADK90,Canoe,open,NA,8.658333333333333,63.9,0,1706.86,6
2024,ADK90,Kayak,k1sportmaster,9,8.65913888888889,61.6,0,1706.82,1
2014,ADK90,Canoe,oc1stock,4,8.659722222222221,69.5,0,1706.89,1
2023,ADK90,Canoe,oc2recmixnc,1,8.662222222222223,66.9,0.15,1706.8,2
2011,ADK90,Canoe,open,NA,8.6625,63.9,0,1706.86,6
2009,ADK90,Canoe,open,NA,8.663055555555555,57.2,0.016,1706.65,6
2024,ADK90,Canoe,oc3stocktourmix,5,8.663111111111112,61.6,0,1706.82,3
2014,ADK90,Canoe,open,NA,8.663611111111111,69.5,0,1706.89,6
2011,ADK90,Canoe,oc1stockwomen,1,8.66638888888889,63.9,0,1706.86,1
2010,ADK90,Canoe,open,NA,8.666666666666666,52.8,0.043,1706.87,6
2022,ADK90,Guideboat,g2,3,8.668138888888889,63.4,0,1706.93,2
2010,ADK90,Canoe,open,NA,8.670277777777779,52.8,0.043,1706.87,6
2017,ADK90,Canoe,open,NA,8.671388888888888,51.1,0.484,1706.89,6
2024,ADK90,Canoe,oc4stockncmix,2,8.672027777777778,61.6,0,1706.82,4
2018,ADK90,Canoe,open,NA,8.673055555555555,61.9,0,1706.8,6
2009,ADK90,Kayak,k1tourwomen,1,8.674444444444445,57.2,0.016,1706.65,1
2019,ADK90,Canoe,oc2stockmaster,6,8.675277777777778,58,0,1706.77,2
2016,ADK90,Canoe,open,NA,8.675833333333333,70.2,0.02,1706.83,6
2009,ADK90,Canoe,open,NA,8.675833333333333,57.2,0.016,1706.65,6
2013,ADK90,Canoe,open,NA,8.6775,51.6,0,1706.88,6
2009,ADK90,Canoe,open,NA,8.679166666666667,57.2,0.016,1706.65,6
2023,ADK90,Canoe,oc2recnc,7,8.680333333333333,66.9,0.15,1706.8,2
2013,ADK90,Canoe,open,NA,8.680555555555555,51.6,0,1706.88,6
2017,ADK90,Kayak,k1tour,7,8.684444444444445,51.1,0.484,1706.89,1
2010,ADK90,Canoe,open,NA,8.684722222222222,52.8,0.043,1706.87,6
2014,ADK90,Canoe,open,NA,8.686111111111112,69.5,0,1706.89,6
2013,ADK90,Canoe,open,NA,8.686388888888889,51.6,0,1706.88,6
2024,ADK90,Canoe,oc2stockwomen,3,8.688083333333333,61.6,0,1706.82,2
2023,ADK90,Canoe,oc2stocknc,3,8.691166666666668,66.9,0.15,1706.8,2
2023,ADK90,Canoe,oc2stocknc,4,8.693305555555556,66.9,0.15,1706.8,2
2013,ADK90,Guideboat,g2mix,2,8.69361111111111,51.6,0,1706.88,2
2017,ADK90,Canoe,open,NA,8.694166666666666,51.1,0.484,1706.89,6
2017,ADK90,Canoe,open,NA,8.694444444444445,51.1,0.484,1706.89,6
2015,ADK90,Canoe,open,NA,8.695555555555556,63.9,0,1706.82,6
2015,ADK90,Canoe,open,NA,8.695833333333333,63.9,0,1706.82,6
2015,ADK90,Canoe,open,NA,8.697222222222223,63.9,0,1706.82,6
2022,ADK90,Canoe,oc1,3,8.698833333333333,63.4,0,1706.93,1
2010,ADK90,Canoe,open,NA,8.699166666666667,52.8,0.043,1706.87,6
2011,ADK90,Canoe,open,NA,8.699166666666667,63.9,0,1706.86,6
2018,ADK90,Canoe,open,NA,8.699444444444444,61.9,0,1706.8,6
2013,ADK90,Canoe,open,NA,8.700833333333334,51.6,0,1706.88,6
2019,ADK90,Canoe,oc4stockmix,11,8.707222222222223,58,0,1706.77,4
2009,ADK90,Canoe,oc2family,2,8.707777777777778,57.2,0.016,1706.65,2
2016,ADK90,Canoe,open,NA,8.7091666666666665,70.2,0.02,1706.83,6
2022,ADK90,Kayak,k1tournc,6,8.711527777777778,63.4,0,1706.93,1
2010,ADK90,Canoe,open,NA,8.713333333333333,52.8,0.043,1706.87,6
2024,ADK90,Canoe,oc4stockmix,24,8.714194444444445,61.6,0,1706.82,4
2022,ADK90,Guideboat,g1,3,8.716027777777779,63.4,0,1706.93,1
2023,ADK90,Canoe,oc2recnc,8,8.716888888888889,66.9,0.15,1706.8,2
2019,ADK90,Kayak,k1tourveteran,1,8.718333333333334,58,0,1706.77,1
2009,ADK90,Guideboat,g2,8,8.720833333333333,57.2,0.016,1706.65,2
2014,ADK90,Guideboat,g2mix,2,8.721666666666666,69.5,0,1706.89,2
2018,ADK90,Canoe,open,NA,8.723611111111111,61.9,0,1706.8,6
2009,ADK90,Canoe,open,NA,8.724166666666667,57.2,0.016,1706.65,6
2025,ADK90,Canoe,oc2stock,23,8.725916666666667,58.7,0.37,1706.89,2
2011,ADK90,Canoe,open,NA,8.726944444444445,63.9,0,1706.86,6
2023,ADK90,Canoe,oc3stocknc,4,8.729305555555555,66.9,0.15,1706.8,3
2014,ADK90,Canoe,open,NA,8.73,69.5,0,1706.89,6
2013,ADK90,Voyageur,voyageur,8,8.733333333333333,51.6,0,1706.88,6
2010,ADK90,Canoe,open,NA,8.733333333333333,52.8,0.043,1706.87,6
2014,ADK90,Canoe,oc1am,1,8.733611111111111,69.5,0,1706.89,1
2022,ADK90,Canoe,oc2stockopen,16,8.735333333333333,63.4,0,1706.93,2
2014,ADK90,Canoe,open,NA,8.736666666666666,69.5,0,1706.89,6
2022,ADK90,Canoe,oc2stock,10,8.743444444444444,63.4,0,1706.93,2
2008,ADK90,Canoe,open,NA,8.747777777777777,72.3,0,1706.81,6
2022,ADK90,Canoe,oc2stockmastertour,5,8.748,63.4,0,1706.93,2
2012,ADK90,Canoe,open,NA,8.749166666666667,67.4,0,1706.75,6
2012,ADK90,Canoe,open,NA,8.750555555555556,67.4,0,1706.75,6
2021,ADK90,Canoe,oc4stockmix,17,8.751111111111111,55.4,0.055,1706.94,4
2010,ADK90,Canoe,open,NA,8.751111111111111,52.8,0.043,1706.87,6
2015,ADK90,Canoe,open,NA,8.752777777777778,63.9,0,1706.82,6
2019,ADK90,Canoe,oc1rec,3,8.754166666666666,58,0,1706.77,1
2024,ADK90,Canoe,oc2rectourmix,1,8.757611111111112,61.6,0,1706.82,2
2013,ADK90,Canoe,open,NA,8.759444444444444,51.6,0,1706.88,6
2015,ADK90,Canoe,open,NA,8.760555555555555,63.9,0,1706.82,6
2015,ADK90,Canoe,open,NA,8.761944444444444,63.9,0,1706.82,6
2014,ADK90,Canoe,open,NA,8.763333333333334,69.5,0,1706.89,6
2018,ADK90,Canoe,open,NA,8.76361111111111,61.9,0,1706.8,6
2017,ADK90,Canoe,open,NA,8.766111111111112,51.1,0.484,1706.89,6
2018,ADK90,Canoe,open,NA,8.766944444444444,61.9,0,1706.8,6
2011,ADK90,Canoe,oc1stock,5,8.768055555555556,63.9,0,1706.86,1
2025,ADK90,Canoe,oc2stockmix,13,8.768166666666668,58.7,0.37,1706.89,2
2011,ADK90,Canoe,open,NA,8.768611111111111,63.9,0,1706.86,6
2011,ADK90,Guideboat,g2,9,8.773888888888889,63.9,0,1706.86,2
2019,ADK90,Canoe,oc1recveteran,4,8.777777777777779,58,0,1706.77,1
2022,ADK90,Canoe,oc4stocktournc,4,8.782277777777779,63.4,0,1706.93,4
2021,ADK90,Canoe,oc4stockmix,20,8.784166666666666,55.4,0.055,1706.94,4
2021,ADK90,Canoe,oc2stock,12,8.7844444444444445,55.4,0.055,1706.94,2
2017,ADK90,Canoe,oc2stockmixsuperveteran,1,8.784722222222221,51.1,0.484,1706.89,2
2009,ADK90,Canoe,open,NA,8.785833333333333,57.2,0.016,1706.65,6
2013,ADK90,Canoe,open,NA,8.786111111111111,51.6,0,1706.88,6
2009,ADK90,Canoe,open,NA,8.788333333333334,57.2,0.016,1706.65,6
2009,ADK90,Canoe,oc1recveteran,3,8.789166666666667,57.2,0.016,1706.65,1
2019,ADK90,Guideboat,g2,3,8.7908333333333335,58,0,1706.77,2
2008,ADK90,Guideboat,g2mix,2,8.7925,72.3,0,1706.81,2
2023,ADK90,Canoe,oc2stockmixnc,3,8.795916666666667,66.9,0.15,1706.8,2
2021,ADK90,Canoe,oc4stockmix,19,8.7975,55.4,0.055,1706.94,4
2013,ADK90,Canoe,open,NA,8.8025,51.6,0,1706.88,6
2016,ADK90,Canoe,open,NA,8.805833333333334,70.2,0.02,1706.83,6
2010,ADK90,Guideboat,g2,10,8.806944444444444,52.8,0.043,1706.87,2
2016,ADK90,Canoe,open,NA,8.807222222222222,70.2,0.02,1706.83,6
2024,ADK90,Canoe,oc1stockveteran,3,8.807361111111112,61.6,0,1706.82,1
2012,ADK90,Canoe,open,NA,8.808333333333334,67.4,0,1706.75,6
2014,ADK90,Canoe,open,NA,8.812222222222223,69.5,0,1706.89,6
2025,ADK90,Canoe,oc2stocktour,8,8.817027777777778,58.7,0.37,1706.89,2
2010,ADK90,Canoe,oc2stockmixmaster,11,8.82,52.8,0.043,1706.87,2
2010,ADK90,Canoe,open,NA,8.821666666666667,52.8,0.043,1706.87,6
2014,ADK90,Canoe,open,NA,8.824722222222222,69.5,0,1706.89,6
2024,ADK90,Canoe,oc1tour,1,8.826194444444445,61.6,0,1706.82,1
2009,ADK90,Canoe,open,NA,8.82638888888889,57.2,0.016,1706.65,6
2014,ADK90,Canoe,open,NA,8.83,69.5,0,1706.89,6
2008,ADK90,Canoe,oc1stock,7,8.833333333333334,72.3,0,1706.81,1
2016,ADK90,Canoe,open,NA,8.834444444444445,70.2,0.02,1706.83,6
2023,ADK90,Guideboat,g1,2,8.834805555555555,66.9,0.15,1706.8,1
2023,ADK90,Canoe,oc2stockgoldmixnc,4,8.835083333333333,66.9,0.15,1706.8,2
2023,ADK90,Guideboat,g1,3,8.837388888888889,66.9,0.15,1706.8,1
2012,ADK90,Guideboat,g2,9,8.838055555555556,67.4,0,1706.75,2
2014,ADK90,Canoe,open,NA,8.838888888888889,69.5,0,1706.89,6
2014,ADK90,Canoe,open,NA,8.84,69.5,0,1706.89,6
2009,ADK90,Canoe,open,NA,8.842222222222222,57.2,0.016,1706.65,6
2009,ADK90,Canoe,open,NA,8.843333333333334,57.2,0.016,1706.65,6
2024,ADK90,Canoe,oc2stocktour,3,8.843833333333333,61.6,0,1706.82,2
2009,ADK90,Canoe,open,NA,8.849722222222223,57.2,0.016,1706.65,6
2008,ADK90,Canoe,oc4,9,8.85,72.3,0,1706.81,4
2009,ADK90,Canoe,oc2stockmaster,11,8.851666666666667,57.2,0.016,1706.65,2
2014,ADK90,Canoe,open,NA,8.852777777777778,69.5,0,1706.89,6
2015,ADK90,Canoe,open,NA,8.852777777777778,63.9,0,1706.82,6
2008,ADK90,Canoe,open,NA,8.8533333333333335,72.3,0,1706.81,6
2009,ADK90,Canoe,open,NA,8.854722222222222,57.2,0.016,1706.65,6
2012,ADK90,Canoe,open,NA,8.856111111111112,67.4,0,1706.75,6
2022,ADK90,Canoe,oc2rectour,9,8.856444444444445,63.4,0,1706.93,2
2009,ADK90,Canoe,oc2stock,11,8.858055555555556,57.2,0.016,1706.65,2
2024,ADK90,Canoe,oc2stocktour,4,8.85825,61.6,0,1706.82,2
2009,ADK90,Canoe,open,NA,8.859166666666667,57.2,0.016,1706.65,6
2024,ADK90,Canoe,oc2stocktour,2,8.86036111111111,61.6,0,1706.82,2
2024,ADK90,Canoe,oc4stockwomenmaster,5,8.861527777777777,61.6,0,1706.82,4
2022,ADK90,Canoe,oc2recjrsr,4,8.86211111111111,63.4,0,1706.93,2
2022,ADK90,Canoe,oc2rectour,8,8.863611111111112,63.4,0,1706.93,2
2011,ADK90,Canoe,open,NA,8.866388888888888,63.9,0,1706.86,6
2012,ADK90,Canoe,open,NA,8.873055555555556,67.4,0,1706.75,6
2011,ADK90,Canoe,open,NA,8.87888888888889,63.9,0,1706.86,6
2023,ADK90,Kayak,k1nc,3,8.88175,66.9,0.15,1706.8,1
2014,ADK90,Canoe,open,NA,8.883333333333333,69.5,0,1706.89,6
2018,ADK90,Canoe,open,NA,8.883888888888889,61.9,0,1706.8,6
2022,ADK90,Canoe,oc2stockveteran,5,8.884611111111111,63.4,0,1706.93,2
2013,ADK90,Canoe,open,NA,8.886666666666667,51.6,0,1706.88,6
2015,ADK90,Guideboat,g1,4,8.890555555555556,63.9,0,1706.82,1
2015,ADK90,Guideboat,g1,5,8.890555555555556,63.9,0,1706.82,1
2016,ADK90,Canoe,open,NA,8.890833333333333,70.2,0.02,1706.83,6
2016,ADK90,Canoe,open,NA,8.890833333333333,70.2,0.02,1706.83,6
2014,ADK90,Canoe,open,NA,8.891388888888889,69.5,0,1706.89,6
2023,ADK90,Canoe,oc2recgoldmixnc,1,8.892444444444445,66.9,0.15,1706.8,2
2018,ADK90,Canoe,open,NA,8.903888888888888,61.9,0,1706.8,6
2009,ADK90,Canoe,open,NA,8.908333333333333,57.2,0.016,1706.65,6
2011,ADK90,Canoe,open,NA,8.910555555555556,63.9,0,1706.86,6
2022,ADK90,SUP,sup,2,8.917194444444444,63.4,0,1706.93,1
2011,ADK90,Canoe,open,NA,8.9175,63.9,0,1706.86,6
2018,ADK90,Canoe,open,NA,8.921944444444444,61.9,0,1706.8,6
2010,ADK90,Canoe,open,NA,8.923333333333334,52.8,0.043,1706.87,6
2022,ADK90,Canoe,oc2rec,4,8.92375,63.4,0,1706.93,2
2017,ADK90,Canoe,open,NA,8.924166666666666,51.1,0.484,1706.89,6
2010,ADK90,Canoe,open,NA,8.924722222222222,52.8,0.043,1706.87,6
2024,ADK90,Canoe,oc2rectourmix,2,8.926388888888889,61.6,0,1706.82,2
2025,ADK90,Canoe,oc2rectournc,1,8.9281111111111109,58.7,0.37,1706.89,2
2014,ADK90,Canoe,open,NA,8.93361111111111,69.5,0,1706.89,6
2013,ADK90,Canoe,open,NA,8.934444444444445,51.6,0,1706.88,6
2014,ADK90,Canoe,open,NA,8.947777777777778,69.5,0,1706.89,6
2012,ADK90,Canoe,open,NA,8.948611111111111,67.4,0,1706.75,6
2011,ADK90,Canoe,oc2stockmixmaster,8,8.948888888888888,63.9,0,1706.86,2
2019,ADK90,Guideboat,g2,6,8.951944444444445,58,0,1706.77,2
2024,ADK90,Canoe,oc2recmix,1,8.954777777777778,61.6,0,1706.82,2
2023,ADK90,Canoe,oc4stockgoldmixnc,2,8.955055555555555,66.9,0.15,1706.8,4
2008,ADK90,Canoe,open,NA,8.959444444444445,72.3,0,1706.81,6
2015,ADK90,Canoe,open,NA,8.960555555555555,63.9,0,1706.82,6
2014,ADK90,Canoe,open,NA,8.961944444444445,69.5,0,1706.89,6
2021,ADK90,Canoe,oc2recmix,2,8.962777777777777,55.4,0.055,1706.94,2
2024,ADK90,Canoe,oc2rectourwomennc,1,8.9675,61.6,0,1706.82,2
2025,ADK90,Guideboat,g2women,1,8.971194444444444,58.7,0.37,1706.89,2
2010,ADK90,Canoe,open,NA,8.973611111111111,52.8,0.043,1706.87,6
2018,ADK90,Canoe,open,NA,8.978055555555555,61.9,0,1706.8,6
2009,ADK90,Canoe,open,NA,8.981388888888889,57.2,0.016,1706.65,6
2010,ADK90,Canoe,open,NA,8.98638888888889,52.8,0.043,1706.87,6
2024,ADK90,Canoe,oc2recmaster,2,8.987777777777778,61.6,0,1706.82,2
2009,ADK90,Canoe,open,NA,8.989166666666666,57.2,0.016,1706.65,6
2023,ADK90,Canoe,oc1stocknc,2,8.99075,66.9,0.15,1706.8,1
2015,ADK90,Canoe,open,NA,8.994166666666667,63.9,0,1706.82,6
2023,ADK90,Canoe,oc2stockwomen,5,8.99488888888889,66.9,0.15,1706.8,2
2023,ADK90,Guideboat,g2,6,8.995138888888889,66.9,0.15,1706.8,2
2015,ADK90,Canoe,open,NA,8.998055555555556,63.9,0,1706.82,6
2011,ADK90,Canoe,open,NA,8.998888888888889,63.9,0,1706.86,6
2022,ADK90,Guideboat,g2tour,1,9.001305555555556,63.4,0,1706.93,2
2017,ADK90,Canoe,open,NA,9.001944444444444,51.1,0.484,1706.89,6
2017,ADK90,Canoe,open,NA,9.003055555555555,51.1,0.484,1706.89,6
2019,ADK90,Canoe,oc1stockwomen,1,9.016666666666667,58,0,1706.77,1
2016,ADK90,Canoe,oc2rec,5,9.018333333333333,70.2,0.02,1706.83,2
2008,ADK90,Canoe,oc1stockwomen,1,9.0216666666666665,72.3,0,1706.81,1
2019,ADK90,Canoe,oc1rec,4,9.025,58,0,1706.77,1
2024,ADK90,Canoe,oc2stockwomen,4,9.026944444444444,61.6,0,1706.82,2
2021,ADK90,Canoe,oc4stockwomenmaster,5,9.027222222222223,55.4,0.055,1706.94,4
2018,ADK90,Canoe,open,NA,9.030833333333334,61.9,0,1706.8,6
2019,ADK90,Guideboat,g2,5,9.036666666666667,58,0,1706.77,2
2017,ADK90,Canoe,open,NA,9.038055555555555,51.1,0.484,1706.89,6
2019,ADK90,Kayak,k1tourwomen,1,9.044722222222223,58,0,1706.77,1
2014,ADK90,Canoe,open,NA,9.044722222222223,69.5,0,1706.89,6
2014,ADK90,Guideboat,g1,2,9.045,69.5,0,1706.89,1
2014,ADK90,Canoe,open,NA,9.045555555555556,69.5,0,1706.89,6
2016,ADK90,Canoe,open,NA,9.0475,70.2,0.02,1706.83,6
2019,ADK90,Canoe,oc2stock,7,9.04861111111111,58,0,1706.77,2
2015,ADK90,Canoe,open,NA,9.05,63.9,0,1706.82,6
2024,ADK90,Kayak,k2tournc,1,9.053694444444444,61.6,0,1706.82,2
2010,ADK90,Canoe,open,NA,9.06,52.8,0.043,1706.87,6
2009,ADK90,Canoe,open,NA,9.060833333333333,57.2,0.016,1706.65,6
2021,ADK90,Canoe,oc4stockmix,18,9.063055555555556,55.4,0.055,1706.94,4
2022,ADK90,Kayak,k1tourmaster,5,9.063166666666667,63.4,0,1706.93,1
2010,ADK90,Canoe,open,NA,9.064166666666667,52.8,0.043,1706.87,6
2024,ADK90,Canoe,oc2rectourmix,3,9.065805555555556,61.6,0,1706.82,2
2014,ADK90,Canoe,open,NA,9.070555555555556,69.5,0,1706.89,6
2022,ADK90,Canoe,oc2rectour,10,9.072166666666666,63.4,0,1706.93,2
2022,ADK90,Canoe,oc2jrsr,3,9.078444444444445,63.4,0,1706.93,2
2009,ADK90,Canoe,open,NA,9.080555555555556,57.2,0.016,1706.65,6
2009,ADK90,Canoe,open,NA,9.08388888888889,57.2,0.016,1706.65,6
2024,ADK90,Canoe,oc4stockmix,25,9.086472222222222,61.6,0,1706.82,4
2009,ADK90,Canoe,open,NA,9.086666666666666,57.2,0.016,1706.65,6
2012,ADK90,Canoe,open,NA,9.088888888888889,67.4,0,1706.75,6
2016,ADK90,Canoe,open,NA,9.091111111111111,70.2,0.02,1706.83,6
2014,ADK90,Guideboat,g1,1,9.094722222222222,69.5,0,1706.89,1
2022,ADK90,Canoe,oc2stocktour,6,9.096472222222221,63.4,0,1706.93,2
2009,ADK90,Canoe,oc2stockmix,8,9.099444444444444,57.2,0.016,1706.65,2
2019,ADK90,Guideboat,g2mix,2,9.103055555555555,58,0,1706.77,2
2016,ADK90,Canoe,open,NA,9.105833333333333,70.2,0.02,1706.83,6
2013,ADK90,Guideboat,g2,6,9.108055555555556,51.6,0,1706.88,2
2009,ADK90,Canoe,open,NA,9.108611111111111,57.2,0.016,1706.65,6
2009,ADK90,Canoe,oc2family,3,9.116111111111111,57.2,0.016,1706.65,2
2013,ADK90,Canoe,open,NA,9.12,51.6,0,1706.88,6
2013,ADK90,Canoe,open,NA,9.1225,51.6,0,1706.88,6
2017,ADK90,Canoe,oc1recwomen,3,9.123888888888889,51.1,0.484,1706.89,1
2016,ADK90,Canoe,open,NA,9.125833333333333,70.2,0.02,1706.83,6
2010,ADK90,Canoe,open,NA,9.126111111111111,52.8,0.043,1706.87,6
2019,ADK90,Guideboat,g2,4,9.127222222222223,58,0,1706.77,2
2009,ADK90,Canoe,oc1stockwomen,1,9.12861111111111,57.2,0.016,1706.65,1
2010,ADK90,Canoe,open,NA,9.133888888888889,52.8,0.043,1706.87,6
2016,ADK90,Kayak,k1toursuperveteran,1,9.143333333333333,70.2,0.02,1706.83,1
2022,ADK90,Canoe,oc2rectour,6,9.147055555555555,63.4,0,1706.93,2
2021,ADK90,Canoe,oc2stockmixveterans,4,9.150555555555556,55.4,0.055,1706.94,2
2013,ADK90,Canoe,open,NA,9.153888888888888,51.6,0,1706.88,6
2010,ADK90,Canoe,open,NA,9.157777777777778,52.8,0.043,1706.87,6
2017,ADK90,Canoe,open,NA,9.158611111111112,51.1,0.484,1706.89,6
2015,ADK90,Canoe,open,NA,9.160555555555556,63.9,0,1706.82,6
2012,ADK90,Canoe,open,NA,9.160833333333333,67.4,0,1706.75,6
2013,ADK90,Canoe,open,NA,9.161944444444444,51.6,0,1706.88,6
2019,ADK90,Canoe,oc2recmix,2,9.163333333333334,58,0,1706.77,2
2024,ADK90,Canoe,oc2stocktour,5,9.164027777777777,61.6,0,1706.82,2
2009,ADK90,Canoe,open,NA,9.165,57.2,0.016,1706.65,6
2009,ADK90,Canoe,oc1stockwomen,2,9.167777777777777,57.2,0.016,1706.65,1
2015,ADK90,Canoe,open,NA,9.172777777777778,63.9,0,1706.82,6
2014,ADK90,Canoe,open,NA,9.173333333333334,69.5,0,1706.89,6
2010,ADK90,Canoe,open,NA,9.173333333333334,52.8,0.043,1706.87,6
2018,ADK90,Canoe,open,NA,9.174444444444445,61.9,0,1706.8,6
2024,ADK90,Canoe,oc2stocktourwomen,1,9.177805555555555,61.6,0,1706.82,2
2015,ADK90,Canoe,open,NA,9.18361111111111,63.9,0,1706.82,6
2025,ADK90,Canoe,oc2stockmaster,12,9.184194444444444,58.7,0.37,1706.89,2
2022,ADK90,Guideboat,g1,5,9.186611111111112,63.4,0,1706.93,1
2018,ADK90,Canoe,open,NA,9.186944444444444,61.9,0,1706.8,6
2008,ADK90,Canoe,open,NA,9.188888888888888,72.3,0,1706.81,6
2013,ADK90,Guideboat,g2women,3,9.188888888888888,51.6,0,1706.88,2
2019,ADK90,Canoe,oc2stockwomen,3,9.19111111111111,58,0,1706.77,2
2012,ADK90,Canoe,open,NA,9.19138888888889,67.4,0,1706.75,6
2013,ADK90,Canoe,open,NA,9.1925,51.6,0,1706.88,6
2014,ADK90,Canoe,open,NA,9.196666666666667,69.5,0,1706.89,6
2018,ADK90,Canoe,open,NA,9.198888888888888,61.9,0,1706.8,6
2023,ADK90,Canoe,oc1stocknc,3,9.199472222222221,66.9,0.15,1706.8,1
2016,ADK90,Canoe,open,NA,9.203055555555556,70.2,0.02,1706.83,6
2024,ADK90,Canoe,oc2stockmix,7,9.205361111111111,61.6,0,1706.82,2
2022,ADK90,Canoe,oc2rectour,11,9.217805555555556,63.4,0,1706.93,2
2023,ADK90,Canoe,oc2recnc,9,9.21861111111111,66.9,0.15,1706.8,2
2023,ADK90,Canoe,oc2recwomen,1,9.218805555555555,66.9,0.15,1706.8,2
2011,ADK90,Canoe,open,NA,9.21888888888889,63.9,0,1706.86,6
2022,ADK90,Canoe,oc2stock,11,9.224499999999999,63.4,0,1706.93,2
2015,ADK90,Canoe,open,NA,9.234166666666667,63.9,0,1706.82,6
2017,ADK90,Canoe,open,NA,9.2425,51.1,0.484,1706.89,6
2017,ADK90,Canoe,oc2rec,5,9.24638888888889,51.1,0.484,1706.89,2
2017,ADK90,Canoe,open,NA,9.2525,51.1,0.484,1706.89,6
2012,ADK90,Canoe,open,NA,9.277222222222223,67.4,0,1706.75,6
2017,ADK90,Canoe,open,NA,9.279444444444444,51.1,0.484,1706.89,6
2009,ADK90,Canoe,open,NA,9.280277777777778,57.2,0.016,1706.65,6
2014,ADK90,Canoe,open,NA,9.283611111111112,69.5,0,1706.89,6
2011,ADK90,Canoe,open,NA,9.28888888888889,63.9,0,1706.86,6
2010,ADK90,Canoe,open,NA,9.289166666666667,52.8,0.043,1706.87,6
2012,ADK90,Canoe,open,NA,9.294166666666667,67.4,0,1706.75,6
2016,ADK90,Canoe,open,NA,9.297777777777778,70.2,0.02,1706.83,6
2024,ADK90,Canoe,oc2recmix,2,9.300805555555556,61.6,0,1706.82,2
2016,ADK90,Canoe,open,NA,9.303611111111111,70.2,0.02,1706.83,6
2009,ADK90,Canoe,open,NA,9.304722222222223,57.2,0.016,1706.65,6
2011,ADK90,Canoe,open,NA,9.30638888888889,63.9,0,1706.86,6
2010,ADK90,Canoe,oc2recmix,4,9.30638888888889,52.8,0.043,1706.87,2
2014,ADK90,Canoe,open,NA,9.3075,69.5,0,1706.89,6
2025,ADK90,Canoe,oc2stockmixmaster,5,9.312472222222222,58.7,0.37,1706.89,2
2019,ADK90,Canoe,oc1rec,5,9.3275,58,0,1706.77,1
2011,ADK90,Canoe,open,NA,9.33361111111111,63.9,0,1706.86,6
2009,ADK90,Canoe,oc2stockmixmaster,11,9.341666666666667,57.2,0.016,1706.65,2
2008,ADK90,Canoe,open,NA,9.341666666666667,72.3,0,1706.81,6
2009,ADK90,Canoe,oc1stock,5,9.358888888888888,57.2,0.016,1706.65,1
2018,ADK90,Canoe,open,NA,9.359722222222222,61.9,0,1706.8,6
2011,ADK90,Canoe,open,NA,9.360833333333334,63.9,0,1706.86,6
2019,ADK90,Kayak,k1tourmaster,7,9.36138888888889,58,0,1706.77,1
2011,ADK90,Canoe,open,NA,9.365833333333333,63.9,0,1706.86,6
2024,ADK90,Canoe,oc2stocktourmix,1,9.366055555555556,61.6,0,1706.82,2
2021,ADK90,Canoe,oc2stockmix,8,9.385277777777778,55.4,0.055,1706.94,2
2008,ADK90,Canoe,open,NA,9.387777777777778,72.3,0,1706.81,6
2014,ADK90,Canoe,open,NA,9.394166666666667,69.5,0,1706.89,6
2008,ADK90,Canoe,open,NA,9.401388888888889,72.3,0,1706.81,6
2022,ADK90,Canoe,oc4stock,12,9.407083333333333,63.4,0,1706.93,4
2009,ADK90,Canoe,open,NA,9.409166666666666,57.2,0.016,1706.65,6
2013,ADK90,Canoe,open,NA,9.4158333333333335,51.6,0,1706.88,6
2010,ADK90,Canoe,open,NA,9.421666666666667,52.8,0.043,1706.87,6
2025,ADK90,Guideboat,g2,5,9.423472222222221,58.7,0.37,1706.89,2
2017,ADK90,Canoe,open,NA,9.434722222222222,51.1,0.484,1706.89,6
2022,ADK90,Guideboat,g2mix,2,9.440055555555555,63.4,0,1706.93,2
2013,ADK90,Canoe,open,NA,9.440277777777778,51.6,0,1706.88,6
2019,ADK90,Kayak,k1tourveteran,2,9.44361111111111,58,0,1706.77,1
2013,ADK90,Canoe,open,NA,9.445,51.6,0,1706.88,6
2017,ADK90,Canoe,open,NA,9.449444444444444,51.1,0.484,1706.89,6
2024,ADK90,Canoe,oc3stocktour,1,9.459416666666668,61.6,0,1706.82,3
2016,ADK90,Canoe,open,NA,9.459444444444445,70.2,0.02,1706.83,6
2012,ADK90,Canoe,open,NA,9.463611111111112,67.4,0,1706.75,6
2009,ADK90,Canoe,open,NA,9.481111111111112,57.2,0.016,1706.65,6
2010,ADK90,Canoe,open,NA,9.492222222222223,52.8,0.043,1706.87,6
2009,ADK90,Canoe,open,NA,9.493611111111111,57.2,0.016,1706.65,6
2010,ADK90,Canoe,open,NA,9.501111111111111,52.8,0.043,1706.87,6
2019,ADK90,Guideboat,g2,7,9.508333333333333,58,0,1706.77,2
2021,ADK90,Canoe,oc2stockwomen,4,9.514166666666666,55.4,0.055,1706.94,2
2009,ADK90,Canoe,open,NA,9.518055555555556,57.2,0.016,1706.65,6
2009,ADK90,Canoe,open,NA,9.518055555555556,57.2,0.016,1706.65,6
2009,ADK90,Canoe,open,NA,9.518055555555556,57.2,0.016,1706.65,6
2009,ADK90,Canoe,open,NA,9.518055555555556,57.2,0.016,1706.65,6
2017,ADK90,Canoe,open,NA,9.518888888888888,51.1,0.484,1706.89,6
2024,ADK90,Canoe,oc2rec,7,9.523138888888889,61.6,0,1706.82,2
2021,ADK90,Guideboat,g1,2,9.523333333333333,55.4,0.055,1706.94,1
2018,ADK90,Canoe,open,NA,9.529444444444444,61.9,0,1706.8,6
2009,ADK90,Canoe,open,NA,9.533055555555556,57.2,0.016,1706.65,6
2023,ADK90,Canoe,oc2rec,6,9.537083333333333,66.9,0.15,1706.8,2
2015,ADK90,Canoe,open,NA,9.537222222222223,63.9,0,1706.82,6
2008,ADK90,Canoe,open,NA,9.541666666666666,72.3,0,1706.81,6
2025,ADK90,Canoe,oc4opennc,1,9.541777777777778,58.7,0.37,1706.89,4
2010,ADK90,Canoe,open,NA,9.543333333333333,52.8,0.043,1706.87,6
2009,ADK90,Canoe,open,NA,9.551944444444445,57.2,0.016,1706.65,6
2011,ADK90,Canoe,open,NA,9.558333333333334,63.9,0,1706.86,6
2018,ADK90,Canoe,open,NA,9.573611111111111,61.9,0,1706.8,6
2024,ADK90,Canoe,oc2stockmix,8,9.574861111111112,61.6,0,1706.82,2
2019,ADK90,SUP,superveterans,2,9.579166666666667,58,0,1706.77,1
2009,ADK90,Canoe,open,NA,9.581944444444444,57.2,0.016,1706.65,6
2024,ADK90,Canoe,oc2recmix,3,9.588416666666667,61.6,0,1706.82,2
2023,ADK90,Canoe,oc2rec,5,9.591388888888888,66.9,0.15,1706.8,2
2009,ADK90,Canoe,open,NA,9.593333333333334,57.2,0.016,1706.65,6
2018,ADK90,Canoe,open,NA,9.594722222222222,61.9,0,1706.8,6
2011,ADK90,Canoe,open,NA,9.605,63.9,0,1706.86,6
2008,ADK90,Canoe,oc2recmix,4,9.622777777777777,72.3,0,1706.81,2
2022,ADK90,Kayak,k1tournc,7,9.633583333333334,63.4,0,1706.93,1
2022,ADK90,Kayak,k1tournc,8,9.639416666666667,63.4,0,1706.93,1
2011,ADK90,Canoe,open,NA,9.657777777777778,63.9,0,1706.86,6
2012,ADK90,Canoe,open,NA,9.661666666666667,67.4,0,1706.75,6
2009,ADK90,Canoe,oc2stockmixveteran,2,9.666666666666666,57.2,0.016,1706.65,2
2019,ADK90,Canoe,oc1am,1,9.675277777777778,58,0,1706.77,1
2017,ADK90,Canoe,open,NA,9.680833333333334,51.1,0.484,1706.89,6
2009,ADK90,Canoe,open,NA,9.711388888888889,57.2,0.016,1706.65,6
2023,ADK90,Canoe,oc2stockmixnc,4,9.714638888888889,66.9,0.15,1706.8,2
2009,ADK90,Canoe,open,NA,9.718055555555555,57.2,0.016,1706.65,6
2008,ADK90,Canoe,open,NA,9.728055555555555,72.3,0,1706.81,6
2025,ADK90,SUP,sup,1,9.750027777777778,58.7,0.37,1706.89,1
2025,ADK90,SUP,sup,2,9.751666666666667,58.7,0.37,1706.89,1
2012,ADK90,Canoe,open,NA,9.754722222222222,67.4,0,1706.75,6
2009,ADK90,Canoe,open,NA,9.755555555555556,57.2,0.016,1706.65,6
2019,ADK90,Canoe,oc2jrsr,3,9.760555555555555,58,0,1706.77,2
2012,ADK90,Canoe,open,NA,9.761111111111111,67.4,0,1706.75,6
2022,ADK90,Kayak,k1tourmaster,6,9.762916666666667,63.4,0,1706.93,1
2022,ADK90,Canoe,oc1stocknc,1,9.763722222222222,63.4,0,1706.93,1
2013,ADK90,Canoe,open,NA,9.77361111111111,51.6,0,1706.88,6
2019,ADK90,SUP,superveterans,3,9.775555555555556,58,0,1706.77,1
2011,ADK90,Canoe,open,NA,9.784722222222221,63.9,0,1706.86,6
2022,ADK90,Kayak,k2superveteran,1,9.798833333333334,63.4,0,1706.93,2
2010,ADK90,Canoe,open,NA,9.800277777777778,52.8,0.043,1706.87,6
2014,ADK90,Canoe,open,NA,9.806666666666667,69.5,0,1706.89,6
2017,ADK90,Canoe,open,NA,9.811944444444444,51.1,0.484,1706.89,6
2018,ADK90,Canoe,open,NA,9.813055555555556,61.9,0,1706.8,6
2010,ADK90,Canoe,open,NA,9.81638888888889,52.8,0.043,1706.87,6
2011,ADK90,Canoe,open,NA,9.819722222222222,63.9,0,1706.86,6
2008,ADK90,Canoe,open,NA,9.823611111111111,72.3,0,1706.81,6
2018,ADK90,Canoe,open,NA,9.835833333333333,61.9,0,1706.8,6
2024,ADK90,Canoe,oc2recmaster,3,9.839277777777777,61.6,0,1706.82,2
2009,ADK90,Canoe,open,NA,9.86138888888889,57.2,0.016,1706.65,6
2023,ADK90,Canoe,oc2stockgoldmixnc,5,9.879972222222223,66.9,0.15,1706.8,2
2011,ADK90,Canoe,open,NA,9.9094444444444445,63.9,0,1706.86,6
2009,ADK90,Canoe,open,NA,9.940277777777778,57.2,0.016,1706.65,6
2009,ADK90,Canoe,open,NA,9.983611111111111,57.2,0.016,1706.65,6
2009,ADK90,Canoe,open,NA,9.993611111111111,57.2,0.016,1706.65,6
2009,ADK90,Canoe,open,NA,10.05,57.2,0.016,1706.65,6
2017,ADK90,Canoe,open,NA,10.169166666666667,51.1,0.484,1706.89,6
2009,ADK90,Canoe,open,NA,10.192777777777778,57.2,0.016,1706.65,6
2009,ADK90,Canoe,open,NA,10.205555555555556,57.2,0.016,1706.65,6
2009,ADK90,Canoe,open,NA,10.3375,57.2,0.016,1706.65,6
2019,ADK90,SUP,superveterans,4,10.436944444444444,58,0,1706.77,1
