year,raceId,boatType,classId,place,value,temp,rain,water,n_paddler
2011,ADK90,Voyageur,voyageur,1,3.830277777777778,62.9,0,7.28,6
2013,ADK90,Canoe,oc4open,1,3.8469444444444445,57.4,0.047,4.6,4
2022,ADK90,Canoe,oc4,1,3.96475,67.5,0,3.91,4
2024,ADK90,Kayak,k2,1,4.012888888888889,59.6,0.768,4.26,2
2022,ADK90,Kayak,k1unlimitedopen,1,4.022944444444445,67.5,0,3.91,1
2014,ADK90,Canoe,oc4open,1,4.048611111111111,68.9,0.067,4.01,4
2017,ADK90,Kayak,k2,1,4.053888888888889,52.8,0.02,5.46,2
2023,ADK90,Canoe,oc4mix,1,4.0608611111111115,65.2,0,5,4
2011,ADK90,Voyageur,voyageur,2,4.0625,62.9,0,7.28,6
2024,ADK90,Canoe,oc4open,1,4.074777777777778,59.6,0.768,4.26,4
2019,ADK90,Kayak,k1unlimited,1,4.075555555555556,59.3,0.008,4.97,1
2024,ADK90,Canoe,oc4openmix,1,4.0778888888888885,59.6,0.768,4.26,4
2021,ADK90,Kayak,k4,1,4.108888888888889,60,0,5.13,4
2008,ADK90,Voyageur,voyageur,1,4.115,70.2,0.323,4.58,6
2013,ADK90,Canoe,oc4open,2,4.116388888888889,57.4,0.047,4.6,4
2022,ADK90,Canoe,oc4,2,4.120611111111112,67.5,0,3.91,4
2016,ADK90,Kayak,k2,1,4.121111111111111,69.6,0.004,3.19,2
2017,ADK90,Canoe,oc4open,1,4.124444444444444,52.8,0.02,5.46,4
2011,ADK90,Canoe,oc4open,1,4.128611111111111,62.9,0,7.28,4
2011,ADK90,Canoe,oc4open,2,4.128888888888889,62.9,0,7.28,4
2021,ADK90,Canoe,oc4,1,4.141111111111111,60,0,5.13,4
2021,ADK90,Canoe,oc4,2,4.141111111111111,60,0,5.13,4
2023,ADK90,Kayak,k1unlimited,1,4.148361111111111,65.2,0,5,1
2019,ADK90,Canoe,oc4open,1,4.149444444444445,59.3,0.008,4.97,4
2019,ADK90,Canoe,oc4open,2,4.165,59.3,0.008,4.97,4
2013,ADK90,Canoe,oc4mix,1,4.193333333333333,57.4,0.047,4.6,4
2023,ADK90,Canoe,oc4mix,2,4.193472222222222,65.2,0,5,4
2013,ADK90,Canoe,oc4open,3,4.193888888888889,57.4,0.047,4.6,4
2024,ADK90,Kayak,k1openmaster,1,4.213111111111111,59.6,0.768,4.26,1
2014,ADK90,Canoe,oc4open,2,4.213611111111111,68.9,0.067,4.01,4
2024,ADK90,Canoe,oc4open,3,4.226666666666667,59.6,0.768,4.26,4
2024,ADK90,Canoe,oc4open,2,4.228194444444444,59.6,0.768,4.26,4
2025,ADK90,Kayak,k2,1,4.244777777777778,60.5,0.134,3.08,2
2012,ADK90,Canoe,oc4open,1,4.248055555555555,69.1,0.516,4.29,4
2017,ADK90,Canoe,oc4,1,4.251666666666667,52.8,0.02,5.46,4
2011,ADK90,Voyageur,voyageur,3,4.2619444444444445,62.9,0,7.28,6
2013,ADK90,Canoe,oc4open,4,4.262222222222222,57.4,0.047,4.6,4
2023,ADK90,Canoe,oc4,1,4.264388888888889,65.2,0,5,4
2023,ADK90,Kayak,k2,1,4.264555555555556,65.2,0,5,2
2008,ADK90,Voyageur,voyageur,2,4.266388888888889,70.2,0.323,4.58,6
2014,ADK90,Canoe,oc4open,3,4.2683333333333335,68.9,0.067,4.01,4
2008,ADK90,Kayak,k1unlimited,1,4.2825,70.2,0.323,4.58,1
2017,ADK90,Canoe,oc4open,2,4.282777777777778,52.8,0.02,5.46,4
2025,ADK90,Canoe,oc4open,1,4.290638888888889,60.5,0.134,3.08,4
2012,ADK90,Canoe,oc4open,2,4.291666666666667,69.1,0.516,4.29,4
2013,ADK90,Canoe,oc4mix,3,4.295,57.4,0.047,4.6,4
2013,ADK90,Canoe,oc4mix,2,4.295833333333333,57.4,0.047,4.6,4
2013,ADK90,Canoe,oc4open,5,4.296388888888889,57.4,0.047,4.6,4
2021,ADK90,Canoe,oc4,3,4.2988888888888885,60,0,5.13,4
2010,ADK90,Voyageur,voyageur,1,4.301388888888889,58.4,0,3.89,6
2013,ADK90,Voyageur,voyageur,1,4.305,57.4,0.047,4.6,6
2014,ADK90,Canoe,oc4,1,4.307222222222222,68.9,0.067,4.01,4
2015,ADK90,Canoe,oc4open,1,4.307777777777778,63,0.185,2.75,4
2014,ADK90,Canoe,oc4women,1,4.308055555555556,68.9,0.067,4.01,4
2023,ADK90,Canoe,oc4mix,3,4.310805555555556,65.2,0,5,4
2021,ADK90,Canoe,oc4stockmixmaster,1,4.313611111111111,60,0,5.13,4
2011,ADK90,Canoe,oc4,1,4.315555555555555,62.9,0,7.28,4
2009,ADK90,Voyageur,voyageur,1,4.316944444444444,60,0.185,4.03,6
2024,ADK90,Canoe,oc4openmix,2,4.325194444444445,59.6,0.768,4.26,4
2013,ADK90,Canoe,oc4mix,4,4.3261111111111115,57.4,0.047,4.6,4
2014,ADK90,Voyageur,voyageur,1,4.335277777777778,68.9,0.067,4.01,6
2021,ADK90,Canoe,oc4stock,2,4.348055555555556,60,0,5.13,4
2017,ADK90,Voyageur,voyageur,1,4.356944444444444,52.8,0.02,5.46,6
2011,ADK90,Canoe,oc4,2,4.356944444444444,62.9,0,7.28,4
2014,ADK90,Voyageur,voyageur,2,4.357777777777778,68.9,0.067,4.01,6
2022,ADK90,Canoe,oc4,3,4.359888888888889,67.5,0,3.91,4
2021,ADK90,Canoe,oc4stock,1,4.37,60,0,5.13,4
2010,ADK90,Canoe,open,NA,4.373888888888889,58.4,0,3.89,6
2016,ADK90,Canoe,oc4open,1,4.374444444444444,69.6,0.004,3.19,4
2016,ADK90,Canoe,oc4mix,1,4.375277777777778,69.6,0.004,3.19,4
2019,ADK90,Kayak,k1unlimited,2,4.378888888888889,59.3,0.008,4.97,1
2024,ADK90,Canoe,oc4open,4,4.379361111111112,59.6,0.768,4.26,4
2009,ADK90,Voyageur,voyageur,3,4.384444444444444,60,0.185,4.03,6
2009,ADK90,Voyageur,voyageur,2,4.386666666666667,60,0.185,4.03,6
2016,ADK90,Canoe,oc4open,2,4.398333333333333,69.6,0.004,3.19,4
2022,ADK90,Canoe,oc4,4,4.404,67.5,0,3.91,4
2013,ADK90,Canoe,oc4mix,5,4.405277777777778,57.4,0.047,4.6,4
2012,ADK90,Voyageur,voyageur,1,4.407222222222222,69.1,0.516,4.29,6
2013,ADK90,Canoe,oc4mix,6,4.408055555555555,57.4,0.047,4.6,4
2025,ADK90,Canoe,oc4open,2,4.410083333333333,60.5,0.134,3.08,4
2019,ADK90,Canoe,oc4open,3,4.423333333333333,59.3,0.008,4.97,4
2025,ADK90,Canoe,oc4open,3,4.432388888888889,60.5,0.134,3.08,4
2013,ADK90,Kayak,k1unlimited,1,4.436111111111111,57.4,0.047,4.6,1
2015,ADK90,Canoe,oc4open,2,4.442222222222222,63,0.185,2.75,4
2014,ADK90,Canoe,oc4,2,4.444166666666667,68.9,0.067,4.01,4
2010,ADK90,Canoe,oc4mix,1,4.4475,58.4,0,3.89,4
2017,ADK90,Canoe,oc4open,3,4.449166666666667,52.8,0.02,5.46,4
2011,ADK90,Canoe,oc4mix,1,4.460833333333333,62.9,0,7.28,4
2008,ADK90,Kayak,k1unlimited,2,4.462777777777778,70.2,0.323,4.58,1
2011,ADK90,Kayak,k2,1,4.464166666666666,62.9,0,7.28,2
2018,ADK90,Kayak,k1unlimited,1,4.465,58.7,0,2.76,1
2011,ADK90,Kayak,k2,2,4.466944444444445,62.9,0,7.28,2
2024,ADK90,Canoe,oc4openmix,3,4.472833333333334,59.6,0.768,4.26,4
2011,ADK90,Canoe,oc4,3,4.475555555555555,62.9,0,7.28,4
2016,ADK90,Voyageur,voyageur,1,4.475555555555555,69.6,0.004,3.19,6
2025,ADK90,Canoe,oc4openmix,2,4.479722222222223,60.5,0.134,3.08,4
2025,ADK90,Canoe,oc4openmix,1,4.480138888888889,60.5,0.134,3.08,4
2013,ADK90,Canoe,oc4,1,4.483333333333333,57.4,0.047,4.6,4
2014,ADK90,Kayak,k2mix,1,4.486944444444444,68.9,0.067,4.01,2
2017,ADK90,Voyageur,voyageur,2,4.487777777777778,52.8,0.02,5.46,6
2010,ADK90,Voyageur,voyageur,2,4.495,58.4,0,3.89,6
2010,ADK90,Voyageur,voyageur,3,4.495277777777778,58.4,0,3.89,6
2013,ADK90,Canoe,oc4open,6,4.4975,57.4,0.047,4.6,4
2016,ADK90,Canoe,oc4mix,2,4.498055555555555,69.6,0.004,3.19,4
2008,ADK90,Canoe,oc4mix,1,4.5,70.2,0.323,4.58,4
2023,ADK90,Canoe,oc4mix,4,4.500361111111111,65.2,0,5,4
2010,ADK90,Canoe,oc4,1,4.501388888888889,58.4,0,3.89,4
2012,ADK90,Canoe,oc4,1,4.503888888888889,69.1,0.516,4.29,4
2021,ADK90,Canoe,oc4stockmixmaster,2,4.510555555555555,60,0,5.13,4
2015,ADK90,Canoe,oc4,1,4.515555555555555,63,0.185,2.75,4
2019,ADK90,Canoe,oc4stockmix,1,4.519722222222223,59.3,0.008,4.97,4
2011,ADK90,Canoe,oc4mix,4,4.52,62.9,0,7.28,4
2008,ADK90,Voyageur,voyageur,3,4.521111111111111,70.2,0.323,4.58,6
2013,ADK90,Canoe,oc4mix,7,4.521111111111111,57.4,0.047,4.6,4
2011,ADK90,Canoe,oc2ammix,1,4.524166666666667,62.9,0,7.28,2
2013,ADK90,Canoe,oc4,4,4.5247222222222225,57.4,0.047,4.6,4
2011,ADK90,Canoe,oc4mix,2,4.525833333333333,62.9,0,7.28,4
2022,ADK90,Canoe,oc4,5,4.527333333333333,67.5,0,3.91,4
2025,ADK90,Canoe,oc2openexhibmix,1,4.527666666666667,60.5,0.134,3.08,2
2022,ADK90,Voyageur,voyageur,1,4.52775,67.5,0,3.91,6
2009,ADK90,Canoe,oc2ammaster,1,4.530555555555556,60,0.185,4.03,2
2013,ADK90,Canoe,oc4,3,4.530833333333334,57.4,0.047,4.6,4
2014,ADK90,Canoe,oc4open,4,4.535555555555556,68.9,0.067,4.01,4
2011,ADK90,Canoe,oc4mix,3,4.539722222222222,62.9,0,7.28,4
2016,ADK90,Canoe,oc4open,3,4.540277777777778,69.6,0.004,3.19,4
2009,ADK90,Canoe,oc2am,1,4.5488888888888885,60,0.185,4.03,2
2010,ADK90,Canoe,oc4,2,4.5488888888888885,58.4,0,3.89,4
2017,ADK90,Kayak,k2,2,4.549722222222222,52.8,0.02,5.46,2
2023,ADK90,Canoe,oc4stock,1,4.553222222222222,65.2,0,5,4
2022,ADK90,Canoe,oc4,6,4.556416666666666,67.5,0,3.91,4
2016,ADK90,Voyageur,voyageur,2,4.5575,69.6,0.004,3.19,6
2015,ADK90,Voyageur,voyageur,1,4.562222222222222,63,0.185,2.75,6
2019,ADK90,Canoe,oc4stockmix,2,4.562222222222222,59.3,0.008,4.97,4
2012,ADK90,Voyageur,voyageur,2,4.563055555555556,69.1,0.516,4.29,6
2017,ADK90,Canoe,oc4,2,4.565277777777778,52.8,0.02,5.46,4
2009,ADK90,Canoe,oc4,1,4.570555555555556,60,0.185,4.03,4
2011,ADK90,Canoe,oc4mix,6,4.572777777777778,62.9,0,7.28,4
2011,ADK90,Canoe,oc2am,1,4.575555555555556,62.9,0,7.28,2
2012,ADK90,Canoe,oc4open,3,4.576388888888889,69.1,0.516,4.29,4
2015,ADK90,Canoe,oc4open,3,4.576944444444444,63,0.185,2.75,4
2014,ADK90,Canoe,oc4mix,2,4.5777777777777775,68.9,0.067,4.01,4
2022,ADK90,Canoe,oc4stock,1,4.579944444444444,67.5,0,3.91,4
2025,ADK90,Canoe,oc4openmix,3,4.581472222222222,60.5,0.134,3.08,4
2018,ADK90,Canoe,oc4open,1,4.581666666666667,58.7,0,2.76,4
2010,ADK90,Kayak,k2master,2,4.582777777777777,58.4,0,3.89,2
2011,ADK90,Canoe,oc4mix,7,4.582777777777777,62.9,0,7.28,4
2008,ADK90,Canoe,oc4,1,4.585277777777778,70.2,0.323,4.58,4
2014,ADK90,Canoe,oc4,3,4.590833333333333,68.9,0.067,4.01,4
2021,ADK90,Canoe,oc4stock,3,4.591666666666667,60,0,5.13,4
2012,ADK90,Canoe,oc4mix,1,4.5938888888888885,69.1,0.516,4.29,4
2008,ADK90,Canoe,oc4,2,4.596111111111111,70.2,0.323,4.58,4
2010,ADK90,Canoe,oc4,3,4.5969444444444445,58.4,0,3.89,4
2008,ADK90,Voyageur,voyageur,4,4.5969444444444445,70.2,0.323,4.58,6
2013,ADK90,Canoe,oc4,6,4.5975,57.4,0.047,4.6,4
2013,ADK90,Kayak,k2mix,1,4.598611111111111,57.4,0.047,4.6,2
2022,ADK90,Kayak,k1unlimitedmaster,1,4.600638888888889,67.5,0,3.91,1
2013,ADK90,Canoe,oc4,2,4.601111111111111,57.4,0.047,4.6,4
2024,ADK90,Canoe,oc4stockmix,1,4.602972222222222,59.6,0.768,4.26,4
2008,ADK90,Canoe,oc2am,1,4.606111111111111,70.2,0.323,4.58,2
2008,ADK90,Canoe,oc2am,2,4.606111111111111,70.2,0.323,4.58,2
2011,ADK90,Canoe,oc4open,3,4.609444444444445,62.9,0,7.28,4
2013,ADK90,Kayak,k2mix,2,4.6125,57.4,0.047,4.6,2
2019,ADK90,Canoe,oc4stockmix,3,4.613611111111111,59.3,0.008,4.97,4
2008,ADK90,Canoe,oc2ammaster,1,4.613888888888889,70.2,0.323,4.58,2
2008,ADK90,Kayak,k2,1,4.614722222222222,70.2,0.323,4.58,2
2013,ADK90,Canoe,oc4,7,4.614722222222222,57.4,0.047,4.6,4
2012,ADK90,Canoe,oc4open,4,4.617222222222222,69.1,0.516,4.29,4
2018,ADK90,Canoe,oc4open,2,4.618055555555555,58.7,0,2.76,4
2013,ADK90,Canoe,oc4mix,8,4.6194444444444445,57.4,0.047,4.6,4
2011,ADK90,Voyageur,voyageur,4,4.62,62.9,0,7.28,6
2008,ADK90,Canoe,oc2ammaster,3,4.621111111111111,70.2,0.323,4.58,2
2008,ADK90,Canoe,oc2ammixmaster,1,4.623888888888889,70.2,0.323,4.58,2
2025,ADK90,Canoe,oc4open,4,4.624472222222222,60.5,0.134,3.08,4
2023,ADK90,Canoe,oc4mix,5,4.6255,65.2,0,5,4
2022,ADK90,Canoe,oc2stockmixveteran,1,4.629166666666666,67.5,0,3.91,2
2012,ADK90,Canoe,oc4mix,2,4.631388888888889,69.1,0.516,4.29,4
2011,ADK90,Canoe,oc2am,3,4.634444444444444,62.9,0,7.28,2
2011,ADK90,Canoe,oc4open,4,4.6369444444444445,62.9,0,7.28,4
2021,ADK90,Canoe,oc4stockmaster,1,4.638888888888889,60,0,5.13,4
2023,ADK90,Canoe,oc4stockmix,1,4.639888888888889,65.2,0,5,4
2017,ADK90,Canoe,oc4,3,4.6433333333333335,52.8,0.02,5.46,4
2015,ADK90,Canoe,oc4mix,1,4.646388888888889,63,0.185,2.75,4
2023,ADK90,Canoe,oc4,2,4.647194444444445,65.2,0,5,4
2008,ADK90,Voyageur,voyageur,5,4.653333333333333,70.2,0.323,4.58,6
2023,ADK90,Canoe,oc4stock,2,4.653444444444445,65.2,0,5,4
2011,ADK90,Canoe,oc4mix,9,4.655,62.9,0,7.28,4
2012,ADK90,Canoe,oc4mix,3,4.6561111111111115,69.1,0.516,4.29,4
2011,ADK90,Canoe,oc4mix,5,4.6561111111111115,62.9,0,7.28,4
2008,ADK90,Canoe,oc2ammaster,2,4.656944444444444,70.2,0.323,4.58,2
2010,ADK90,Kayak,k2master,1,4.6575,58.4,0,3.89,2
2010,ADK90,Canoe,oc2am,1,4.661666666666667,58.4,0,3.89,2
2014,ADK90,Canoe,oc4mix,1,4.661666666666667,68.9,0.067,4.01,4
2010,ADK90,Canoe,oc4mix,2,4.666666666666667,58.4,0,3.89,4
2016,ADK90,Canoe,oc4,1,4.6675,69.6,0.004,3.19,4
2017,ADK90,Canoe,oc4open,4,4.668611111111111,52.8,0.02,5.46,4
2013,ADK90,Canoe,oc4,5,4.671111111111111,57.4,0.047,4.6,4
2014,ADK90,Canoe,oc4mix,3,4.671666666666667,68.9,0.067,4.01,4
2009,ADK90,Canoe,oc4mix,1,4.674722222222222,60,0.185,4.03,4
2012,ADK90,Canoe,oc4open,6,4.676388888888889,69.1,0.516,4.29,4
2009,ADK90,Canoe,oc4mix,2,4.678888888888889,60,0.185,4.03,4
2021,ADK90,Canoe,oc4mix,1,4.679722222222222,60,0,5.13,4
2024,ADK90,Canoe,oc4stockmaster,1,4.683166666666667,59.6,0.768,4.26,4
2021,ADK90,Canoe,oc4stockmaster,2,4.684166666666667,60,0,5.13,4
2018,ADK90,Canoe,oc4open,3,4.687777777777778,58.7,0,2.76,4
2011,ADK90,Canoe,oc2am,2,4.691111111111111,62.9,0,7.28,2
2011,ADK90,Canoe,oc4mix,8,4.6925,62.9,0,7.28,4
2023,ADK90,Canoe,oc4stockmix,2,4.692777777777778,65.2,0,5,4
2010,ADK90,Voyageur,voyageur,4,4.6947222222222225,58.4,0,3.89,6
2015,ADK90,Canoe,oc4mix,2,4.695,63,0.185,2.75,4
2019,ADK90,Canoe,oc4open,4,4.703055555555555,59.3,0.008,4.97,4
2017,ADK90,Canoe,oc4mix,1,4.704166666666667,52.8,0.02,5.46,4
2008,ADK90,Kayak,k2,2,4.7091666666666665,70.2,0.323,4.58,2
2009,ADK90,Kayak,k2,1,4.710277777777778,60,0.185,4.03,2
2010,ADK90,Canoe,oc4,4,4.7122222222222225,58.4,0,3.89,4
2021,ADK90,Kayak,k1tourwomenmaster,1,4.716944444444445,60,0,5.13,1
2021,ADK90,Kayak,k2,1,4.717777777777778,60,0,5.13,2
2024,ADK90,Kayak,k1sportmaster,1,4.7188888888888885,59.6,0.768,4.26,1
2008,ADK90,Kayak,k1tourveteran,1,4.719722222222222,70.2,0.323,4.58,1
2019,ADK90,Kayak,k1tourmaster,1,4.72,59.3,0.008,4.97,1
2024,ADK90,Canoe,oc4stockmix,2,4.720722222222221,59.6,0.768,4.26,4
2021,ADK90,Canoe,oc4stockmixmaster,3,4.725555555555555,60,0,5.13,4
2019,ADK90,Kayak,k2,1,4.725833333333333,59.3,0.008,4.97,2
2010,ADK90,Canoe,oc4,5,4.7275,58.4,0,3.89,4
2017,ADK90,Canoe,oc4,4,4.728888888888889,52.8,0.02,5.46,4
2008,ADK90,Kayak,k1unlimited,3,4.730833333333333,70.2,0.323,4.58,1
2017,ADK90,Canoe,oc4,6,4.7325,52.8,0.02,5.46,4
2019,ADK90,Canoe,oc4stock,1,4.743611111111111,59.3,0.008,4.97,4
2021,ADK90,Canoe,oc4stockmix,1,4.745555555555556,60,0,5.13,4
2017,ADK90,Canoe,oc4,5,4.748888888888889,52.8,0.02,5.46,4
2008,ADK90,Canoe,oc4,3,4.750277777777778,70.2,0.323,4.58,4
2023,ADK90,Canoe,oc4stock,3,4.752277777777778,65.2,0,5,4
2021,ADK90,Kayak,k2veteran,1,4.754166666666666,60,0,5.13,2
2022,ADK90,Canoe,oc4stock,2,4.755666666666667,67.5,0,3.91,4
2021,ADK90,Canoe,oc2stock,1,4.755833333333333,60,0,5.13,2
2015,ADK90,Voyageur,voyageur,2,4.756666666666667,63,0.185,2.75,6
2019,ADK90,Kayak,k1tourmaster,2,4.762222222222222,59.3,0.008,4.97,1
2013,ADK90,Kayak,k2master,1,4.764444444444444,57.4,0.047,4.6,2
2008,ADK90,Canoe,voyageuropen,1,4.7652777777777775,70.2,0.323,4.58,6
2017,ADK90,Canoe,oc2ammix,1,4.767777777777778,52.8,0.02,5.46,2
2015,ADK90,Canoe,oc4open,4,4.770833333333333,63,0.185,2.75,4
2009,ADK90,Canoe,oc4mix,3,4.771111111111111,60,0.185,4.03,4
2021,ADK90,Canoe,oc2stockmixmaster,1,4.773611111111111,60,0,5.13,2
2012,ADK90,Canoe,oc4open,5,4.777222222222222,69.1,0.516,4.29,4
2008,ADK90,Canoe,oc2am,3,4.777777777777778,70.2,0.323,4.58,2
2009,ADK90,Canoe,oc4,2,4.7844444444444445,60,0.185,4.03,4
2021,ADK90,Canoe,oc2stockmixveterans,1,4.7875,60,0,5.13,2
2008,ADK90,Canoe,oc2stockmaster,1,4.789722222222222,70.2,0.323,4.58,2
2009,ADK90,Kayak,k2,2,4.789722222222222,60,0.185,4.03,2
2025,ADK90,Canoe,oc4stock,1,4.7941666666666665,60.5,0.134,3.08,4
2015,ADK90,Canoe,oc4mix,3,4.795555555555556,63,0.185,2.75,4
2022,ADK90,Canoe,oc4stockmix,1,4.796277777777777,67.5,0,3.91,4
2022,ADK90,Canoe,oc4,8,4.797583333333333,67.5,0,3.91,4
2010,ADK90,Canoe,oc2ammix,1,4.797777777777778,58.4,0,3.89,2
2009,ADK90,Canoe,oc4,4,4.798055555555556,60,0.185,4.03,4
2009,ADK90,Kayak,k1unlimted,1,4.799444444444444,60,0.185,4.03,1
2023,ADK90,Canoe,oc4stockmix,3,4.803416666666666,65.2,0,5,4
2021,ADK90,Canoe,oc4stock,4,4.8075,60,0,5.13,4
2008,ADK90,Canoe,oc2stockmaster,2,4.808333333333334,70.2,0.323,4.58,2
2009,ADK90,Voyageur,voyageur,4,4.808611111111111,60,0.185,4.03,6
2017,ADK90,Canoe,oc4mix,3,4.809166666666667,52.8,0.02,5.46,4
2009,ADK90,Canoe,oc2am,2,4.809166666666667,60,0.185,4.03,2
2011,ADK90,Canoe,open,NA,4.814722222222223,62.9,0,7.28,6
2022,ADK90,Canoe,oc4,7,4.815055555555555,67.5,0,3.91,4
2013,ADK90,Canoe,oc4mix,9,4.815555555555555,57.4,0.047,4.6,4
2013,ADK90,Canoe,oc2stock,2,4.815833333333333,57.4,0.047,4.6,2
2023,ADK90,Kayak,k1master,1,4.817111111111111,65.2,0,5,1
2017,ADK90,Kayak,k2mix,1,4.817222222222222,52.8,0.02,5.46,2
2022,ADK90,Canoe,oc4stockmix,2,4.817333333333334,67.5,0,3.91,4
2021,ADK90,Canoe,oc2mix,1,4.818888888888889,60,0,5.13,2
2019,ADK90,Kayak,k1unlimited,3,4.819166666666667,59.3,0.008,4.97,1
2021,ADK90,Canoe,oc4stockmix,2,4.822222222222222,60,0,5.13,4
2014,ADK90,Canoe,oc4,4,4.824722222222222,68.9,0.067,4.01,4
2017,ADK90,Canoe,oc4mix,2,4.826388888888889,52.8,0.02,5.46,4
2010,ADK90,Canoe,oc2am,4,4.829444444444444,58.4,0,3.89,2
2013,ADK90,Kayak,k1tour,1,4.832222222222223,57.4,0.047,4.6,1
2009,ADK90,Canoe,oc2stock,1,4.832777777777777,60,0.185,4.03,2
2013,ADK90,Canoe,oc2am,1,4.835,57.4,0.047,4.6,2
2010,ADK90,Canoe,oc2ammaster,1,4.835277777777778,58.4,0,3.89,2
2013,ADK90,Canoe,oc2stock,1,4.836666666666667,57.4,0.047,4.6,2
2010,ADK90,Voyageur,voyageur,5,4.838611111111111,58.4,0,3.89,6
2011,ADK90,Canoe,oc2stockmixmaster,1,4.839444444444444,62.9,0,7.28,2
2011,ADK90,Canoe,oc2stock,1,4.841388888888889,62.9,0,7.28,2
2009,ADK90,Kayak,k1tourveteran,1,4.843055555555556,60,0.185,4.03,1
2021,ADK90,Canoe,oc4mix,2,4.845,60,0,5.13,4
2009,ADK90,Canoe,oc2ammaster,2,4.845833333333333,60,0.185,4.03,2
2008,ADK90,Kayak,k1unlimited,4,4.846111111111111,70.2,0.323,4.58,1
2014,ADK90,Kayak,k1tourmaster,1,4.8469444444444445,68.9,0.067,4.01,1
2012,ADK90,Canoe,oc4mix,4,4.8475,69.1,0.516,4.29,4
2014,ADK90,Canoe,oc4mix,4,4.848333333333334,68.9,0.067,4.01,4
2017,ADK90,Kayak,k1tour,1,4.848611111111111,52.8,0.02,5.46,1
2019,ADK90,Kayak,k2,2,4.848611111111111,59.3,0.008,4.97,2
2017,ADK90,Canoe,oc2amwomen,1,4.85,52.8,0.02,5.46,2
2008,ADK90,Kayak,k1women,2,4.85,70.2,0.323,4.58,1
2018,ADK90,Canoe,oc4stock,1,4.851111111111111,58.7,0,2.76,4
2010,ADK90,Canoe,oc2am,2,4.8525,58.4,0,3.89,2
2023,ADK90,Canoe,oc4mix,6,4.852972222222222,65.2,0,5,4
2011,ADK90,Canoe,oc2am,4,4.853611111111111,62.9,0,7.28,2
2011,ADK90,Canoe,oc2ammix,2,4.853888888888889,62.9,0,7.28,2
2023,ADK90,Kayak,k2,2,4.854111111111111,65.2,0,5,2
2011,ADK90,Canoe,oc4mix,12,4.854722222222223,62.9,0,7.28,4
2014,ADK90,Canoe,oc4mix,5,4.855,68.9,0.067,4.01,4
2008,ADK90,Canoe,oc2family,1,4.856111111111111,70.2,0.323,4.58,2
2023,ADK90,Canoe,oc4stockwomen,1,4.8566666666666665,65.2,0,5,4
2013,ADK90,Kayak,k1tourveteran,1,4.857222222222222,57.4,0.047,4.6,1
2012,ADK90,Kayak,k1tour,1,4.8575,69.1,0.516,4.29,1
2023,ADK90,Kayak,k1unlimited,2,4.861805555555556,65.2,0,5,1
2008,ADK90,Canoe,oc4mix,2,4.862777777777778,70.2,0.323,4.58,4
2013,ADK90,Canoe,oc4mix,10,4.863611111111111,57.4,0.047,4.6,4
2009,ADK90,Canoe,oc4,3,4.864166666666667,60,0.185,4.03,4
2011,ADK90,Kayak,k1tour,1,4.865,62.9,0,7.28,1
2019,ADK90,Canoe,oc4stock,2,4.865277777777778,59.3,0.008,4.97,4
2011,ADK90,Canoe,oc2stockmaster,1,4.865277777777778,62.9,0,7.28,2
2025,ADK90,Kayak,k1open,1,4.8655,60.5,0.134,3.08,1
2011,ADK90,Canoe,open,NA,4.871666666666667,62.9,0,7.28,6
2010,ADK90,Voyageur,voyageur,6,4.871944444444445,58.4,0,3.89,6
2012,ADK90,Kayak,k2,1,4.871944444444445,69.1,0.516,4.29,2
2008,ADK90,Canoe,oc4mix,4,4.875555555555556,70.2,0.323,4.58,4
2016,ADK90,Kayak,k1tourmaster,2,4.8758333333333335,69.6,0.004,3.19,1
2008,ADK90,Kayak,k1tour,1,4.878333333333333,70.2,0.323,4.58,1
2021,ADK90,Kayak,k1tourveteran,1,4.8805555555555555,60,0,5.13,1
2011,ADK90,Kayak,k1unlimited,1,4.887777777777778,62.9,0,7.28,1
2018,ADK90,Canoe,oc4stockmix,1,4.889166666666667,58.7,0,2.76,4
2014,ADK90,Canoe,oc4,6,4.895,68.9,0.067,4.01,4
2011,ADK90,Canoe,oc1rec,1,4.895833333333333,62.9,0,7.28,1
2021,ADK90,Canoe,oc4stockmix,3,4.896388888888889,60,0,5.13,4
2022,ADK90,Canoe,oc1stockmaster,1,4.896416666666666,67.5,0,3.91,1
2014,ADK90,Canoe,oc2stockmix,1,4.8966666666666665,68.9,0.067,4.01,2
2024,ADK90,Kayak,k1sportmaster,2,4.896777777777778,59.6,0.768,4.26,1
2010,ADK90,Canoe,oc4,6,4.897222222222222,58.4,0,3.89,4
2008,ADK90,Canoe,oc2stock,1,4.898888888888889,70.2,0.323,4.58,2
2025,ADK90,Canoe,oc4stockmix,1,4.901027777777778,60.5,0.134,3.08,4
2008,ADK90,Canoe,oc2ammixmaster,2,4.902222222222222,70.2,0.323,4.58,2
2016,ADK90,Kayak,k1tourmaster,1,4.9025,69.6,0.004,3.19,1
2010,ADK90,Canoe,oc2am,3,4.904166666666667,58.4,0,3.89,2
2023,ADK90,Canoe,oc4stockgoldnc,1,4.912916666666667,65.2,0,5,4
2024,ADK90,Canoe,oc4stockmix,3,4.916055555555555,59.6,0.768,4.26,4
2009,ADK90,Kayak,k2mix,1,4.9175,60,0.185,4.03,2
2014,ADK90,Canoe,oc4,5,4.918333333333333,68.9,0.067,4.01,4
2008,ADK90,Kayak,k1tourveteran,2,4.92,70.2,0.323,4.58,1
2011,ADK90,Canoe,open,NA,4.92,62.9,0,7.28,6
2025,ADK90,Canoe,oc4stockmixmaster,1,4.921027777777778,60.5,0.134,3.08,4
2017,ADK90,Canoe,oc4mix,4,4.921111111111111,52.8,0.02,5.46,4
2009,ADK90,Canoe,oc2ammix,1,4.921666666666667,60,0.185,4.03,2
2012,ADK90,Canoe,oc2ammix,1,4.9222222222222225,69.1,0.516,4.29,2
2011,ADK90,Canoe,oc4mix,10,4.925,62.9,0,7.28,4
2013,ADK90,Canoe,oc4,9,4.927777777777778,57.4,0.047,4.6,4
2022,ADK90,Canoe,oc4stockmix,3,4.928166666666667,67.5,0,3.91,4
2016,ADK90,Canoe,oc2am,1,4.93,69.6,0.004,3.19,2
2011,ADK90,Canoe,oc4,4,4.9302777777777775,62.9,0,7.28,4
2022,ADK90,Kayak,k1tourmaster,1,4.930666666666667,67.5,0,3.91,1
2019,ADK90,Canoe,oc2stockveteran,1,4.9325,59.3,0.008,4.97,2
2017,ADK90,Canoe,oc4mix,5,4.933611111111111,52.8,0.02,5.46,4
2010,ADK90,Canoe,oc4mix,3,4.936111111111111,58.4,0,3.89,4
2008,ADK90,Kayak,k1women,3,4.9366666666666665,70.2,0.323,4.58,1
2008,ADK90,Canoe,oc2stock,2,4.937222222222222,70.2,0.323,4.58,2
2008,ADK90,Canoe,oc2ammixmaster,3,4.938055555555556,70.2,0.323,4.58,2
2013,ADK90,Canoe,open,NA,4.941666666666666,57.4,0.047,4.6,6
2013,ADK90,Canoe,oc4,8,4.944166666666667,57.4,0.047,4.6,4
2014,ADK90,Canoe,oc4mix,6,4.9447222222222225,68.9,0.067,4.01,4
2013,ADK90,Canoe,oc2stockmaster,1,4.9447222222222225,57.4,0.047,4.6,2
2016,ADK90,Canoe,oc4mix,5,4.945,69.6,0.004,3.19,4
2008,ADK90,Kayak,k2,3,4.945555555555556,70.2,0.323,4.58,2
2008,ADK90,Canoe,oc4,4,4.9463888888888885,70.2,0.323,4.58,4
2022,ADK90,Kayak,k1unlimitedveteran,1,4.946722222222222,67.5,0,3.91,1
2024,ADK90,Canoe,oc4stockmix,4,4.947166666666666,59.6,0.768,4.26,4
2022,ADK90,Kayak,k2,1,4.947166666666666,67.5,0,3.91,2
2010,ADK90,Kayak,k2mix,1,4.9494444444444445,58.4,0,3.89,2
2024,ADK90,Canoe,oc2openmix,1,4.950111111111111,59.6,0.768,4.26,2
2021,ADK90,Canoe,oc2mix,2,4.950555555555556,60,0,5.13,2
2024,ADK90,Kayak,k1sportmaster,4,4.950972222222222,59.6,0.768,4.26,1
2024,ADK90,Kayak,k1sportmaster,3,4.951388888888889,59.6,0.768,4.26,1
2016,ADK90,Canoe,oc4mix,3,4.954166666666667,69.6,0.004,3.19,4
2014,ADK90,Canoe,open,NA,4.954722222222222,68.9,0.067,4.01,6
2011,ADK90,Kayak,k1unlimited,2,4.958611111111111,62.9,0,7.28,1
2008,ADK90,Canoe,oc4mix,3,4.958611111111111,70.2,0.323,4.58,4
2012,ADK90,Canoe,oc4,2,4.960833333333333,69.1,0.516,4.29,4
2013,ADK90,Kayak,k2mix,3,4.961666666666667,57.4,0.047,4.6,2
2009,ADK90,Canoe,oc2stockmaster,1,4.962777777777778,60,0.185,4.03,2
2022,ADK90,Kayak,k1tourmaster,2,4.962888888888889,67.5,0,3.91,1
2014,ADK90,Canoe,oc4,7,4.963333333333333,68.9,0.067,4.01,4
2010,ADK90,Canoe,oc2ammaster,2,4.964166666666666,58.4,0,3.89,2
2019,ADK90,Kayak,k1tourmaster,3,4.967222222222222,59.3,0.008,4.97,1
2019,ADK90,Canoe,oc4stockmix,4,4.967777777777778,59.3,0.008,4.97,4
2024,ADK90,Canoe,oc4openmix,4,4.968194444444444,59.6,0.768,4.26,4
2013,ADK90,Kayak,k1unlimited,3,4.9686111111111115,57.4,0.047,4.6,1
2008,ADK90,Voyageur,voyageur,6,4.969444444444444,70.2,0.323,4.58,6
2008,ADK90,Canoe,oc1am,1,4.969722222222222,70.2,0.323,4.58,1
2022,ADK90,Canoe,oc2stockmixmaster,1,4.97025,67.5,0,3.91,2
2019,ADK90,Canoe,oc2am,1,4.971111111111111,59.3,0.008,4.97,2
2011,ADK90,Canoe,oc2stockmaster,2,4.971111111111111,62.9,0,7.28,2
2025,ADK90,Canoe,oc1open,1,4.971166666666667,60.5,0.134,3.08,1
2024,ADK90,Canoe,oc4stockmaster,2,4.971638888888889,59.6,0.768,4.26,4
2022,ADK90,Canoe,oc4stockmaster,1,4.971694444444444,67.5,0,3.91,4
2011,ADK90,Canoe,open,NA,4.974444444444444,62.9,0,7.28,6
2016,ADK90,Kayak,k1tourmaster,3,4.974444444444444,69.6,0.004,3.19,1
2011,ADK90,Canoe,oc2stockveteran,1,4.974722222222222,62.9,0,7.28,2
2022,ADK90,Canoe,oc4stockmix,4,4.976305555555555,67.5,0,3.91,4
2010,ADK90,Canoe,oc2stockmaster,1,4.978888888888889,58.4,0,3.89,2
2009,ADK90,Canoe,oc4,5,4.979444444444445,60,0.185,4.03,4
2025,ADK90,Canoe,oc4stockmix,2,4.979638888888889,60.5,0.134,3.08,4
2010,ADK90,Kayak,k1unlimited,1,4.9816666666666665,58.4,0,3.89,1
2024,ADK90,Kayak,k2,2,4.981833333333333,59.6,0.768,4.26,2
2011,ADK90,Canoe,oc4women,1,4.984444444444445,62.9,0,7.28,4
2024,ADK90,Canoe,oc2stockveteran,1,4.985194444444445,59.6,0.768,4.26,2
2017,ADK90,Kayak,k1tourveteran,1,4.9863888888888885,52.8,0.02,5.46,1
2017,ADK90,Canoe,oc2stockmixmaster,1,4.987222222222222,52.8,0.02,5.46,2
2021,ADK90,Canoe,oc4stockmix,4,4.988611111111111,60,0,5.13,4
2023,ADK90,Canoe,oc4stock,4,4.989861111111111,65.2,0,5,4
2011,ADK90,Canoe,oc2stockmixmaster,2,4.9911111111111115,62.9,0,7.28,2
2011,ADK90,Canoe,oc2ammix,3,4.994166666666667,62.9,0,7.28,2
2012,ADK90,Voyageur,voyageur,3,4.9944444444444445,69.1,0.516,4.29,6
2010,ADK90,Canoe,oc1am,1,4.994722222222222,58.4,0,3.89,1
2017,ADK90,Canoe,oc2stock,2,4.995,52.8,0.02,5.46,2
2014,ADK90,Canoe,oc4,9,4.995,68.9,0.067,4.01,4
2011,ADK90,Canoe,open,NA,4.995555555555556,62.9,0,7.28,6
2008,ADK90,Canoe,oc2stockmaster,3,4.996111111111111,70.2,0.323,4.58,2
2008,ADK90,Kayak,k1unlimited,5,4.997777777777777,70.2,0.323,4.58,1
2021,ADK90,Kayak,k1unlimited,1,4.998055555555555,60,0,5.13,1
2024,ADK90,Canoe,oc4stockmix,6,5.00025,59.6,0.768,4.26,4
2011,ADK90,Canoe,oc2stockveteran,2,5.0008333333333335,62.9,0,7.28,2
2013,ADK90,Canoe,oc2am,2,5.001666666666667,57.4,0.047,4.6,2
2025,ADK90,Kayak,k1sportmaster,1,5.0023888888888886,60.5,0.134,3.08,1
2023,ADK90,Canoe,oc1stockveteran,1,5.003083333333333,65.2,0,5,1
2008,ADK90,Canoe,oc4mix,5,5.003333333333333,70.2,0.323,4.58,4
2017,ADK90,Canoe,oc2stock,1,5.003333333333333,52.8,0.02,5.46,2
2022,ADK90,Canoe,oc4stockmaster,2,5.005861111111111,67.5,0,3.91,4
2014,ADK90,Canoe,oc1rec,1,5.006388888888889,68.9,0.067,4.01,1
2024,ADK90,Canoe,oc4stockmix,5,5.008194444444444,59.6,0.768,4.26,4
2008,ADK90,Kayak,k1women,4,5.009722222222222,70.2,0.323,4.58,1
2012,ADK90,Canoe,oc2stockmaster,1,5.012222222222222,69.1,0.516,4.29,2
2016,ADK90,Canoe,oc4mix,4,5.0136111111111115,69.6,0.004,3.19,4
2023,ADK90,Canoe,oc2stock,1,5.014861111111111,65.2,0,5,2
2009,ADK90,Canoe,oc2stockwomen,1,5.016944444444444,60,0.185,4.03,2
2011,ADK90,Canoe,oc4mix,11,5.017222222222222,62.9,0,7.28,4
2013,ADK90,Voyageur,voyageur,2,5.02,57.4,0.047,4.6,6
2022,ADK90,Canoe,oc4stock,3,5.020250000000001,67.5,0,3.91,4
2008,ADK90,Kayak,k1tour,3,5.020277777777777,70.2,0.323,4.58,1
2009,ADK90,Canoe,oc2stockmaster,2,5.020833333333333,60,0.185,4.03,2
2010,ADK90,Canoe,oc2ammix,2,5.021944444444444,58.4,0,3.89,2
2009,ADK90,Voyageur,voyageur,5,5.023611111111111,60,0.185,4.03,6
2011,ADK90,Canoe,oc4mix,13,5.023888888888889,62.9,0,7.28,4
2013,ADK90,Canoe,oc4,12,5.025555555555556,57.4,0.047,4.6,4
2014,ADK90,Canoe,oc1rec,2,5.026666666666666,68.9,0.067,4.01,1
2023,ADK90,Canoe,oc4stockmix,4,5.027333333333334,65.2,0,5,4
2014,ADK90,Canoe,oc4mix,7,5.0280555555555555,68.9,0.067,4.01,4
2009,ADK90,Canoe,oc4mix,4,5.028611111111111,60,0.185,4.03,4
2014,ADK90,Canoe,oc2stockmaster,1,5.028611111111111,68.9,0.067,4.01,2
2017,ADK90,Canoe,oc2ammix,2,5.029166666666667,52.8,0.02,5.46,2
2013,ADK90,Canoe,oc2stockmaster,3,5.033055555555555,57.4,0.047,4.6,2
2011,ADK90,Canoe,oc4,6,5.033055555555555,62.9,0,7.28,4
2019,ADK90,Canoe,oc2stock,1,5.035,59.3,0.008,4.97,2
2017,ADK90,Canoe,oc1rec,1,5.035555555555556,52.8,0.02,5.46,1
2017,ADK90,Canoe,oc1recmaster,1,5.036111111111111,52.8,0.02,5.46,1
2012,ADK90,Kayak,k1unlimited,1,5.036666666666667,69.1,0.516,4.29,1
2010,ADK90,Canoe,oc4,7,5.0377777777777775,58.4,0,3.89,4
2010,ADK90,Voyageur,voyageur,7,5.039166666666667,58.4,0,3.89,6
2021,ADK90,Canoe,oc4stockmix,5,5.039166666666667,60,0,5.13,4
2012,ADK90,Kayak,k2mix,1,5.041388888888889,69.1,0.516,4.29,2
2011,ADK90,Canoe,oc2stock,3,5.0441666666666665,62.9,0,7.28,2
2017,ADK90,Canoe,oc4mix,6,5.045277777777778,52.8,0.02,5.46,4
2008,ADK90,Canoe,oc4mix,8,5.046111111111111,70.2,0.323,4.58,4
2011,ADK90,Canoe,oc2ammix,4,5.046111111111111,62.9,0,7.28,2
2015,ADK90,Canoe,oc4mix,4,5.046944444444445,63,0.185,2.75,4
2023,ADK90,Kayak,k1master,2,5.047277777777778,65.2,0,5,1
2014,ADK90,Canoe,oc2stockmix,2,5.049166666666666,68.9,0.067,4.01,2
2011,ADK90,Canoe,open,NA,5.050277777777778,62.9,0,7.28,6
2014,ADK90,Canoe,oc2stock,1,5.053333333333334,68.9,0.067,4.01,2
2008,ADK90,Canoe,oc1stock,1,5.0536111111111115,70.2,0.323,4.58,1
2024,ADK90,Canoe,oc2openmaster,1,5.054,59.6,0.768,4.26,2
2013,ADK90,Canoe,oc4,10,5.055555555555555,57.4,0.047,4.6,4
2011,ADK90,Canoe,oc2stockmix,1,5.055555555555555,62.9,0,7.28,2
2010,ADK90,Canoe,oc2stockmaster,2,5.055833333333333,58.4,0,3.89,2
2016,ADK90,Canoe,oc4women,1,5.056111111111111,69.6,0.004,3.19,4
2013,ADK90,Canoe,open,NA,5.056111111111111,57.4,0.047,4.6,6
2014,ADK90,Canoe,oc2ammaster,1,5.056388888888889,68.9,0.067,4.01,2
2014,ADK90,Kayak,k1tourveteran,1,5.057777777777778,68.9,0.067,4.01,1
2021,ADK90,Canoe,oc4stockmix,6,5.059444444444445,60,0,5.13,4
2013,ADK90,Canoe,open,NA,5.059722222222222,57.4,0.047,4.6,6
2014,ADK90,Kayak,k1tourmaster,2,5.059722222222222,68.9,0.067,4.01,1
2021,ADK90,SUP,solorec,1,5.061388888888889,60,0,5.13,1
2013,ADK90,Canoe,oc4mix,12,5.0633333333333335,57.4,0.047,4.6,4
2008,ADK90,Canoe,oc4mix,6,5.063888888888889,70.2,0.323,4.58,4
2013,ADK90,Kayak,k1unlimited,2,5.064722222222223,57.4,0.047,4.6,1
2008,ADK90,Canoe,oc2stockmaster,6,5.066388888888889,70.2,0.323,4.58,2
2012,ADK90,Canoe,oc4mix,5,5.068333333333333,69.1,0.516,4.29,4
2008,ADK90,Canoe,oc2stockveteran,1,5.069444444444445,70.2,0.323,4.58,2
2012,ADK90,Kayak,k2mix,2,5.070555555555556,69.1,0.516,4.29,2
2011,ADK90,Canoe,oc4,5,5.071944444444444,62.9,0,7.28,4
2017,ADK90,Canoe,oc2stockmaster,1,5.071944444444444,52.8,0.02,5.46,2
2010,ADK90,Kayak,k1tour,1,5.071944444444444,58.4,0,3.89,1
2021,ADK90,Canoe,oc2stockmix,1,5.073333333333333,60,0,5.13,2
2024,ADK90,Canoe,oc4stockmaster,3,5.075694444444444,59.6,0.768,4.26,4
2014,ADK90,Canoe,open,NA,5.0761111111111115,68.9,0.067,4.01,6
2015,ADK90,Canoe,oc4mix,7,5.077222222222222,63,0.185,2.75,4
2010,ADK90,Canoe,oc4mix,6,5.078611111111111,58.4,0,3.89,4
2009,ADK90,Canoe,oc2stockmix,1,5.078888888888889,60,0.185,4.03,2
2013,ADK90,Canoe,oc2stockmaster,2,5.079444444444444,57.4,0.047,4.6,2
2008,ADK90,Canoe,oc2stockmaster,5,5.079722222222222,70.2,0.323,4.58,2
2011,ADK90,Canoe,oc2stockmixmaster,3,5.081944444444445,62.9,0,7.28,2
2008,ADK90,Canoe,oc2stockmaster,4,5.081944444444445,70.2,0.323,4.58,2
2008,ADK90,Canoe,oc2stockveteran,3,5.082777777777777,70.2,0.323,4.58,2
2010,ADK90,Canoe,oc2stock,1,5.083888888888889,58.4,0,3.89,2
2016,ADK90,Canoe,oc2stock,1,5.084722222222222,69.6,0.004,3.19,2
2015,ADK90,Canoe,oc4,2,5.085277777777778,63,0.185,2.75,4
2024,ADK90,Canoe,oc4stockmix,9,5.087416666666667,59.6,0.768,4.26,4
2016,ADK90,Canoe,oc4,2,5.088888888888889,69.6,0.004,3.19,4
2008,ADK90,Canoe,oc2stockveteran,2,5.091111111111111,70.2,0.323,4.58,2
2023,ADK90,Canoe,oc2stockmixmaster,1,5.094555555555556,65.2,0,5,2
2008,ADK90,Canoe,oc2stock,3,5.095277777777778,70.2,0.323,4.58,2
2017,ADK90,Canoe,oc4mix,9,5.095555555555555,52.8,0.02,5.46,4
2021,ADK90,Canoe,oc2stockmaster,1,5.096111111111111,60,0,5.13,2
2019,ADK90,Canoe,oc2stockveteran,2,5.098055555555556,59.3,0.008,4.97,2
2010,ADK90,Canoe,oc4mix,5,5.098333333333334,58.4,0,3.89,4
2021,ADK90,Kayak,k1tourmaster,1,5.100555555555555,60,0,5.13,1
2013,ADK90,Canoe,oc4,11,5.101388888888889,57.4,0.047,4.6,4
2011,ADK90,Canoe,open,NA,5.102222222222222,62.9,0,7.28,6
2019,ADK90,Canoe,oc4stockmix,5,5.1033333333333335,59.3,0.008,4.97,4
2008,ADK90,Canoe,oc2ammixmaster,6,5.103611111111111,70.2,0.323,4.58,2
2011,ADK90,Canoe,oc2ammix,5,5.103611111111111,62.9,0,7.28,2
2021,ADK90,Canoe,oc2stock,2,5.104722222222223,60,0,5.13,2
2024,ADK90,Canoe,oc4stockmix,7,5.104888888888889,59.6,0.768,4.26,4
2014,ADK90,Canoe,oc1rec,3,5.105555555555555,68.9,0.067,4.01,1
2019,ADK90,Canoe,oc4stockmix,6,5.106111111111111,59.3,0.008,4.97,4
2016,ADK90,Canoe,oc2stockmaster,1,5.106388888888889,69.6,0.004,3.19,2
2012,ADK90,Canoe,oc2amwomen,1,5.106388888888889,69.1,0.516,4.29,2
2011,ADK90,Canoe,oc2stockmixmaster,4,5.1066666666666665,62.9,0,7.28,2
2015,ADK90,Canoe,oc2stockmaster,1,5.1066666666666665,63,0.185,2.75,2
2013,ADK90,Canoe,oc2stock,3,5.107222222222222,57.4,0.047,4.6,2
2019,ADK90,Canoe,oc4stock,4,5.108611111111111,59.3,0.008,4.97,4
2010,ADK90,Canoe,open,NA,5.109444444444445,58.4,0,3.89,6
2016,ADK90,Canoe,oc1rec,1,5.110833333333333,69.6,0.004,3.19,1
2016,ADK90,Canoe,oc1recmaster,1,5.1113888888888885,69.6,0.004,3.19,1
2010,ADK90,Kayak,k1tour,3,5.112222222222222,58.4,0,3.89,1
2021,ADK90,Canoe,oc4stockwomenmaster,1,5.112222222222222,60,0,5.13,4
2023,ADK90,Canoe,oc4stockmix,5,5.113138888888889,65.2,0,5,4
2015,ADK90,Kayak,k1tourmaster,1,5.113333333333333,63,0.185,2.75,1
2012,ADK90,Canoe,oc4mix,6,5.113888888888889,69.1,0.516,4.29,4
2014,ADK90,Canoe,oc2stock,2,5.115833333333334,68.9,0.067,4.01,2
2014,ADK90,Kayak,k1tour,1,5.1161111111111115,68.9,0.067,4.01,1
2017,ADK90,Canoe,open,NA,5.116666666666666,52.8,0.02,5.46,6
2010,ADK90,Canoe,oc4mix,4,5.1177777777777775,58.4,0,3.89,4
2018,ADK90,Kayak,k2,1,5.118333333333333,58.7,0,2.76,2
2011,ADK90,Canoe,oc2stock,2,5.118611111111111,62.9,0,7.28,2
2012,ADK90,Canoe,oc2stockveteran,1,5.1194444444444445,69.1,0.516,4.29,2
2014,ADK90,Canoe,oc2stockmaster,3,5.120277777777778,68.9,0.067,4.01,2
2013,ADK90,Kayak,k1tour,2,5.120277777777778,57.4,0.047,4.6,1
2009,ADK90,Kayak,k1unlimted,2,5.120833333333334,60,0.185,4.03,1
2013,ADK90,Voyageur,voyageur,3,5.121388888888889,57.4,0.047,4.6,6
2011,ADK90,Canoe,oc2stockveteran,7,5.121388888888889,62.9,0,7.28,2
2010,ADK90,Canoe,oc2stockmixmaster,1,5.121666666666667,58.4,0,3.89,2
2012,ADK90,Canoe,open,NA,5.123888888888889,69.1,0.516,4.29,6
2011,ADK90,Canoe,oc2stockmaster,4,5.1258333333333335,62.9,0,7.28,2
2012,ADK90,Kayak,k1unlimited,2,5.126388888888889,69.1,0.516,4.29,1
2008,ADK90,Canoe,oc2stockmixmaster,1,5.128055555555555,70.2,0.323,4.58,2
2008,ADK90,Canoe,oc2ammixmaster,4,5.1305555555555555,70.2,0.323,4.58,2
2009,ADK90,Canoe,oc2ammix,3,5.131111111111111,60,0.185,4.03,2
2009,ADK90,Canoe,oc4mix,8,5.131388888888889,60,0.185,4.03,4
2009,ADK90,Canoe,oc2ammixmaster,1,5.131666666666667,60,0.185,4.03,2
2015,ADK90,Canoe,oc4mix,5,5.1322222222222225,63,0.185,2.75,4
2008,ADK90,Canoe,open,NA,5.1338888888888885,70.2,0.323,4.58,6
2009,ADK90,Kayak,k1unlimted,3,5.135,60,0.185,4.03,1
2024,ADK90,Canoe,oc4stockmix,10,5.1353333333333335,59.6,0.768,4.26,4
2009,ADK90,Canoe,oc2stock,2,5.135833333333333,60,0.185,4.03,2
2018,ADK90,Canoe,oc4open,4,5.136111111111111,58.7,0,2.76,4
2023,ADK90,Canoe,oc2,1,5.137166666666666,65.2,0,5,2
2014,ADK90,Canoe,oc4mix,8,5.139166666666667,68.9,0.067,4.01,4
2011,ADK90,Kayak,k2mix,1,5.140555555555555,62.9,0,7.28,2
2011,ADK90,Canoe,oc2stockveteran,4,5.141111111111111,62.9,0,7.28,2
2009,ADK90,Canoe,oc4mix,6,5.142777777777778,60,0.185,4.03,4
2010,ADK90,Canoe,oc1rec,1,5.1433333333333335,58.4,0,3.89,1
2012,ADK90,Canoe,oc4mix,7,5.144722222222223,69.1,0.516,4.29,4
2009,ADK90,Canoe,oc2stock,3,5.145277777777777,60,0.185,4.03,2
2014,ADK90,Canoe,oc4,8,5.1475,68.9,0.067,4.01,4
2012,ADK90,Canoe,open,NA,5.147777777777778,69.1,0.516,4.29,6
2021,ADK90,Canoe,oc2stockmaster,2,5.148055555555556,60,0,5.13,2
2018,ADK90,Kayak,k1tour,1,5.149444444444445,58.7,0,2.76,1
2015,ADK90,Canoe,oc2stockmaster,2,5.1497222222222225,63,0.185,2.75,2
2008,ADK90,Canoe,open,NA,5.151111111111111,70.2,0.323,4.58,6
2014,ADK90,Canoe,oc2stockmaster,2,5.151388888888889,68.9,0.067,4.01,2
2010,ADK90,Canoe,open,NA,5.151944444444444,58.4,0,3.89,6
2023,ADK90,Canoe,oc2stock,2,5.152777777777778,65.2,0,5,2
2016,ADK90,Canoe,open,NA,5.154722222222222,69.6,0.004,3.19,6
2009,ADK90,Canoe,oc2stockmaster,3,5.1563888888888885,60,0.185,4.03,2
2019,ADK90,Canoe,oc4stock,3,5.1575,59.3,0.008,4.97,4
2008,ADK90,Canoe,oc2stockmixmaster,2,5.160277777777778,70.2,0.323,4.58,2
2016,ADK90,Canoe,oc4mix,6,5.160277777777778,69.6,0.004,3.19,4
2011,ADK90,Canoe,oc2stockveteran,6,5.162222222222222,62.9,0,7.28,2
2010,ADK90,Canoe,oc2ammix,3,5.163055555555555,58.4,0,3.89,2
2012,ADK90,Canoe,oc4mix,8,5.163055555555555,69.1,0.516,4.29,4
2023,ADK90,Kayak,k1master,3,5.16425,65.2,0,5,1
2008,ADK90,Canoe,oc1am,2,5.165,70.2,0.323,4.58,1
2011,ADK90,Canoe,oc4,7,5.1658333333333335,62.9,0,7.28,4
2024,ADK90,Canoe,oc4stockmix,8,5.171472222222222,59.6,0.768,4.26,4
2011,ADK90,Canoe,oc1rec,2,5.1722222222222225,62.9,0,7.28,1
2008,ADK90,Canoe,oc2stockmixmaster,3,5.174722222222222,70.2,0.323,4.58,2
2009,ADK90,Canoe,oc2stockmixmaster,1,5.175,60,0.185,4.03,2
2009,ADK90,Canoe,oc4,6,5.175277777777778,60,0.185,4.03,4
2013,ADK90,Canoe,oc4mix,11,5.1755555555555555,57.4,0.047,4.6,4
2008,ADK90,Canoe,oc2am,5,5.175833333333333,70.2,0.323,4.58,2
2022,ADK90,Canoe,oc2stockopen,1,5.1770555555555555,67.5,0,3.91,2
2012,ADK90,Canoe,oc2stockmaster,2,5.177777777777778,69.1,0.516,4.29,2
2019,ADK90,Canoe,oc1rec,1,5.178333333333334,59.3,0.008,4.97,1
2011,ADK90,Guideboat,g2,1,5.178888888888889,62.9,0,7.28,2
2008,ADK90,Kayak,k1tour,2,5.180555555555555,70.2,0.323,4.58,1
2008,ADK90,Canoe,oc1rec,2,5.181111111111111,70.2,0.323,4.58,1
2008,ADK90,Canoe,oc1rec,1,5.181388888888889,70.2,0.323,4.58,1
2024,ADK90,Canoe,oc2stock,1,5.182055555555556,59.6,0.768,4.26,2
2015,ADK90,Voyageur,voyageur,3,5.1825,63,0.185,2.75,6
2019,ADK90,Canoe,oc2stockmaster,1,5.1825,59.3,0.008,4.97,2
2011,ADK90,Canoe,oc2ammix,6,5.182777777777778,62.9,0,7.28,2
2023,ADK90,Canoe,oc4stockmix,6,5.183111111111112,65.2,0,5,4
2011,ADK90,Canoe,oc2am,5,5.183888888888889,62.9,0,7.28,2
2010,ADK90,Canoe,oc2stockveteran,2,5.184444444444445,58.4,0,3.89,2
2009,ADK90,Canoe,open,NA,5.185833333333333,60,0.185,4.03,6
2016,ADK90,Kayak,k1unlimited,1,5.186388888888889,69.6,0.004,3.19,1
2010,ADK90,Canoe,oc2stockveteran,1,5.1866666666666665,58.4,0,3.89,2
2010,ADK90,Canoe,oc2ammaster,3,5.188888888888889,58.4,0,3.89,2
2009,ADK90,Canoe,oc2stockmix,2,5.189444444444445,60,0.185,4.03,2
2013,ADK90,Canoe,open,NA,5.189722222222223,57.4,0.047,4.6,6
2017,ADK90,Canoe,open,NA,5.191388888888889,52.8,0.02,5.46,6
2014,ADK90,Canoe,oc4,11,5.192222222222222,68.9,0.067,4.01,4
2011,ADK90,Canoe,oc2stock,5,5.192777777777778,62.9,0,7.28,2
2008,ADK90,Canoe,oc2stock,4,5.1947222222222225,70.2,0.323,4.58,2
2011,ADK90,Canoe,oc1stock,1,5.197222222222222,62.9,0,7.28,1
2014,ADK90,Canoe,oc4,12,5.197222222222222,68.9,0.067,4.01,4
2016,ADK90,Kayak,k1tourveteran,1,5.197777777777778,69.6,0.004,3.19,1
2017,ADK90,Canoe,open,NA,5.200277777777778,52.8,0.02,5.46,6
2024,ADK90,Canoe,oc4stockwomenmaster,1,5.200666666666667,59.6,0.768,4.26,4
2016,ADK90,Canoe,oc2stock,3,5.2011111111111115,69.6,0.004,3.19,2
2023,ADK90,Canoe,oc2stock,3,5.201194444444444,65.2,0,5,2
2012,ADK90,Canoe,oc1rec,1,5.201388888888889,69.1,0.516,4.29,1
2008,ADK90,Canoe,oc1stock,2,5.201944444444444,70.2,0.323,4.58,1
2019,ADK90,Canoe,oc4stockmix,7,5.201944444444444,59.3,0.008,4.97,4
2022,ADK90,Kayak,k2,2,5.202,67.5,0,3.91,2
2013,ADK90,Canoe,open,NA,5.202222222222222,57.4,0.047,4.6,6
2014,ADK90,Kayak,k2mix,2,5.203611111111111,68.9,0.067,4.01,2
2021,ADK90,Kayak,k2mixveteran,1,5.203611111111111,60,0,5.13,2
2023,ADK90,Kayak,k1veteran,1,5.205361111111111,65.2,0,5,1
2014,ADK90,Canoe,open,NA,5.206111111111111,68.9,0.067,4.01,6
2021,ADK90,Canoe,oc4stockmixmaster,4,5.206666666666667,60,0,5.13,4
2016,ADK90,Voyageur,voyageur,3,5.206666666666667,69.6,0.004,3.19,6
2013,ADK90,Canoe,oc2stockmixmaster,1,5.208333333333333,57.4,0.047,4.6,2
2017,ADK90,Canoe,oc2amwomen,2,5.208611111111111,52.8,0.02,5.46,2
2019,ADK90,Kayak,k1unlimited,4,5.210277777777778,59.3,0.008,4.97,1
2016,ADK90,Canoe,oc2stock,2,5.210277777777778,69.6,0.004,3.19,2
2009,ADK90,Canoe,oc2ammix,2,5.210833333333333,60,0.185,4.03,2
2022,ADK90,Canoe,oc4stockmix,5,5.211222222222222,67.5,0,3.91,4
2009,ADK90,Canoe,oc2stock,4,5.211388888888889,60,0.185,4.03,2
2010,ADK90,Canoe,oc1rec,2,5.211666666666667,58.4,0,3.89,1
2010,ADK90,Canoe,oc1rec,3,5.2122222222222225,58.4,0,3.89,1
2013,ADK90,Canoe,oc1rec,2,5.212777777777778,57.4,0.047,4.6,1
2016,ADK90,Canoe,oc4mix,7,5.212777777777778,69.6,0.004,3.19,4
2011,ADK90,Canoe,oc2stock,4,5.213055555555556,62.9,0,7.28,2
2013,ADK90,Canoe,oc1rec,1,5.213333333333333,57.4,0.047,4.6,1
2008,ADK90,Canoe,open,NA,5.213888888888889,70.2,0.323,4.58,6
2011,ADK90,Canoe,open,NA,5.214444444444444,62.9,0,7.28,6
2013,ADK90,Canoe,open,NA,5.215,57.4,0.047,4.6,6
2015,ADK90,Kayak,k1tourveteran,1,5.2188888888888885,63,0.185,2.75,1
2016,ADK90,Canoe,oc4,3,5.219444444444444,69.6,0.004,3.19,4
2015,ADK90,Canoe,oc4mix,6,5.22,63,0.185,2.75,4
2024,ADK90,Canoe,oc4stockmaster,4,5.220055555555556,59.6,0.768,4.26,4
2017,ADK90,Canoe,open,NA,5.220833333333333,52.8,0.02,5.46,6
2013,ADK90,Canoe,oc4women,1,5.221388888888889,57.4,0.047,4.6,4
2009,ADK90,Canoe,oc2stockmaster,6,5.221666666666667,60,0.185,4.03,2
2025,ADK90,Canoe,oc1stockexhibwomen,1,5.221861111111111,60.5,0.134,3.08,1
2025,ADK90,Canoe,oc2stockmixmaster,1,5.222027777777778,60.5,0.134,3.08,2
2009,ADK90,Canoe,oc2stockmaster,5,5.223055555555556,60,0.185,4.03,2
2022,ADK90,Canoe,oc2stockmixveteran,2,5.223333333333334,67.5,0,3.91,2
2013,ADK90,Canoe,open,NA,5.224166666666667,57.4,0.047,4.6,6
2018,ADK90,Kayak,k1tour,2,5.224444444444444,58.7,0,2.76,1
2023,ADK90,Canoe,oc4stock,6,5.225555555555555,65.2,0,5,4
2023,ADK90,Canoe,oc4stockmix,8,5.225583333333333,65.2,0,5,4
2024,ADK90,Canoe,oc2stockmixveteran,1,5.225666666666667,59.6,0.768,4.26,2
2019,ADK90,Canoe,oc2stock,3,5.2275,59.3,0.008,4.97,2
2023,ADK90,Canoe,oc2stockmixmaster,3,5.227861111111111,65.2,0,5,2
2009,ADK90,Canoe,oc4,7,5.2283333333333335,60,0.185,4.03,4
2008,ADK90,Kayak,k2,4,5.228611111111111,70.2,0.323,4.58,2
2011,ADK90,Canoe,oc2stockmaster,3,5.228888888888889,62.9,0,7.28,2
2009,ADK90,Canoe,oc2stockmaster,4,5.229166666666667,60,0.185,4.03,2
2014,ADK90,Canoe,oc2stockmix,3,5.23,68.9,0.067,4.01,2
2009,ADK90,Canoe,oc2stockveteran,1,5.23,60,0.185,4.03,2
2022,ADK90,Canoe,oc2stockmaster,1,5.230805555555556,67.5,0,3.91,2
2024,ADK90,Canoe,oc2stockncmix,1,5.231861111111112,59.6,0.768,4.26,2
2009,ADK90,Canoe,oc4mix,10,5.231944444444444,60,0.185,4.03,4
2011,ADK90,Canoe,open,NA,5.233055555555556,62.9,0,7.28,6
2023,ADK90,Canoe,oc4stockwomen,2,5.233388888888889,65.2,0,5,4
2016,ADK90,Canoe,oc2stockmixveteran,1,5.233611111111111,69.6,0.004,3.19,2
2012,ADK90,Canoe,oc2stockmixmaster,1,5.233888888888889,69.1,0.516,4.29,2
2009,ADK90,Kayak,k1unlimted,5,5.2347222222222225,60,0.185,4.03,1
2011,ADK90,Canoe,oc2rec,1,5.236111111111111,62.9,0,7.28,2
2019,ADK90,Kayak,k1unlimited,5,5.236666666666666,59.3,0.008,4.97,1
2008,ADK90,Canoe,oc4mix,7,5.237222222222222,70.2,0.323,4.58,4
2013,ADK90,Canoe,oc2stockmaster,4,5.237222222222222,57.4,0.047,4.6,2
2014,ADK90,Canoe,open,NA,5.238333333333333,68.9,0.067,4.01,6
2016,ADK90,Canoe,oc2stockmixmaster,1,5.238333333333333,69.6,0.004,3.19,2
2009,ADK90,Canoe,oc2stockmixmaster,2,5.239166666666667,60,0.185,4.03,2
2013,ADK90,Canoe,oc4,13,5.239166666666667,57.4,0.047,4.6,4
2010,ADK90,Kayak,k1tour,2,5.239166666666667,58.4,0,3.89,1
2024,ADK90,Canoe,oc2stock,2,5.239305555555555,59.6,0.768,4.26,2
2014,ADK90,Canoe,open,NA,5.24,68.9,0.067,4.01,6
2023,ADK90,Canoe,oc4stockmix,10,5.240138888888889,65.2,0,5,4
2013,ADK90,Canoe,oc2ammaster,2,5.243611111111111,57.4,0.047,4.6,2
2012,ADK90,Canoe,oc4mix,9,5.243611111111111,69.1,0.516,4.29,4
2014,ADK90,Canoe,open,NA,5.2444444444444445,68.9,0.067,4.01,6
2013,ADK90,Canoe,oc4mix,14,5.245,57.4,0.047,4.6,4
2014,ADK90,Canoe,oc4mix,9,5.245,68.9,0.067,4.01,4
2013,ADK90,Guideboat,g1,1,5.245555555555556,57.4,0.047,4.6,1
2011,ADK90,Canoe,open,NA,5.245833333333334,62.9,0,7.28,6
2014,ADK90,Canoe,oc2stock,4,5.245833333333334,68.9,0.067,4.01,2
2010,ADK90,Canoe,open,NA,5.2475,58.4,0,3.89,6
2023,ADK90,Canoe,oc4stockmix,7,5.2492222222222225,65.2,0,5,4
2012,ADK90,Kayak,k1unlimited,3,5.2508333333333335,69.1,0.516,4.29,1
2010,ADK90,Canoe,oc4mix,7,5.251111111111111,58.4,0,3.89,4
2015,ADK90,Canoe,oc4mix,8,5.251388888888889,63,0.185,2.75,4
2023,ADK90,Canoe,oc2stockmixmaster,2,5.251527777777778,65.2,0,5,2
2014,ADK90,Canoe,oc4,10,5.2525,68.9,0.067,4.01,4
2011,ADK90,Canoe,oc2stockveteran,5,5.254166666666666,62.9,0,7.28,2
2011,ADK90,Canoe,open,NA,5.2555555555555555,62.9,0,7.28,6
2009,ADK90,Kayak,k1tourveteran,2,5.2555555555555555,60,0.185,4.03,1
2016,ADK90,Canoe,open,NA,5.255833333333333,69.6,0.004,3.19,6
2022,ADK90,Canoe,oc4stock,4,5.255916666666667,67.5,0,3.91,4
2017,ADK90,Canoe,oc4mix,7,5.256388888888889,52.8,0.02,5.46,4
2015,ADK90,Canoe,oc2stockmaster,3,5.256666666666667,63,0.185,2.75,2
2025,ADK90,Canoe,oc2stockmix,1,5.2573888888888884,60.5,0.134,3.08,2
2009,ADK90,Canoe,oc4mix,5,5.257777777777778,60,0.185,4.03,4
2022,ADK90,Canoe,oc4stock,5,5.259055555555555,67.5,0,3.91,4
2009,ADK90,Canoe,oc2ammixmaster,2,5.259722222222222,60,0.185,4.03,2
2011,ADK90,Guideboat,g2,2,5.26,62.9,0,7.28,2
2019,ADK90,Canoe,oc2stock,2,5.26,59.3,0.008,4.97,2
2009,ADK90,Kayak,k2,3,5.260277777777778,60,0.185,4.03,2
2025,ADK90,Canoe,oc4openmix,4,5.260361111111111,60.5,0.134,3.08,4
2014,ADK90,Canoe,open,NA,5.260833333333333,68.9,0.067,4.01,6
2022,ADK90,Canoe,oc2stockveteran,1,5.262777777777778,67.5,0,3.91,2
2013,ADK90,Canoe,open,NA,5.264722222222222,57.4,0.047,4.6,6
2008,ADK90,Canoe,oc2stockveteran,4,5.265555555555555,70.2,0.323,4.58,2
2009,ADK90,Canoe,oc1stock,1,5.266666666666667,60,0.185,4.03,1
2025,ADK90,Canoe,oc4stockmixmaster,2,5.266666666666667,60.5,0.134,3.08,4
2022,ADK90,Kayak,k1unlimited,1,5.26775,67.5,0,3.91,1
2011,ADK90,Canoe,oc2stockveteran,3,5.267777777777778,62.9,0,7.28,2
2012,ADK90,Canoe,oc4,3,5.2683333333333335,69.1,0.516,4.29,4
2016,ADK90,Canoe,oc4mix,8,5.2683333333333335,69.6,0.004,3.19,4
2017,ADK90,Canoe,oc4mix,8,5.269166666666667,52.8,0.02,5.46,4
2011,ADK90,Canoe,open,NA,5.269166666666667,62.9,0,7.28,6
2011,ADK90,Canoe,oc2stockmixveteran,1,5.269444444444445,62.9,0,7.28,2
2013,ADK90,Canoe,oc2ammaster,1,5.271111111111111,57.4,0.047,4.6,2
2012,ADK90,Canoe,oc2ammix,2,5.271111111111111,69.1,0.516,4.29,2
2019,ADK90,Kayak,k2mix,1,5.271111111111111,59.3,0.008,4.97,2
2012,ADK90,Canoe,oc2stockveteran,2,5.2725,69.1,0.516,4.29,2
2016,ADK90,Canoe,open,NA,5.274444444444445,69.6,0.004,3.19,6
2023,ADK90,Canoe,oc4stockmix,9,5.274944444444444,65.2,0,5,4
2016,ADK90,Canoe,oc2stockmaster,3,5.275555555555556,69.6,0.004,3.19,2
2011,ADK90,Canoe,oc2stockmixmaster,5,5.275555555555556,62.9,0,7.28,2
2017,ADK90,Canoe,open,NA,5.275833333333333,52.8,0.02,5.46,6
2008,ADK90,Guideboat,g2,1,5.276111111111111,70.2,0.323,4.58,2
2016,ADK90,Canoe,oc4,5,5.276388888888889,69.6,0.004,3.19,4
2024,ADK90,Kayak,k2mixmaster,1,5.2765555555555554,59.6,0.768,4.26,2
2021,ADK90,Canoe,oc4stockmix,8,5.277222222222222,60,0,5.13,4
2022,ADK90,Canoe,oc2stockopen,2,5.277444444444444,67.5,0,3.91,2
2013,ADK90,Voyageur,voyageur,4,5.278333333333333,57.4,0.047,4.6,6
2021,ADK90,Canoe,oc4stockmix,9,5.280277777777778,60,0,5.13,4
2025,ADK90,Canoe,oc2stockmixmaster,2,5.280972222222222,60.5,0.134,3.08,2
2014,ADK90,Canoe,oc4mix,10,5.2811111111111115,68.9,0.067,4.01,4
2021,ADK90,Canoe,oc4stockmix,7,5.2813888888888885,60,0,5.13,4
2016,ADK90,Canoe,oc2stockmaster,2,5.281666666666666,69.6,0.004,3.19,2
2010,ADK90,Canoe,open,NA,5.281944444444444,58.4,0,3.89,6
2013,ADK90,Canoe,oc2stockveteran,1,5.282222222222222,57.4,0.047,4.6,2
2009,ADK90,Canoe,oc4mix,7,5.282777777777778,60,0.185,4.03,4
2017,ADK90,Canoe,oc2stock,3,5.284166666666667,52.8,0.02,5.46,2
2024,ADK90,Canoe,oc2stockmaster,1,5.284305555555555,59.6,0.768,4.26,2
2021,ADK90,Canoe,oc2stockmix,2,5.284722222222222,60,0,5.13,2
2014,ADK90,Canoe,open,NA,5.284722222222222,68.9,0.067,4.01,6
2024,ADK90,Canoe,oc4stockmix,12,5.284722222222222,59.6,0.768,4.26,4
2009,ADK90,Canoe,oc2stockmixmaster,3,5.285,60,0.185,4.03,2
2008,ADK90,Canoe,oc2stock,5,5.285,70.2,0.323,4.58,2
2013,ADK90,Canoe,open,NA,5.285833333333334,57.4,0.047,4.6,6
2016,ADK90,Canoe,oc4,4,5.286944444444444,69.6,0.004,3.19,4
2021,ADK90,Canoe,oc4stockmix,10,5.286944444444444,60,0,5.13,4
2008,ADK90,Canoe,oc2am,4,5.288333333333333,70.2,0.323,4.58,2
2008,ADK90,Canoe,oc2ammixmaster,5,5.289444444444444,70.2,0.323,4.58,2
2019,ADK90,Canoe,oc2stockmaster,2,5.290555555555556,59.3,0.008,4.97,2
2012,ADK90,Canoe,open,NA,5.291388888888889,69.1,0.516,4.29,6
2009,ADK90,Kayak,k2women,1,5.291944444444445,60,0.185,4.03,2
2023,ADK90,Canoe,oc2stockmaster,2,5.294944444444444,65.2,0,5,2
2013,ADK90,Canoe,oc2stockveteran,2,5.295277777777778,57.4,0.047,4.6,2
2008,ADK90,Canoe,oc4,5,5.295555555555556,70.2,0.323,4.58,4
2025,ADK90,Canoe,oc2open,1,5.295666666666667,60.5,0.134,3.08,2
2012,ADK90,Canoe,oc2stock,1,5.296944444444445,69.1,0.516,4.29,2
2013,ADK90,Canoe,oc2stockmixmaster,2,5.296944444444445,57.4,0.047,4.6,2
2024,ADK90,Canoe,oc2openmix,3,5.298388888888889,59.6,0.768,4.26,2
2022,ADK90,Canoe,oc4stockwomen,1,5.3005555555555555,67.5,0,3.91,4
2019,ADK90,Canoe,oc4stockwomen,1,5.3005555555555555,59.3,0.008,4.97,4
2015,ADK90,Canoe,oc4,3,5.302222222222222,63,0.185,2.75,4
2008,ADK90,Canoe,oc4,6,5.3036111111111115,70.2,0.323,4.58,4
2019,ADK90,Canoe,oc2ammix,1,5.3036111111111115,59.3,0.008,4.97,2
2011,ADK90,Canoe,oc2stock,6,5.303888888888889,62.9,0,7.28,2
2024,ADK90,Canoe,oc4stocktourmix,1,5.306111111111111,59.6,0.768,4.26,4
2010,ADK90,Kayak,k1unlimited,2,5.306111111111111,58.4,0,3.89,1
2010,ADK90,Canoe,open,NA,5.307222222222222,58.4,0,3.89,6
2011,ADK90,Kayak,k2women,1,5.307222222222222,62.9,0,7.28,2
2011,ADK90,Canoe,oc2stockmaster,5,5.307777777777778,62.9,0,7.28,2
2021,ADK90,Canoe,oc4stockwomenmaster,2,5.309444444444445,60,0,5.13,4
2024,ADK90,Canoe,oc2stock,4,5.309972222222223,59.6,0.768,4.26,2
2013,ADK90,Canoe,open,NA,5.310833333333333,57.4,0.047,4.6,6
2013,ADK90,Voyageur,voyageur,5,5.311111111111111,57.4,0.047,4.6,6
2017,ADK90,Kayak,k1tourveteran,2,5.311388888888889,52.8,0.02,5.46,1
2017,ADK90,Canoe,oc2stockmaster,2,5.312777777777778,52.8,0.02,5.46,2
2013,ADK90,Canoe,oc2stock,4,5.313611111111111,57.4,0.047,4.6,2
2023,ADK90,Canoe,oc2stockmixmaster,4,5.313666666666667,65.2,0,5,2
2015,ADK90,Canoe,oc2stock,1,5.313888888888889,63,0.185,2.75,2
2017,ADK90,Canoe,oc4women,1,5.314722222222223,52.8,0.02,5.46,4
2013,ADK90,Canoe,open,NA,5.315277777777778,57.4,0.047,4.6,6
2024,ADK90,Canoe,oc2stockmaster,2,5.316111111111111,59.6,0.768,4.26,2
2014,ADK90,Kayak,k1tourveteran,2,5.316388888888889,68.9,0.067,4.01,1
2015,ADK90,Canoe,oc2stock,4,5.317222222222222,63,0.185,2.75,2
2015,ADK90,Canoe,oc4women,1,5.3175,63,0.185,2.75,4
2017,ADK90,Canoe,open,NA,5.318333333333333,52.8,0.02,5.46,6
2023,ADK90,Canoe,oc1stockmaster,1,5.3204722222222225,65.2,0,5,1
2015,ADK90,Kayak,k1tourmaster,2,5.3213888888888885,63,0.185,2.75,1
2015,ADK90,Canoe,oc2stock,3,5.3213888888888885,63,0.185,2.75,2
2009,ADK90,Canoe,oc4mix,9,5.321666666666666,60,0.185,4.03,4
2024,ADK90,Canoe,oc4stockmix,11,5.321694444444444,59.6,0.768,4.26,4
2008,ADK90,Canoe,oc2stockmaster,7,5.322222222222222,70.2,0.323,4.58,2
2012,ADK90,Canoe,oc2stockmaster,3,5.3225,69.1,0.516,4.29,2
2013,ADK90,Canoe,open,NA,5.3225,57.4,0.047,4.6,6
2016,ADK90,Canoe,oc2stockmixmaster,2,5.324722222222222,69.6,0.004,3.19,2
2008,ADK90,Canoe,open,NA,5.325277777777778,70.2,0.323,4.58,6
2021,ADK90,Canoe,oc2mix,3,5.325833333333334,60,0,5.13,2
2010,ADK90,Canoe,oc2stock,2,5.325833333333334,58.4,0,3.89,2
2008,ADK90,Guideboat,g2,2,5.325833333333334,70.2,0.323,4.58,2
2010,ADK90,Canoe,oc4mix,8,5.325833333333334,58.4,0,3.89,4
2013,ADK90,Guideboat,g2,1,5.3261111111111115,57.4,0.047,4.6,2
2016,ADK90,Canoe,oc4mix,9,5.326666666666667,69.6,0.004,3.19,4
2016,ADK90,Canoe,open,NA,5.3275,69.6,0.004,3.19,6
2021,ADK90,Kayak,k1unlimited,2,5.3277777777777775,60,0,5.13,1
2024,ADK90,Canoe,oc2openmix,2,5.327888888888889,59.6,0.768,4.26,2
2013,ADK90,Canoe,oc4,14,5.328888888888889,57.4,0.047,4.6,4
2014,ADK90,Canoe,oc2stock,5,5.330555555555556,68.9,0.067,4.01,2
2008,ADK90,Canoe,open,NA,5.3308333333333335,70.2,0.323,4.58,6
2025,ADK90,Canoe,oc4stockmix,3,5.3326666666666664,60.5,0.134,3.08,4
2019,ADK90,Canoe,oc2stock,4,5.3341666666666665,59.3,0.008,4.97,2
2011,ADK90,Canoe,oc4mix,15,5.335833333333333,62.9,0,7.28,4
2024,ADK90,Canoe,oc2stockmixveteran,2,5.336805555555555,59.6,0.768,4.26,2
2012,ADK90,Canoe,oc2stock,2,5.3372222222222225,69.1,0.516,4.29,2
2022,ADK90,Canoe,oc4stockmix,7,5.337249999999999,67.5,0,3.91,4
2013,ADK90,Canoe,open,NA,5.3375,57.4,0.047,4.6,6
2011,ADK90,Canoe,open,NA,5.337777777777778,62.9,0,7.28,6
2024,ADK90,Canoe,oc2openveteran,1,5.337888888888889,59.6,0.768,4.26,2
2011,ADK90,Canoe,open,NA,5.338611111111111,62.9,0,7.28,6
2017,ADK90,Canoe,open,NA,5.339166666666666,52.8,0.02,5.46,6
2015,ADK90,Canoe,oc2stock,2,5.34,63,0.185,2.75,2
2024,ADK90,Canoe,oc2stockmixveteran,3,5.340277777777778,59.6,0.768,4.26,2
2023,ADK90,Canoe,oc2stock,4,5.3407222222222215,65.2,0,5,2
2013,ADK90,Canoe,oc4women,2,5.342777777777778,57.4,0.047,4.6,4
2015,ADK90,Canoe,oc1recmaster,2,5.343333333333334,63,0.185,2.75,1
2015,ADK90,Canoe,oc1recmaster,1,5.3436111111111115,63,0.185,2.75,1
2025,ADK90,Canoe,oc3stockmix,1,5.343861111111112,60.5,0.134,3.08,3
2013,ADK90,Canoe,oc2stockwomenmaster,2,5.345277777777778,57.4,0.047,4.6,2
2019,ADK90,Canoe,oc2stockmix,2,5.345277777777778,59.3,0.008,4.97,2
2023,ADK90,Kayak,k1master,4,5.3460833333333335,65.2,0,5,1
2013,ADK90,Canoe,open,NA,5.346111111111111,57.4,0.047,4.6,6
2011,ADK90,Canoe,oc4,8,5.3469444444444445,62.9,0,7.28,4
2014,ADK90,Canoe,open,NA,5.347222222222222,68.9,0.067,4.01,6
2024,ADK90,Canoe,oc4stockwomenmaster,2,5.349416666666667,59.6,0.768,4.26,4
2014,ADK90,Canoe,oc4mix,11,5.349444444444444,68.9,0.067,4.01,4
2023,ADK90,Canoe,oc4stock,5,5.350083333333333,65.2,0,5,4
2013,ADK90,Canoe,oc4mix,13,5.3502777777777775,57.4,0.047,4.6,4
2013,ADK90,Canoe,open,NA,5.351388888888889,57.4,0.047,4.6,6
2019,ADK90,Canoe,oc2stockmaster,3,5.3533333333333335,59.3,0.008,4.97,2
2022,ADK90,Canoe,oc2stockopen,4,5.354916666666667,67.5,0,3.91,2
2025,ADK90,Kayak,k1sportmaster,2,5.355416666666667,60.5,0.134,3.08,1
2015,ADK90,Voyageur,voyageur,4,5.355555555555555,63,0.185,2.75,6
2019,ADK90,Canoe,oc4stockmix,9,5.355833333333333,59.3,0.008,4.97,4
2023,ADK90,Canoe,oc2stockmaster,1,5.355888888888889,65.2,0,5,2
2012,ADK90,Kayak,k1tour,2,5.3566666666666665,69.1,0.516,4.29,1
2010,ADK90,Kayak,k2women,1,5.356944444444444,58.4,0,3.89,2
2011,ADK90,Canoe,oc2rec,3,5.356944444444444,62.9,0,7.28,2
2013,ADK90,Canoe,oc4mix,15,5.357222222222222,57.4,0.047,4.6,4
2024,ADK90,Canoe,oc2stockmix,1,5.357833333333334,59.6,0.768,4.26,2
2013,ADK90,Guideboat,g2,2,5.358055555555556,57.4,0.047,4.6,2
2012,ADK90,Canoe,oc2stockveteran,3,5.358055555555556,69.1,0.516,4.29,2
2023,ADK90,Canoe,oc4stockmixnc,1,5.358138888888889,65.2,0,5,4
2013,ADK90,Canoe,oc2stockmix,1,5.358333333333333,57.4,0.047,4.6,2
2010,ADK90,Canoe,oc2stockmixmaster,2,5.358888888888889,58.4,0,3.89,2
2010,ADK90,Kayak,k1tour,4,5.359166666666667,58.4,0,3.89,1
2014,ADK90,Voyageur,voyageur,3,5.359444444444445,68.9,0.067,4.01,6
2015,ADK90,Canoe,oc2stockmixmaster,1,5.36,63,0.185,2.75,2
2012,ADK90,Canoe,oc2stockmaster,6,5.36,69.1,0.516,4.29,2
2011,ADK90,Canoe,oc2rec,2,5.360833333333333,62.9,0,7.28,2
2012,ADK90,Canoe,open,NA,5.361111111111111,69.1,0.516,4.29,6
2021,ADK90,Canoe,oc2stockmaster,3,5.361944444444444,60,0,5.13,2
2011,ADK90,Canoe,oc4women,2,5.362777777777778,62.9,0,7.28,4
2011,ADK90,Canoe,open,NA,5.3630555555555555,62.9,0,7.28,6
2013,ADK90,Canoe,open,NA,5.363333333333333,57.4,0.047,4.6,6
2013,ADK90,Canoe,open,NA,5.363888888888889,57.4,0.047,4.6,6
2017,ADK90,Canoe,open,NA,5.364166666666667,52.8,0.02,5.46,6
2016,ADK90,Canoe,oc1am,1,5.364444444444445,69.6,0.004,3.19,1
2021,ADK90,Canoe,oc4stockmix,12,5.365833333333334,60,0,5.13,4
2024,ADK90,Canoe,oc1stockmaster,1,5.36675,59.6,0.768,4.26,1
2021,ADK90,Canoe,oc2stockmixveterans,2,5.366944444444444,60,0,5.13,2
2008,ADK90,Voyageur,voyageur,7,5.3675,70.2,0.323,4.58,6
2014,ADK90,Canoe,oc2stockmaster,4,5.3675,68.9,0.067,4.01,2
2011,ADK90,Canoe,oc2amwomen,1,5.3675,62.9,0,7.28,2
2014,ADK90,Canoe,open,NA,5.3677777777777775,68.9,0.067,4.01,6
2013,ADK90,Canoe,open,NA,5.368888888888889,57.4,0.047,4.6,6
2024,ADK90,Canoe,oc2stock,3,5.369555555555556,59.6,0.768,4.26,2
2018,ADK90,Canoe,oc4stockmix,3,5.369722222222222,58.7,0,2.76,4
2019,ADK90,Canoe,oc4stock,5,5.370277777777778,59.3,0.008,4.97,4
2011,ADK90,Canoe,oc2stock,7,5.370277777777778,62.9,0,7.28,2
2013,ADK90,Canoe,oc2stockwomenmaster,3,5.370555555555556,57.4,0.047,4.6,2
2013,ADK90,Canoe,oc2stockmaster,5,5.370833333333334,57.4,0.047,4.6,2
2018,ADK90,Canoe,oc4stock,2,5.371111111111111,58.7,0,2.76,4
2016,ADK90,Canoe,open,NA,5.372222222222222,69.6,0.004,3.19,6
2021,ADK90,Kayak,k1tourveteran,2,5.372777777777777,60,0,5.13,1
2021,ADK90,Canoe,oc2stock,3,5.373055555555555,60,0,5.13,2
2023,ADK90,Canoe,oc2stockmix,1,5.373638888888888,65.2,0,5,2
2022,ADK90,Canoe,oc4stockmix,8,5.374111111111111,67.5,0,3.91,4
2017,ADK90,Canoe,open,NA,5.374444444444444,52.8,0.02,5.46,6
2014,ADK90,Canoe,oc2stockmix,4,5.375277777777778,68.9,0.067,4.01,2
2016,ADK90,Canoe,open,NA,5.3758333333333335,69.6,0.004,3.19,6
2011,ADK90,Canoe,oc2stockmixmaster,6,5.376388888888889,62.9,0,7.28,2
2019,ADK90,Canoe,oc4stockmix,8,5.376666666666667,59.3,0.008,4.97,4
2014,ADK90,Canoe,oc2stock,3,5.378611111111111,68.9,0.067,4.01,2
2010,ADK90,Canoe,open,NA,5.379166666666666,58.4,0,3.89,6
2023,ADK90,Kayak,k1master,5,5.379888888888888,65.2,0,5,1
2013,ADK90,Canoe,open,NA,5.38,57.4,0.047,4.6,6
2011,ADK90,Canoe,open,NA,5.3805555555555555,62.9,0,7.28,6
2024,ADK90,Canoe,oc3stocktourmix,1,5.381138888888889,59.6,0.768,4.26,3
2021,ADK90,Canoe,oc4stockwomenmaster,3,5.381666666666667,60,0,5.13,4
2009,ADK90,Kayak,k1tourmaster,1,5.381944444444445,60,0.185,4.03,1
2009,ADK90,Canoe,oc4,8,5.3825,60,0.185,4.03,4
2010,ADK90,Canoe,oc2ammaster,4,5.383333333333334,58.4,0,3.89,2
2014,ADK90,Canoe,open,NA,5.3838888888888885,68.9,0.067,4.01,6
2024,ADK90,Kayak,k2,3,5.385638888888889,59.6,0.768,4.26,2
2013,ADK90,Canoe,oc2stockwomenmaster,1,5.387222222222222,57.4,0.047,4.6,2
2011,ADK90,Canoe,oc2stockmix,2,5.3875,62.9,0,7.28,2
2022,ADK90,Canoe,oc4stocktour,1,5.388805555555556,67.5,0,3.91,4
2019,ADK90,Canoe,oc2stockmix,1,5.389166666666667,59.3,0.008,4.97,2
2008,ADK90,Canoe,oc2rec,1,5.389722222222222,70.2,0.323,4.58,2
2009,ADK90,Canoe,oc1rec,1,5.3902777777777775,60,0.185,4.03,1
2012,ADK90,Canoe,oc2stock,5,5.390833333333333,69.1,0.516,4.29,2
2011,ADK90,Canoe,oc4mix,14,5.393055555555556,62.9,0,7.28,4
2025,ADK90,Canoe,oc2open,2,5.393194444444444,60.5,0.134,3.08,2
2015,ADK90,Kayak,k1unlimited,1,5.393611111111111,63,0.185,2.75,1
2016,ADK90,Kayak,k2,3,5.393611111111111,69.6,0.004,3.19,2
2014,ADK90,Canoe,open,NA,5.394444444444445,68.9,0.067,4.01,6
2012,ADK90,Kayak,k2,2,5.396388888888889,69.1,0.516,4.29,2
2022,ADK90,Canoe,oc2stockmaster,2,5.396916666666667,67.5,0,3.91,2
2009,ADK90,Kayak,k1unlimted,4,5.3975,60,0.185,4.03,1
2025,ADK90,Canoe,oc2stock,1,5.398027777777778,60.5,0.134,3.08,2
2010,ADK90,Canoe,oc2stockmixmaster,4,5.398611111111111,58.4,0,3.89,2
2018,ADK90,Canoe,oc4stockmix,2,5.399166666666667,58.7,0,2.76,4
2011,ADK90,Voyageur,voyageur,5,5.3997222222222225,62.9,0,7.28,6
2016,ADK90,Canoe,open,NA,5.400277777777778,69.6,0.004,3.19,6
2010,ADK90,Canoe,oc2stockmaster,3,5.400555555555556,58.4,0,3.89,2
2012,ADK90,Canoe,oc2stockmaster,4,5.400555555555556,69.1,0.516,4.29,2
2025,ADK90,Canoe,oc2stockmixveteran,1,5.401694444444444,60.5,0.134,3.08,2
2016,ADK90,Canoe,open,NA,5.403611111111111,69.6,0.004,3.19,6
2021,ADK90,Canoe,oc4stockmaster,3,5.404166666666667,60,0,5.13,4
2010,ADK90,Canoe,open,NA,5.404444444444445,58.4,0,3.89,6
2010,ADK90,Guideboat,g2,2,5.404444444444445,58.4,0,3.89,2
2010,ADK90,Canoe,oc2stockveteran,3,5.404722222222222,58.4,0,3.89,2
2010,ADK90,Canoe,oc4mix,9,5.405277777777778,58.4,0,3.89,4
2009,ADK90,Voyageur,voyageur,6,5.405555555555556,60,0.185,4.03,6
2012,ADK90,Canoe,oc2stock,4,5.4063888888888885,69.1,0.516,4.29,2
2021,ADK90,Canoe,oc2stockmaster,4,5.4075,60,0,5.13,2
2025,ADK90,Canoe,oc2stock,2,5.407722222222222,60.5,0.134,3.08,2
2011,ADK90,Guideboat,g2,3,5.407777777777778,62.9,0,7.28,2
2022,ADK90,Canoe,oc4stockmix,6,5.4079444444444444,67.5,0,3.91,4
2021,ADK90,Canoe,oc2stockmixveterans,3,5.409722222222222,60,0,5.13,2
2013,ADK90,Canoe,oc1rec,3,5.410555555555556,57.4,0.047,4.6,1
2014,ADK90,Canoe,oc2am,1,5.411944444444444,68.9,0.067,4.01,2
2014,ADK90,Canoe,open,NA,5.411944444444444,68.9,0.067,4.01,6
2017,ADK90,Canoe,open,NA,5.413055555555555,52.8,0.02,5.46,6
2022,ADK90,Canoe,oc2stockmixmaster,3,5.414555555555556,67.5,0,3.91,2
2009,ADK90,Canoe,oc2ammaster,3,5.416388888888889,60,0.185,4.03,2
2022,ADK90,Canoe,oc4stocktournc,1,5.4165,67.5,0,3.91,4
2016,ADK90,Canoe,oc2am,2,5.416944444444445,69.6,0.004,3.19,2
2008,ADK90,Canoe,oc4mix,9,5.417777777777777,70.2,0.323,4.58,4
2010,ADK90,Guideboat,g2,1,5.417777777777777,58.4,0,3.89,2
2019,ADK90,Canoe,oc2stockwomen,1,5.418333333333333,59.3,0.008,4.97,2
2010,ADK90,Canoe,oc2stockmaster,4,5.418611111111111,58.4,0,3.89,2
2015,ADK90,Canoe,oc4,4,5.4191666666666665,63,0.185,2.75,4
2023,ADK90,Canoe,oc2stock,5,5.4207222222222216,65.2,0,5,2
2017,ADK90,Kayak,k1unlimited,1,5.421388888888889,52.8,0.02,5.46,1
2023,ADK90,Canoe,oc4stockmix,12,5.422111111111111,65.2,0,5,4
2008,ADK90,Canoe,open,NA,5.422777777777778,70.2,0.323,4.58,6
2010,ADK90,Canoe,oc2stockmixmaster,3,5.422777777777778,58.4,0,3.89,2
2022,ADK90,Canoe,oc2stockmixmaster,2,5.422888888888889,67.5,0,3.91,2
2021,ADK90,Kayak,k1unlimited,3,5.423055555555556,60,0,5.13,1
2017,ADK90,Canoe,oc2stockmix,1,5.4238888888888885,52.8,0.02,5.46,2
2025,ADK90,Canoe,oc4stockmix,4,5.424,60.5,0.134,3.08,4
2009,ADK90,Canoe,open,NA,5.424166666666666,60,0.185,4.03,6
2025,ADK90,Canoe,oc2stockmaster,1,5.424166666666666,60.5,0.134,3.08,2
2012,ADK90,Guideboat,g2,1,5.425,69.1,0.516,4.29,2
2010,ADK90,Voyageur,voyageur,8,5.425277777777778,58.4,0,3.89,6
2008,ADK90,Canoe,open,NA,5.4255555555555555,70.2,0.323,4.58,6
2021,ADK90,Canoe,oc2stockmixmaster,2,5.4255555555555555,60,0,5.13,2
2012,ADK90,Canoe,oc4mix,12,5.426944444444445,69.1,0.516,4.29,4
2011,ADK90,Canoe,open,NA,5.427777777777778,62.9,0,7.28,6
2016,ADK90,Canoe,open,NA,5.428055555555556,69.6,0.004,3.19,6
2021,ADK90,SUP,solorecmaster,1,5.428055555555556,60,0,5.13,1
2016,ADK90,Canoe,oc2stockmaster,4,5.4286111111111115,69.6,0.004,3.19,2
2022,ADK90,Canoe,oc2stockveteran,3,5.4286111111111115,67.5,0,3.91,2
2011,ADK90,Canoe,oc2stockmaster,6,5.429722222222222,62.9,0,7.28,2
2024,ADK90,Kayak,k1sportveteran,1,5.431611111111111,59.6,0.768,4.26,1
2008,ADK90,Canoe,oc1am,3,5.432777777777778,70.2,0.323,4.58,1
2008,ADK90,Canoe,oc1am,4,5.432777777777778,70.2,0.323,4.58,1
2008,ADK90,Canoe,open,NA,5.434722222222222,70.2,0.323,4.58,6
2015,ADK90,Canoe,open,NA,5.434722222222222,63,0.185,2.75,6
2024,ADK90,Canoe,oc2stockmix,2,5.435138888888889,59.6,0.768,4.26,2
2014,ADK90,Canoe,oc2stockwomen,1,5.435277777777777,68.9,0.067,4.01,2
2013,ADK90,Canoe,oc2stock,5,5.435833333333333,57.4,0.047,4.6,2
2012,ADK90,Canoe,open,NA,5.436388888888889,69.1,0.516,4.29,6
2012,ADK90,Canoe,oc2stockmixmaster,2,5.4366666666666665,69.1,0.516,4.29,2
2014,ADK90,Canoe,open,NA,5.437222222222222,68.9,0.067,4.01,6
2023,ADK90,Canoe,oc4stock,8,5.438361111111111,65.2,0,5,4
2015,ADK90,Canoe,oc1rec,1,5.440277777777778,63,0.185,2.75,1
2013,ADK90,Canoe,open,NA,5.442777777777778,57.4,0.047,4.6,6
2009,ADK90,Canoe,open,NA,5.443611111111111,60,0.185,4.03,6
2024,ADK90,Canoe,oc3stocktourmix,2,5.444083333333333,59.6,0.768,4.26,3
2010,ADK90,Canoe,oc2stockmaster,5,5.445,58.4,0,3.89,2
2012,ADK90,Canoe,open,NA,5.445555555555556,69.1,0.516,4.29,6
2021,ADK90,Canoe,oc2womenmaster,1,5.445833333333334,60,0,5.13,2
2010,ADK90,Canoe,oc2stock,3,5.445833333333334,58.4,0,3.89,2
2012,ADK90,Canoe,oc2stock,3,5.4463888888888885,69.1,0.516,4.29,2
2010,ADK90,Canoe,oc2stock,4,5.448333333333333,58.4,0,3.89,2
2017,ADK90,Canoe,open,NA,5.448611111111111,52.8,0.02,5.46,6
2022,ADK90,Canoe,oc2stockopen,3,5.449194444444444,67.5,0,3.91,2
2022,ADK90,Canoe,oc4stock,6,5.449527777777778,67.5,0,3.91,4
2021,ADK90,Canoe,oc2stock,4,5.450277777777778,60,0,5.13,2
2011,ADK90,Canoe,open,NA,5.4511111111111115,62.9,0,7.28,6
2012,ADK90,Canoe,oc2stockveteran,4,5.4511111111111115,69.1,0.516,4.29,2
2024,ADK90,Canoe,oc4stocknc,1,5.455638888888888,59.6,0.768,4.26,4
2015,ADK90,Canoe,oc4women,2,5.456666666666667,63,0.185,2.75,4
2021,ADK90,Canoe,oc4stock,6,5.456944444444445,60,0,5.13,4
2008,ADK90,Canoe,oc2am,6,5.4575,70.2,0.323,4.58,2
2009,ADK90,Canoe,oc2stockmixmaster,4,5.457777777777777,60,0.185,4.03,2
2014,ADK90,Canoe,oc2ammaster,3,5.458611111111111,68.9,0.067,4.01,2
2012,ADK90,Canoe,oc4mix,10,5.460277777777778,69.1,0.516,4.29,4
2023,ADK90,Canoe,oc4stock,10,5.461805555555555,65.2,0,5,4
2017,ADK90,Canoe,oc2stockveteran,1,5.4622222222222225,52.8,0.02,5.46,2
2015,ADK90,Canoe,oc2stockmixmaster,2,5.4622222222222225,63,0.185,2.75,2
2013,ADK90,Canoe,open,NA,5.4625,57.4,0.047,4.6,6
2012,ADK90,Canoe,oc4mix,11,5.463611111111111,69.1,0.516,4.29,4
2009,ADK90,Canoe,oc2stock,6,5.464722222222222,60,0.185,4.03,2
2013,ADK90,Canoe,open,NA,5.4655555555555555,57.4,0.047,4.6,6
2017,ADK90,Kayak,k1tour,2,5.465833333333333,52.8,0.02,5.46,1
2011,ADK90,Canoe,oc2stockmixveteran,2,5.466944444444445,62.9,0,7.28,2
2023,ADK90,Canoe,oc2stockmixmaster,5,5.466944444444445,65.2,0,5,2
2014,ADK90,Canoe,open,NA,5.467222222222222,68.9,0.067,4.01,6
2024,ADK90,Canoe,oc2stockmixmaster,3,5.467333333333333,59.6,0.768,4.26,2
2011,ADK90,Canoe,oc4mix,16,5.467777777777778,62.9,0,7.28,4
2018,ADK90,Canoe,oc1stock,1,5.468055555555556,58.7,0,2.76,1
2015,ADK90,Canoe,oc2stock,6,5.4688888888888885,63,0.185,2.75,2
2008,ADK90,Canoe,open,NA,5.469722222222222,70.2,0.323,4.58,6
2011,ADK90,Canoe,oc2stockveteran,8,5.47,62.9,0,7.28,2
2025,ADK90,Canoe,oc4stock,3,5.470277777777778,60.5,0.134,3.08,4
2023,ADK90,Canoe,oc2stockmix,2,5.470416666666667,65.2,0,5,2
2012,ADK90,Canoe,oc4,5,5.471111111111111,69.1,0.516,4.29,4
2014,ADK90,Canoe,oc2stock,6,5.471111111111111,68.9,0.067,4.01,2
2023,ADK90,Canoe,oc2stock,6,5.4711944444444445,65.2,0,5,2
2017,ADK90,Canoe,oc2stock,6,5.471388888888889,52.8,0.02,5.46,2
2014,ADK90,Canoe,open,NA,5.472222222222222,68.9,0.067,4.01,6
2015,ADK90,Canoe,open,NA,5.4725,63,0.185,2.75,6
2017,ADK90,Canoe,oc4women,2,5.473055555555556,52.8,0.02,5.46,4
2017,ADK90,Canoe,open,NA,5.473055555555556,52.8,0.02,5.46,6
2015,ADK90,Canoe,oc2stock,5,5.473333333333334,63,0.185,2.75,2
2016,ADK90,Kayak,k2,2,5.473333333333334,69.6,0.004,3.19,2
2021,ADK90,Canoe,oc4stock,5,5.473611111111111,60,0,5.13,4
2010,ADK90,Canoe,open,NA,5.473888888888889,58.4,0,3.89,6
2017,ADK90,Canoe,open,NA,5.474444444444444,52.8,0.02,5.46,6
2025,ADK90,Canoe,oc4stock,2,5.475472222222223,60.5,0.134,3.08,4
2021,ADK90,SUP,solorecveteran,1,5.476388888888889,60,0,5.13,1
2015,ADK90,Canoe,open,NA,5.478055555555556,63,0.185,2.75,6
2024,ADK90,Kayak,k1openmaster,2,5.479694444444445,59.6,0.768,4.26,1
2013,ADK90,Canoe,oc2stockveteran,3,5.479722222222223,57.4,0.047,4.6,2
2014,ADK90,Canoe,oc2ammaster,2,5.480277777777777,68.9,0.067,4.01,2
2009,ADK90,Canoe,oc2rec,1,5.480277777777777,60,0.185,4.03,2
2009,ADK90,Canoe,oc2stockmixmaster,5,5.481111111111111,60,0.185,4.03,2
2012,ADK90,Canoe,oc2stockmixmaster,3,5.481944444444444,69.1,0.516,4.29,2
2010,ADK90,Canoe,oc4,9,5.482222222222222,58.4,0,3.89,4
2023,ADK90,Canoe,oc4stockgoldmixnc,1,5.482638888888889,65.2,0,5,4
2013,ADK90,Canoe,oc2rec,1,5.484444444444445,57.4,0.047,4.6,2
2012,ADK90,Canoe,open,NA,5.484444444444445,69.1,0.516,4.29,6
2008,ADK90,Canoe,oc1stock,3,5.485,70.2,0.323,4.58,1
2017,ADK90,Guideboat,g1,1,5.485277777777778,52.8,0.02,5.46,1
2008,ADK90,Canoe,oc2stockveteran,5,5.485555555555556,70.2,0.323,4.58,2
2017,ADK90,Canoe,oc2stock,4,5.485833333333333,52.8,0.02,5.46,2
2016,ADK90,Canoe,oc4,6,5.4875,69.6,0.004,3.19,4
2024,ADK90,Canoe,oc2stockmixmaster,1,5.488555555555555,59.6,0.768,4.26,2
2009,ADK90,Canoe,oc2stock,5,5.490277777777778,60,0.185,4.03,2
2009,ADK90,Canoe,oc2am,3,5.491666666666666,60,0.185,4.03,2
2012,ADK90,Canoe,oc1rec,2,5.491666666666666,69.1,0.516,4.29,1
2023,ADK90,Canoe,oc4stockmix,11,5.494583333333333,65.2,0,5,4
2008,ADK90,Guideboat,g2,4,5.495277777777778,70.2,0.323,4.58,2
2024,ADK90,Canoe,oc2stock,8,5.495833333333334,59.6,0.768,4.26,2
2008,ADK90,Canoe,oc2stockveteran,6,5.496666666666667,70.2,0.323,4.58,2
2024,ADK90,Canoe,oc4stockmix,13,5.497138888888889,59.6,0.768,4.26,4
2017,ADK90,Canoe,oc1recveteran,1,5.497222222222222,52.8,0.02,5.46,1
2009,ADK90,Canoe,oc2ammix,4,5.497222222222222,60,0.185,4.03,2
2017,ADK90,Voyageur,voyageur,3,5.498611111111111,52.8,0.02,5.46,6
2010,ADK90,Canoe,oc2stockmixmaster,5,5.4991666666666665,58.4,0,3.89,2
2016,ADK90,Canoe,open,NA,5.501388888888889,69.6,0.004,3.19,6
2016,ADK90,Canoe,oc2ammix,1,5.501944444444445,69.6,0.004,3.19,2
2023,ADK90,Canoe,oc2stockgoldnc,2,5.502138888888889,65.2,0,5,2
2015,ADK90,Canoe,open,NA,5.504444444444444,63,0.185,2.75,6
2009,ADK90,Canoe,oc1stock,2,5.505,60,0.185,4.03,1
2013,ADK90,Canoe,oc2ammix,1,5.506666666666667,57.4,0.047,4.6,2
2021,ADK90,Canoe,oc2stock,5,5.5075,60,0,5.13,2
2022,ADK90,Canoe,oc2stock,1,5.507722222222222,67.5,0,3.91,2
2024,ADK90,Canoe,oc2stock,5,5.507805555555555,59.6,0.768,4.26,2
2017,ADK90,Canoe,open,NA,5.51,52.8,0.02,5.46,6
2012,ADK90,Guideboat,g2,2,5.510833333333333,69.1,0.516,4.29,2
2013,ADK90,Canoe,open,NA,5.511111111111111,57.4,0.047,4.6,6
2019,ADK90,Canoe,oc4stockwomen,2,5.511666666666667,59.3,0.008,4.97,4
2016,ADK90,Canoe,oc2stockmix,1,5.511666666666667,69.6,0.004,3.19,2
2017,ADK90,Canoe,oc2rec,1,5.511666666666667,52.8,0.02,5.46,2
2022,ADK90,Canoe,oc2stockveteran,4,5.5119444444444445,67.5,0,3.91,2
2015,ADK90,Canoe,oc4mix,9,5.512222222222222,63,0.185,2.75,4
2012,ADK90,Canoe,oc4,4,5.513055555555556,69.1,0.516,4.29,4
2016,ADK90,Canoe,oc4women,2,5.513055555555556,69.6,0.004,3.19,4
2024,ADK90,Canoe,oc4stockwomenmaster,3,5.513388888888889,59.6,0.768,4.26,4
2022,ADK90,Canoe,oc2stockmaster,4,5.5135555555555555,67.5,0,3.91,2
2012,ADK90,Canoe,oc2am,4,5.514722222222222,69.1,0.516,4.29,2
2009,ADK90,Canoe,oc4,9,5.515,60,0.185,4.03,4
2009,ADK90,Kayak,k1tourmaster,3,5.5152777777777775,60,0.185,4.03,1
2013,ADK90,Canoe,open,NA,5.5152777777777775,57.4,0.047,4.6,6
2012,ADK90,Canoe,open,NA,5.515555555555555,69.1,0.516,4.29,6
2019,ADK90,Canoe,oc1rec,2,5.516388888888889,59.3,0.008,4.97,1
2023,ADK90,Canoe,oc4stock,7,5.517361111111111,65.2,0,5,4
2011,ADK90,Canoe,open,NA,5.5175,62.9,0,7.28,6
2013,ADK90,Canoe,open,NA,5.517777777777778,57.4,0.047,4.6,6
2022,ADK90,Kayak,k1tourveteran,1,5.518305555555556,67.5,0,3.91,1
2011,ADK90,Canoe,oc1am,1,5.519722222222223,62.9,0,7.28,1
2015,ADK90,Canoe,oc2stockmixmaster,3,5.519722222222223,63,0.185,2.75,2
2014,ADK90,Canoe,open,NA,5.52,68.9,0.067,4.01,6
2024,ADK90,Canoe,oc1stock,1,5.520027777777777,59.6,0.768,4.26,1
2014,ADK90,Canoe,open,NA,5.520555555555555,68.9,0.067,4.01,6
2011,ADK90,Canoe,open,NA,5.521944444444444,62.9,0,7.28,6
2024,ADK90,Canoe,oc2stockmix,3,5.5223611111111115,59.6,0.768,4.26,2
2011,ADK90,Canoe,oc2stockmix,3,5.5225,62.9,0,7.28,2
2022,ADK90,Kayak,k1tourveteran,2,5.523388888888889,67.5,0,3.91,1
2017,ADK90,Canoe,oc2rec,2,5.523888888888889,52.8,0.02,5.46,2
2025,ADK90,Canoe,oc4openmix,5,5.524166666666667,60.5,0.134,3.08,4
2023,ADK90,Canoe,oc2stockgoldnc,1,5.524416666666667,65.2,0,5,2
2011,ADK90,Canoe,open,NA,5.5247222222222225,62.9,0,7.28,6
2025,ADK90,Kayak,k2,2,5.524944444444444,60.5,0.134,3.08,2
2014,ADK90,Canoe,open,NA,5.526944444444444,68.9,0.067,4.01,6
2024,ADK90,Canoe,oc2stocknc,1,5.528833333333333,59.6,0.768,4.26,2
2016,ADK90,Canoe,oc2stockmixmaster,3,5.528888888888889,69.6,0.004,3.19,2
2019,ADK90,Kayak,k2,3,5.529444444444445,59.3,0.008,4.97,2
2025,ADK90,Kayak,k1sport,1,5.529638888888889,60.5,0.134,3.08,1
2019,ADK90,Canoe,oc2am,2,5.530555555555556,59.3,0.008,4.97,2
2008,ADK90,Guideboat,g2,3,5.530555555555556,70.2,0.323,4.58,2
2013,ADK90,Canoe,open,NA,5.5313888888888885,57.4,0.047,4.6,6
2008,ADK90,Canoe,oc2rec,2,5.5313888888888885,70.2,0.323,4.58,2
2015,ADK90,Canoe,oc2ammix,1,5.532777777777778,63,0.185,2.75,2
2008,ADK90,Canoe,oc2stockmaster,8,5.532777777777778,70.2,0.323,4.58,2
2023,ADK90,Canoe,oc2stock,7,5.532861111111111,65.2,0,5,2
2011,ADK90,Canoe,oc1stock,2,5.533888888888889,62.9,0,7.28,1
2025,ADK90,Canoe,oc4stockmix,5,5.534555555555556,60.5,0.134,3.08,4
2022,ADK90,Canoe,oc2stockveteran,2,5.535,67.5,0,3.91,2
2024,ADK90,Canoe,oc2stockmixmaster,2,5.535111111111111,59.6,0.768,4.26,2
2012,ADK90,Canoe,oc2stockmaster,5,5.536111111111111,69.1,0.516,4.29,2
2016,ADK90,Canoe,open,NA,5.537222222222222,69.6,0.004,3.19,6
2008,ADK90,Kayak,k1women,5,5.537222222222222,70.2,0.323,4.58,1
2015,ADK90,Guideboat,g2,1,5.5375,63,0.185,2.75,2
2024,ADK90,Canoe,oc4stockmaster,5,5.538305555555556,59.6,0.768,4.26,4
2014,ADK90,Voyageur,voyageur,4,5.538333333333333,68.9,0.067,4.01,6
2013,ADK90,Guideboat,g1,2,5.538333333333333,57.4,0.047,4.6,1
2014,ADK90,Canoe,oc1rec,4,5.538611111111111,68.9,0.067,4.01,1
2016,ADK90,Canoe,open,NA,5.539444444444444,69.6,0.004,3.19,6
2023,ADK90,Kayak,k1master,6,5.539805555555556,65.2,0,5,1
2022,ADK90,Canoe,oc4stockwomen,2,5.540222222222222,67.5,0,3.91,4
2019,ADK90,Guideboat,g1,1,5.540277777777778,59.3,0.008,4.97,1
2015,ADK90,Kayak,k1tourmaster,3,5.5408333333333335,63,0.185,2.75,1
2019,ADK90,Canoe,oc2stockmix,3,5.541666666666667,59.3,0.008,4.97,2
2013,ADK90,Canoe,oc2stockmix,2,5.541944444444445,57.4,0.047,4.6,2
2017,ADK90,Canoe,open,NA,5.542222222222223,52.8,0.02,5.46,6
2013,ADK90,Canoe,open,NA,5.542222222222223,57.4,0.047,4.6,6
2019,ADK90,Guideboat,g2,1,5.5425,59.3,0.008,4.97,2
2022,ADK90,Canoe,oc2stockopen,5,5.543583333333333,67.5,0,3.91,2
2016,ADK90,Guideboat,g1,1,5.543611111111111,69.6,0.004,3.19,1
2018,ADK90,Canoe,open,NA,5.543888888888889,58.7,0,2.76,6
2025,ADK90,Canoe,oc4stock,4,5.544222222222222,60.5,0.134,3.08,4
2010,ADK90,Canoe,oc4,10,5.546388888888889,58.4,0,3.89,4
2009,ADK90,Kayak,k2mix,2,5.546666666666667,60,0.185,4.03,2
2009,ADK90,Canoe,oc4mix,11,5.5472222222222225,60,0.185,4.03,4
2010,ADK90,Canoe,open,NA,5.5472222222222225,58.4,0,3.89,6
2010,ADK90,Kayak,k2mix,2,5.5472222222222225,58.4,0,3.89,2
2014,ADK90,Canoe,oc1stockveteran,1,5.5488888888888885,68.9,0.067,4.01,1
2008,ADK90,Canoe,oc2stockwomen,1,5.5488888888888885,70.2,0.323,4.58,2
2013,ADK90,Canoe,oc2stockmaster,6,5.549722222222222,57.4,0.047,4.6,2
2023,ADK90,Canoe,oc4stock,11,5.549805555555555,65.2,0,5,4
2010,ADK90,Canoe,oc2stockmixveteran,1,5.5505555555555555,58.4,0,3.89,2
2009,ADK90,Canoe,oc2stockveteran,2,5.551111111111111,60,0.185,4.03,2
2013,ADK90,Canoe,open,NA,5.5525,57.4,0.047,4.6,6
2014,ADK90,Canoe,oc2stockwomen,2,5.552777777777778,68.9,0.067,4.01,2
2023,ADK90,Canoe,oc2stockmaster,3,5.553472222222222,65.2,0,5,2
2023,ADK90,Canoe,oc2recgold,1,5.5537222222222224,65.2,0,5,2
2018,ADK90,Kayak,k1unlimited,2,5.554444444444444,58.7,0,2.76,1
2010,ADK90,Canoe,oc2stock,7,5.554722222222222,58.4,0,3.89,2
2009,ADK90,Kayak,k1tourveteran,3,5.5552777777777775,60,0.185,4.03,1
2023,ADK90,Canoe,oc4stockgoldnc,2,5.556055555555555,65.2,0,5,4
2012,ADK90,Canoe,oc2am,1,5.557777777777778,69.1,0.516,4.29,2
2012,ADK90,Canoe,oc2ammix,4,5.558333333333334,69.1,0.516,4.29,2
2021,ADK90,SUP,solorecveteran,2,5.558333333333334,60,0,5.13,1
2025,ADK90,Canoe,oc4stock,6,5.558722222222222,60.5,0.134,3.08,4
2023,ADK90,Canoe,oc4stockwomen,3,5.560250000000001,65.2,0,5,4
2009,ADK90,Kayak,k2women,2,5.561111111111111,60,0.185,4.03,2
2014,ADK90,Canoe,oc2stockmaster,6,5.5616666666666665,68.9,0.067,4.01,2
2014,ADK90,Canoe,oc1stockmaster,1,5.5625,68.9,0.067,4.01,1
2025,ADK90,Canoe,oc4stocknc,1,5.562666666666666,60.5,0.134,3.08,4
2014,ADK90,Canoe,open,NA,5.562777777777778,68.9,0.067,4.01,6
2016,ADK90,Kayak,k1tourwomen,1,5.563055555555556,69.6,0.004,3.19,1
2019,ADK90,SUP,superveterans,1,5.565277777777778,59.3,0.008,4.97,1
2024,ADK90,Guideboat,g2,2,5.565388888888889,59.6,0.768,4.26,2
2009,ADK90,Canoe,open,NA,5.565833333333333,60,0.185,4.03,6
2024,ADK90,Guideboat,g1master,1,5.566583333333334,59.6,0.768,4.26,1
2017,ADK90,Canoe,open,NA,5.567222222222222,52.8,0.02,5.46,6
2025,ADK90,Kayak,k2,3,5.567222222222222,60.5,0.134,3.08,2
2008,ADK90,Canoe,oc4,7,5.5680555555555555,70.2,0.323,4.58,4
2014,ADK90,Canoe,open,NA,5.57,68.9,0.067,4.01,6
2009,ADK90,Canoe,open,NA,5.570555555555556,60,0.185,4.03,6
2016,ADK90,Canoe,open,NA,5.570833333333334,69.6,0.004,3.19,6
2024,ADK90,Canoe,oc2stockmixveteran,4,5.570916666666666,59.6,0.768,4.26,2
2011,ADK90,Canoe,open,NA,5.571111111111111,62.9,0,7.28,6
2009,ADK90,Canoe,oc2stockmixmaster,7,5.5713888888888885,60,0.185,4.03,2
2018,ADK90,Canoe,oc2stockmaster,1,5.572777777777778,58.7,0,2.76,2
2023,ADK90,Canoe,oc2stockveteran,2,5.573499999999999,65.2,0,5,2
2014,ADK90,Canoe,oc2stockmix,5,5.575277777777778,68.9,0.067,4.01,2
2013,ADK90,Canoe,oc2stock,6,5.575277777777778,57.4,0.047,4.6,2
2015,ADK90,Canoe,open,NA,5.575555555555556,63,0.185,2.75,6
2017,ADK90,Canoe,open,NA,5.575833333333334,52.8,0.02,5.46,6
2014,ADK90,Canoe,open,NA,5.576666666666667,68.9,0.067,4.01,6
2015,ADK90,Canoe,oc4mix,11,5.577222222222222,63,0.185,2.75,4
2021,ADK90,Kayak,k1tourmaster,2,5.5777777777777775,60,0,5.13,1
2015,ADK90,Canoe,open,NA,5.578055555555555,63,0.185,2.75,6
2021,ADK90,Canoe,oc1veteran,1,5.578333333333333,60,0,5.13,1
2017,ADK90,Canoe,open,NA,5.578888888888889,52.8,0.02,5.46,6
2019,ADK90,Canoe,oc4stockmix,10,5.579444444444444,59.3,0.008,4.97,4
2012,ADK90,Guideboat,g2,3,5.5825,69.1,0.516,4.29,2
2019,ADK90,Kayak,k1tourmaster,4,5.582777777777777,59.3,0.008,4.97,1
2013,ADK90,Guideboat,g2,3,5.583055555555555,57.4,0.047,4.6,2
2015,ADK90,Canoe,oc2stock,9,5.583611111111111,63,0.185,2.75,2
2025,ADK90,Canoe,oc4stockmix,7,5.584361111111111,60.5,0.134,3.08,4
2011,ADK90,Canoe,oc2stockmaster,7,5.584444444444444,62.9,0,7.28,2
2012,ADK90,Canoe,oc2am,2,5.585277777777778,69.1,0.516,4.29,2
2011,ADK90,Guideboat,g2,4,5.585277777777778,62.9,0,7.28,2
2016,ADK90,Voyageur,voyageur,4,5.586111111111111,69.6,0.004,3.19,6
2025,ADK90,Canoe,oc2stockmaster,3,5.586222222222222,60.5,0.134,3.08,2
2011,ADK90,Guideboat,g2,5,5.586388888888889,62.9,0,7.28,2
2021,ADK90,Canoe,oc2stockmixmaster,3,5.586388888888889,60,0,5.13,2
2009,ADK90,Canoe,open,NA,5.586944444444445,60,0.185,4.03,6
2021,ADK90,Canoe,oc4stockwomenmaster,4,5.586944444444445,60,0,5.13,4
2014,ADK90,Canoe,oc2stockmaster,5,5.5872222222222225,68.9,0.067,4.01,2
2013,ADK90,Canoe,open,NA,5.5875,57.4,0.047,4.6,6
2016,ADK90,Canoe,open,NA,5.588333333333333,69.6,0.004,3.19,6
2018,ADK90,Canoe,oc2stock,1,5.588888888888889,58.7,0,2.76,2
2022,ADK90,Canoe,oc4stockmix,9,5.589611111111111,67.5,0,3.91,4
2014,ADK90,Canoe,oc2stock,7,5.59,68.9,0.067,4.01,2
2018,ADK90,Canoe,oc1rec,1,5.5905555555555555,58.7,0,2.76,1
2025,ADK90,Canoe,oc3stock,1,5.590972222222222,60.5,0.134,3.08,3
2011,ADK90,Canoe,open,NA,5.591111111111111,62.9,0,7.28,6
2009,ADK90,Canoe,oc2stockmixmaster,6,5.591388888888889,60,0.185,4.03,2
2015,ADK90,Canoe,oc4mix,10,5.591666666666667,63,0.185,2.75,4
2025,ADK90,Canoe,oc2stock,3,5.591861111111111,60.5,0.134,3.08,2
2015,ADK90,Canoe,open,NA,5.591944444444445,63,0.185,2.75,6
2019,ADK90,Canoe,oc1recveteran,1,5.591944444444445,59.3,0.008,4.97,1
2009,ADK90,Canoe,oc2stockmix,3,5.592222222222222,60,0.185,4.03,2
2012,ADK90,Kayak,k2,3,5.5925,69.1,0.516,4.29,2
2019,ADK90,Canoe,oc2jrsr,1,5.5925,59.3,0.008,4.97,2
2024,ADK90,Canoe,oc2stockmix,4,5.592694444444445,59.6,0.768,4.26,2
2014,ADK90,Canoe,oc2ammix,1,5.593333333333334,68.9,0.067,4.01,2
2010,ADK90,Canoe,open,NA,5.593333333333334,58.4,0,3.89,6
2023,ADK90,Canoe,oc2stockmaster,4,5.5937777777777775,65.2,0,5,2
2009,ADK90,Canoe,open,NA,5.5938888888888885,60,0.185,4.03,6
2024,ADK90,Kayak,k1sportmaster,5,5.594083333333334,59.6,0.768,4.26,1
2021,ADK90,Canoe,oc4stock,7,5.594722222222222,60,0,5.13,4
2023,ADK90,Canoe,oc2stockveteran,1,5.595638888888889,65.2,0,5,2
2014,ADK90,Canoe,open,NA,5.5969444444444445,68.9,0.067,4.01,6
2012,ADK90,Canoe,oc2stockmixmaster,4,5.598888888888889,69.1,0.516,4.29,2
2013,ADK90,Canoe,open,NA,5.6,57.4,0.047,4.6,6
2017,ADK90,Canoe,oc2stock,5,5.600555555555555,52.8,0.02,5.46,2
2024,ADK90,Canoe,oc2stock,7,5.600638888888889,59.6,0.768,4.26,2
2010,ADK90,Kayak,k2master,3,5.600833333333333,58.4,0,3.89,2
2022,ADK90,Kayak,k1unlimitedmaster,2,5.601388888888889,67.5,0,3.91,1
2014,ADK90,Canoe,open,NA,5.601944444444444,68.9,0.067,4.01,6
2012,ADK90,Canoe,oc2rec,2,5.602222222222222,69.1,0.516,4.29,2
2021,ADK90,Canoe,oc4stockmix,11,5.602777777777778,60,0,5.13,4
2014,ADK90,Canoe,oc2stockmix,6,5.6033333333333335,68.9,0.067,4.01,2
2023,ADK90,Canoe,oc2stockmixmaster,6,5.603361111111111,65.2,0,5,2
2023,ADK90,Kayak,k1master,7,5.603611111111111,65.2,0,5,1
2022,ADK90,Canoe,oc2stockmix,1,5.603722222222222,67.5,0,3.91,2
2022,ADK90,Canoe,oc4stockmix,10,5.605944444444445,67.5,0,3.91,4
2022,ADK90,Kayak,k1tournc,1,5.605972222222222,67.5,0,3.91,1
2016,ADK90,Canoe,oc2stockveteran,1,5.606388888888889,69.6,0.004,3.19,2
2008,ADK90,Guideboat,g2,5,5.606944444444444,70.2,0.323,4.58,2
2008,ADK90,Canoe,oc2amwomen,1,5.6075,70.2,0.323,4.58,2
2015,ADK90,Canoe,oc2stock,7,5.608055555555556,63,0.185,2.75,2
2011,ADK90,Canoe,open,NA,5.608611111111111,62.9,0,7.28,6
2010,ADK90,Canoe,open,NA,5.608888888888889,58.4,0,3.89,6
2008,ADK90,Canoe,oc4,8,5.609444444444445,70.2,0.323,4.58,4
2018,ADK90,Kayak,k1tour,3,5.610833333333333,58.7,0,2.76,1
2012,ADK90,Voyageur,voyageur,5,5.611111111111111,69.1,0.516,4.29,6
2014,ADK90,Canoe,oc1rec,5,5.6113888888888885,68.9,0.067,4.01,1
2016,ADK90,Canoe,oc2ammix,2,5.611944444444444,69.6,0.004,3.19,2
2015,ADK90,Canoe,open,NA,5.612777777777778,63,0.185,2.75,6
2015,ADK90,Kayak,k1unlimited,2,5.6130555555555555,63,0.185,2.75,1
2025,ADK90,Canoe,oc3stocktour,1,5.613638888888889,60.5,0.134,3.08,3
2010,ADK90,Canoe,oc2rec,1,5.613888888888889,58.4,0,3.89,2
2015,ADK90,Canoe,open,NA,5.614166666666667,63,0.185,2.75,6
2021,ADK90,Canoe,oc2,1,5.614444444444445,60,0,5.13,2
2008,ADK90,Canoe,open,NA,5.615277777777778,70.2,0.323,4.58,6
2008,ADK90,Canoe,open,NA,5.615555555555556,70.2,0.323,4.58,6
2008,ADK90,Canoe,oc4mix,10,5.616388888888889,70.2,0.323,4.58,4
2017,ADK90,Canoe,oc4mix,10,5.616944444444444,52.8,0.02,5.46,4
2022,ADK90,Canoe,oc2stockmastertour,1,5.6186388888888885,67.5,0,3.91,2
2010,ADK90,Canoe,oc2ammaster,5,5.620555555555556,58.4,0,3.89,2
2008,ADK90,Voyageur,voyageur,8,5.621666666666667,70.2,0.323,4.58,6
2008,ADK90,Canoe,oc2stock,6,5.622222222222222,70.2,0.323,4.58,2
2009,ADK90,Canoe,open,NA,5.623055555555555,60,0.185,4.03,6
2024,ADK90,Canoe,oc4stockmix,14,5.623083333333333,59.6,0.768,4.26,4
2019,ADK90,Canoe,oc4stock,6,5.623888888888889,59.3,0.008,4.97,4
2015,ADK90,Kayak,k1tourveteran,2,5.6258333333333335,63,0.185,2.75,1
2017,ADK90,Canoe,open,NA,5.626111111111111,52.8,0.02,5.46,6
2016,ADK90,Canoe,open,NA,5.626666666666667,69.6,0.004,3.19,6
2014,ADK90,Canoe,open,NA,5.627222222222223,68.9,0.067,4.01,6
2014,ADK90,Canoe,oc4mix,12,5.6275,68.9,0.067,4.01,4
2021,ADK90,Canoe,oc4stockmixmaster,5,5.628611111111111,60,0,5.13,4
2011,ADK90,Canoe,open,NA,5.6305555555555555,62.9,0,7.28,6
2012,ADK90,Canoe,oc2stockveteran,5,5.631388888888889,69.1,0.516,4.29,2
2023,ADK90,Kayak,k2mix,1,5.631749999999999,65.2,0,5,2
2011,ADK90,Canoe,oc1rec,3,5.6322222222222225,62.9,0,7.28,1
2012,ADK90,Guideboat,g2,4,5.6322222222222225,69.1,0.516,4.29,2
2011,ADK90,Canoe,open,NA,5.632777777777778,62.9,0,7.28,6
2008,ADK90,Canoe,oc2stock,8,5.6338888888888885,70.2,0.323,4.58,2
2017,ADK90,Canoe,oc2stockwomen,1,5.636666666666667,52.8,0.02,5.46,2
2015,ADK90,Canoe,open,NA,5.6369444444444445,63,0.185,2.75,6
2023,ADK90,Canoe,oc4stock,9,5.637444444444444,65.2,0,5,4
2025,ADK90,Canoe,oc2stockmix,2,5.637944444444444,60.5,0.134,3.08,2
2009,ADK90,Canoe,oc2stockveteran,3,5.638333333333334,60,0.185,4.03,2
2013,ADK90,Guideboat,g2women,1,5.638333333333334,57.4,0.047,4.6,2
2022,ADK90,Canoe,oc2,1,5.639833333333334,67.5,0,3.91,2
2011,ADK90,Guideboat,g1,1,5.640833333333333,62.9,0,7.28,1
2016,ADK90,Canoe,oc2stockveteran,2,5.641388888888889,69.6,0.004,3.19,2
2015,ADK90,Canoe,oc1am,1,5.642777777777778,63,0.185,2.75,1
2019,ADK90,Canoe,oc2stock,5,5.6433333333333335,59.3,0.008,4.97,2
2015,ADK90,Canoe,open,NA,5.644166666666667,63,0.185,2.75,6
2016,ADK90,Kayak,k1tourmaster,4,5.644722222222223,69.6,0.004,3.19,1
2017,ADK90,Canoe,open,NA,5.645,52.8,0.02,5.46,6
2024,ADK90,Canoe,oc2stockmaster,3,5.6451666666666664,59.6,0.768,4.26,2
2017,ADK90,Canoe,open,NA,5.645277777777777,52.8,0.02,5.46,6
2025,ADK90,Canoe,oc2stockmixveteran,2,5.645472222222223,60.5,0.134,3.08,2
2010,ADK90,Canoe,oc1am,2,5.645833333333333,58.4,0,3.89,1
2023,ADK90,Kayak,k1,1,5.6459166666666665,65.2,0,5,1
2019,ADK90,Canoe,oc2stockmaster,5,5.6466666666666665,59.3,0.008,4.97,2
2010,ADK90,Canoe,oc2ammix,4,5.647222222222222,58.4,0,3.89,2
2008,ADK90,Canoe,open,NA,5.6475,70.2,0.323,4.58,6
2010,ADK90,Canoe,oc4mix,10,5.6475,58.4,0,3.89,4
2012,ADK90,Canoe,oc2stockmixmaster,5,5.648333333333333,69.1,0.516,4.29,2
2010,ADK90,Kayak,k2women,2,5.649166666666667,58.4,0,3.89,2
2010,ADK90,Canoe,oc2stockmix,1,5.650555555555556,58.4,0,3.89,2
2024,ADK90,Canoe,oc2stockwomen,1,5.6506944444444445,59.6,0.768,4.26,2
2024,ADK90,Canoe,oc2stock,6,5.6506944444444445,59.6,0.768,4.26,2
2025,ADK90,Canoe,oc4stock,5,5.651,60.5,0.134,3.08,4
2019,ADK90,Canoe,oc1stock,1,5.651388888888889,59.3,0.008,4.97,1
2013,ADK90,Kayak,k2women,1,5.651388888888889,57.4,0.047,4.6,2
2008,ADK90,Canoe,open,NA,5.652222222222222,70.2,0.323,4.58,6
2023,ADK90,Canoe,oc2stockmixmaster,7,5.652722222222222,65.2,0,5,2
2022,ADK90,Canoe,oc4stocktournc,2,5.653583333333334,67.5,0,3.91,4
2024,ADK90,Canoe,oc2stockmixveteran,5,5.653833333333333,59.6,0.768,4.26,2
2017,ADK90,Canoe,open,NA,5.653888888888889,52.8,0.02,5.46,6
2024,ADK90,Canoe,oc2stockmix,5,5.654555555555556,59.6,0.768,4.26,2
2025,ADK90,Kayak,k1sportmaster,3,5.6552500000000006,60.5,0.134,3.08,1
2010,ADK90,Canoe,oc2stockmixveteran,2,5.655555555555556,58.4,0,3.89,2
2018,ADK90,Canoe,oc2am,1,5.655833333333334,58.7,0,2.76,2
2010,ADK90,Canoe,open,NA,5.6561111111111115,58.4,0,3.89,6
2014,ADK90,Guideboat,g2mix,1,5.657222222222222,68.9,0.067,4.01,2
2012,ADK90,Canoe,oc2stockmix,1,5.658333333333333,69.1,0.516,4.29,2
2021,ADK90,Canoe,oc4stockmix,13,5.658888888888889,60,0,5.13,4
2024,ADK90,Canoe,oc2recnc,1,5.6601944444444445,59.6,0.768,4.26,2
2013,ADK90,Guideboat,g2women,2,5.660555555555556,57.4,0.047,4.6,2
2022,ADK90,Canoe,oc4stocktournc,3,5.662583333333333,67.5,0,3.91,4
2014,ADK90,Canoe,open,NA,5.663055555555555,68.9,0.067,4.01,6
2012,ADK90,Canoe,open,NA,5.663055555555555,69.1,0.516,4.29,6
2009,ADK90,Canoe,oc2stockmix,4,5.664444444444444,60,0.185,4.03,2
2013,ADK90,Kayak,k2mix,4,5.664722222222222,57.4,0.047,4.6,2
2017,ADK90,Canoe,open,NA,5.664722222222222,52.8,0.02,5.46,6
2012,ADK90,Canoe,open,NA,5.666388888888889,69.1,0.516,4.29,6
2022,ADK90,Canoe,oc2stockmaster,3,5.666944444444445,67.5,0,3.91,2
2008,ADK90,Kayak,k1tour,4,5.667777777777777,70.2,0.323,4.58,1
2024,ADK90,Canoe,oc2stock,9,5.668305555555556,59.6,0.768,4.26,2
2016,ADK90,Guideboat,g2,1,5.668333333333333,69.6,0.004,3.19,2
2008,ADK90,Canoe,oc2family,2,5.669444444444444,70.2,0.323,4.58,2
2009,ADK90,Canoe,oc2stockmix,5,5.669722222222222,60,0.185,4.03,2
2017,ADK90,Guideboat,g2,1,5.67,52.8,0.02,5.46,2
2016,ADK90,Canoe,oc2rec,1,5.67,69.6,0.004,3.19,2
2022,ADK90,Canoe,oc4stock,7,5.670944444444445,67.5,0,3.91,4
2012,ADK90,Canoe,open,NA,5.671111111111111,69.1,0.516,4.29,6
2012,ADK90,Canoe,open,NA,5.671388888888889,69.1,0.516,4.29,6
2010,ADK90,Canoe,oc2stock,6,5.671666666666667,58.4,0,3.89,2
2024,ADK90,Guideboat,g2,1,5.672277777777778,59.6,0.768,4.26,2
2016,ADK90,Canoe,oc4women,3,5.6725,69.6,0.004,3.19,4
2018,ADK90,Kayak,k1tour,4,5.672777777777778,58.7,0,2.76,1
2022,ADK90,Canoe,oc4stockwomen,3,5.673444444444445,67.5,0,3.91,4
2015,ADK90,Guideboat,g2,2,5.6738888888888885,63,0.185,2.75,2
2019,ADK90,Canoe,oc4stockwomen,3,5.674722222222222,59.3,0.008,4.97,4
2025,ADK90,Canoe,oc2stockmaster,2,5.675861111111111,60.5,0.134,3.08,2
2017,ADK90,Canoe,open,NA,5.676111111111111,52.8,0.02,5.46,6
2021,ADK90,Kayak,k1unlimitedveteran,1,5.676111111111111,60,0,5.13,1
2016,ADK90,Canoe,open,NA,5.676111111111111,69.6,0.004,3.19,6
2010,ADK90,Canoe,oc1rec,4,5.678333333333334,58.4,0,3.89,1
2022,ADK90,Canoe,oc1stockmaster,2,5.678416666666666,67.5,0,3.91,1
2023,ADK90,Canoe,oc2stock,9,5.678583333333334,65.2,0,5,2
2010,ADK90,Canoe,oc1rec,5,5.6786111111111115,58.4,0,3.89,1
2022,ADK90,Canoe,oc2stockopen,7,5.680222222222222,67.5,0,3.91,2
2013,ADK90,Canoe,open,NA,5.681666666666667,57.4,0.047,4.6,6
2015,ADK90,Canoe,open,NA,5.682222222222222,63,0.185,2.75,6
2008,ADK90,Canoe,open,NA,5.682222222222222,70.2,0.323,4.58,6
2015,ADK90,Kayak,k1tourmaster,4,5.6825,63,0.185,2.75,1
2011,ADK90,Canoe,open,NA,5.6825,62.9,0,7.28,6
2024,ADK90,Canoe,oc3stocktourmix,3,5.6828055555555554,59.6,0.768,4.26,3
2014,ADK90,Canoe,open,NA,5.683055555555556,68.9,0.067,4.01,6
2024,ADK90,Canoe,oc2stockmixveteran,6,5.683694444444444,59.6,0.768,4.26,2
2019,ADK90,Canoe,oc2stockmaster,4,5.683888888888889,59.3,0.008,4.97,2
2025,ADK90,Canoe,oc1stock,1,5.684,60.5,0.134,3.08,1
2023,ADK90,Canoe,oc2stockveteran,3,5.684055555555555,65.2,0,5,2
2021,ADK90,SUP,solorecmaster,2,5.685,60,0,5.13,1
2010,ADK90,Kayak,k1tour,5,5.686388888888889,58.4,0,3.89,1
2021,ADK90,Canoe,oc2stockmaster,7,5.686388888888889,60,0,5.13,2
2012,ADK90,Canoe,oc4,6,5.687777777777778,69.1,0.516,4.29,4
2017,ADK90,Canoe,open,NA,5.687777777777778,52.8,0.02,5.46,6
2023,ADK90,Canoe,oc2stockmixnc,1,5.6905277777777785,65.2,0,5,2
2023,ADK90,Canoe,oc3stockmix,1,5.690555555555555,65.2,0,5,3
2023,ADK90,Canoe,oc1stockmaster,2,5.691333333333333,65.2,0,5,1
2010,ADK90,Canoe,oc4mix,11,5.691388888888889,58.4,0,3.89,4
2021,ADK90,Guideboat,g2,1,5.691666666666666,60,0,5.13,2
2011,ADK90,Canoe,oc2family,1,5.693611111111111,62.9,0,7.28,2
2024,ADK90,Canoe,oc4stockwomenmaster,4,5.694500000000001,59.6,0.768,4.26,4
2024,ADK90,Canoe,oc4stockmaster,6,5.694861111111111,59.6,0.768,4.26,4
2015,ADK90,Canoe,oc2ammix,2,5.695277777777778,63,0.185,2.75,2
2024,ADK90,Canoe,oc2stockveteran,2,5.6955833333333326,59.6,0.768,4.26,2
2009,ADK90,Canoe,open,NA,5.696111111111111,60,0.185,4.03,6
2013,ADK90,Voyageur,voyageur,6,5.697222222222222,57.4,0.047,4.6,6
2024,ADK90,Canoe,oc1stockveteran,1,5.697694444444445,59.6,0.768,4.26,1
2013,ADK90,Canoe,oc1stock,1,5.699166666666667,57.4,0.047,4.6,1
2008,ADK90,Canoe,oc2stock,10,5.6994444444444445,70.2,0.323,4.58,2
2016,ADK90,Canoe,open,NA,5.699722222222222,69.6,0.004,3.19,6
2008,ADK90,Canoe,oc2rec,3,5.700555555555556,70.2,0.323,4.58,2
2014,ADK90,Canoe,oc2amwomen,1,5.700555555555556,68.9,0.067,4.01,2
2009,ADK90,Canoe,oc2stockmixmaster,9,5.700833333333334,60,0.185,4.03,2
2022,ADK90,Guideboat,g1,1,5.700888888888889,67.5,0,3.91,1
2009,ADK90,Guideboat,g2,1,5.701388888888889,60,0.185,4.03,2
2012,ADK90,Canoe,open,NA,5.701666666666667,69.1,0.516,4.29,6
2019,ADK90,Canoe,oc2jrsr,2,5.702222222222222,59.3,0.008,4.97,2
2016,ADK90,Kayak,k1unlimited,2,5.7025,69.6,0.004,3.19,1
2010,ADK90,Canoe,oc2stockmixmaster,6,5.703888888888889,58.4,0,3.89,2
2015,ADK90,Canoe,oc2stockveteran,1,5.704166666666667,63,0.185,2.75,2
2015,ADK90,Canoe,oc2stockveteran,2,5.704444444444444,63,0.185,2.75,2
2010,ADK90,Canoe,oc2stock,5,5.704722222222222,58.4,0,3.89,2
2019,ADK90,Canoe,oc4open,6,5.704722222222222,59.3,0.008,4.97,4
2011,ADK90,Canoe,open,NA,5.705277777777778,62.9,0,7.28,6
2010,ADK90,Canoe,oc4mix,12,5.705555555555556,58.4,0,3.89,4
2011,ADK90,Canoe,oc2recmix,1,5.7058333333333335,62.9,0,7.28,2
2012,ADK90,Canoe,oc4mix,15,5.7058333333333335,69.1,0.516,4.29,4
2017,ADK90,Canoe,open,NA,5.708055555555555,52.8,0.02,5.46,6
2023,ADK90,Kayak,k2mix,2,5.708111111111111,65.2,0,5,2
2009,ADK90,Kayak,k2mix,3,5.711111111111111,60,0.185,4.03,2
2019,ADK90,Canoe,oc4open,5,5.711388888888889,59.3,0.008,4.97,4
2010,ADK90,Canoe,oc2stockmix,2,5.7125,58.4,0,3.89,2
2017,ADK90,Canoe,oc2stockmix,2,5.712777777777778,52.8,0.02,5.46,2
2023,ADK90,Canoe,oc2stock,8,5.712777777777778,65.2,0,5,2
2008,ADK90,Canoe,oc2ammixmaster,7,5.713333333333333,70.2,0.323,4.58,2
2016,ADK90,Canoe,open,NA,5.713333333333333,69.6,0.004,3.19,6
2023,ADK90,Kayak,k1womennc,1,5.714888888888889,65.2,0,5,1
2023,ADK90,Canoe,oc3stockwomen,1,5.715361111111111,65.2,0,5,3
2021,ADK90,SUP,solorecwomenmaster,1,5.716666666666667,60,0,5.13,1
2016,ADK90,Canoe,open,NA,5.716944444444445,69.6,0.004,3.19,6
2014,ADK90,Canoe,open,NA,5.7175,68.9,0.067,4.01,6
2024,ADK90,Canoe,oc1stock,2,5.717805555555556,59.6,0.768,4.26,1
2017,ADK90,Canoe,oc2stockveteran,2,5.719722222222222,52.8,0.02,5.46,2
2009,ADK90,Canoe,oc2rec,2,5.720277777777778,60,0.185,4.03,2
2009,ADK90,Canoe,oc2recmix,1,5.720277777777778,60,0.185,4.03,2
2014,ADK90,Canoe,open,NA,5.720833333333333,68.9,0.067,4.01,6
2012,ADK90,Canoe,open,NA,5.720833333333333,69.1,0.516,4.29,6
2010,ADK90,Canoe,oc2stockmaster,8,5.721388888888889,58.4,0,3.89,2
2011,ADK90,Canoe,oc1am,2,5.721666666666667,62.9,0,7.28,1
2013,ADK90,Canoe,oc4women,3,5.7225,57.4,0.047,4.6,4
2017,ADK90,Guideboat,g2mix,1,5.723611111111111,52.8,0.02,5.46,2
2022,ADK90,Canoe,oc2stockopen,6,5.724055555555555,67.5,0,3.91,2
2012,ADK90,Canoe,oc2rec,1,5.724444444444444,69.1,0.516,4.29,2
2011,ADK90,Canoe,open,NA,5.725,62.9,0,7.28,6
2024,ADK90,Canoe,oc2stock,10,5.727055555555556,59.6,0.768,4.26,2
2010,ADK90,Canoe,oc4mix,14,5.727777777777778,58.4,0,3.89,4
2011,ADK90,Canoe,oc1stock,3,5.729166666666667,62.9,0,7.28,1
2016,ADK90,Canoe,open,NA,5.729444444444445,69.6,0.004,3.19,6
2024,ADK90,Kayak,k1sportveteran,2,5.7300555555555555,59.6,0.768,4.26,1
2012,ADK90,Canoe,oc2rec,3,5.731111111111111,69.1,0.516,4.29,2
2010,ADK90,Guideboat,g2,3,5.731111111111111,58.4,0,3.89,2
2015,ADK90,Canoe,oc2stockmaster,4,5.731388888888889,63,0.185,2.75,2
2009,ADK90,Canoe,open,NA,5.731388888888889,60,0.185,4.03,6
2025,ADK90,Canoe,oc4stockwomen,1,5.732472222222222,60.5,0.134,3.08,4
2013,ADK90,Canoe,oc2rec,2,5.733055555555556,57.4,0.047,4.6,2
2014,ADK90,Canoe,open,NA,5.735,68.9,0.067,4.01,6
2008,ADK90,Canoe,oc4mix,11,5.7363888888888885,70.2,0.323,4.58,4
2011,ADK90,Canoe,oc2rec,5,5.7375,62.9,0,7.28,2
2025,ADK90,Canoe,oc4stock,7,5.738499999999999,60.5,0.134,3.08,4
2025,ADK90,Canoe,oc2stockmix,3,5.7388055555555555,60.5,0.134,3.08,2
2009,ADK90,Canoe,oc1rec,3,5.739166666666667,60,0.185,4.03,1
2009,ADK90,Canoe,oc1rec,2,5.739722222222222,60,0.185,4.03,1
2022,ADK90,Canoe,oc2stockmastertour,4,5.7402500000000005,67.5,0,3.91,2
2012,ADK90,Canoe,oc2ammix,3,5.740833333333334,69.1,0.516,4.29,2
2025,ADK90,Canoe,oc2stocknc,1,5.740888888888889,60.5,0.134,3.08,2
2016,ADK90,Canoe,oc2stockwomen,1,5.7411111111111115,69.6,0.004,3.19,2
2023,ADK90,Guideboat,g1,1,5.7412222222222224,65.2,0,5,1
2016,ADK90,Canoe,open,NA,5.7444444444444445,69.6,0.004,3.19,6
2025,ADK90,Canoe,oc2stockmixveteran,3,5.744916666666667,60.5,0.134,3.08,2
2010,ADK90,Canoe,open,NA,5.745,58.4,0,3.89,6
2018,ADK90,Canoe,open,NA,5.745555555555556,58.7,0,2.76,6
2025,ADK90,Kayak,k1open,2,5.745694444444444,60.5,0.134,3.08,1
2008,ADK90,Kayak,k1tour,5,5.746388888888889,70.2,0.323,4.58,1
2013,ADK90,Canoe,oc2stockmixmaster,3,5.746666666666667,57.4,0.047,4.6,2
2023,ADK90,Canoe,oc2stockmaster,5,5.747416666666667,65.2,0,5,2
2011,ADK90,Canoe,oc2rec,4,5.7475,62.9,0,7.28,2
2022,ADK90,Canoe,oc2,2,5.748361111111111,67.5,0,3.91,2
2017,ADK90,Canoe,open,NA,5.748611111111111,52.8,0.02,5.46,6
2018,ADK90,Canoe,oc4stockmix,4,5.748888888888889,58.7,0,2.76,4
2019,ADK90,Canoe,oc2stockmix,4,5.7491666666666665,59.3,0.008,4.97,2
2025,ADK90,Canoe,oc4stockmix,6,5.749638888888889,60.5,0.134,3.08,4
2022,ADK90,Canoe,oc2,NA,5.74975,67.5,0,3.91,2
2024,ADK90,Canoe,oc4open,5,5.750333333333334,59.6,0.768,4.26,4
2018,ADK90,Canoe,open,NA,5.750555555555556,58.7,0,2.76,6
2008,ADK90,Canoe,oc2stock,11,5.751388888888889,70.2,0.323,4.58,2
2024,ADK90,Canoe,oc1stockmaster,2,5.751722222222223,59.6,0.768,4.26,1
2023,ADK90,Kayak,k1veteran,2,5.752305555555555,65.2,0,5,1
2017,ADK90,Kayak,k1tour,3,5.753333333333333,52.8,0.02,5.46,1
2024,ADK90,Canoe,oc4stockncmix,1,5.754138888888889,59.6,0.768,4.26,4
2017,ADK90,Canoe,open,NA,5.754166666666666,52.8,0.02,5.46,6
2014,ADK90,Voyageur,voyageur,6,5.754722222222222,68.9,0.067,4.01,6
2014,ADK90,Voyageur,voyageur,7,5.754722222222222,68.9,0.067,4.01,6
2008,ADK90,Canoe,oc2stockmixmaster,4,5.755,70.2,0.323,4.58,2
2014,ADK90,Canoe,open,NA,5.755277777777778,68.9,0.067,4.01,6
2022,ADK90,Canoe,oc4stockmix,11,5.7556111111111115,67.5,0,3.91,4
2016,ADK90,Canoe,open,NA,5.756111111111111,69.6,0.004,3.19,6
2025,ADK90,Canoe,oc2stock,4,5.756166666666667,60.5,0.134,3.08,2
2012,ADK90,Canoe,oc2stock,6,5.756388888888889,69.1,0.516,4.29,2
2011,ADK90,Canoe,open,NA,5.756944444444445,62.9,0,7.28,6
2022,ADK90,Kayak,k1unlimitedveteran,2,5.757944444444444,67.5,0,3.91,1
2017,ADK90,Canoe,oc1recmaster,2,5.760277777777778,52.8,0.02,5.46,1
2009,ADK90,Canoe,oc2stock,7,5.760833333333333,60,0.185,4.03,2
2016,ADK90,Canoe,open,NA,5.761111111111111,69.6,0.004,3.19,6
2015,ADK90,Canoe,oc2stock,8,5.761666666666667,63,0.185,2.75,2
2013,ADK90,Kayak,k1tourwomen,1,5.7619444444444445,57.4,0.047,4.6,1
2009,ADK90,Guideboat,g1,1,5.762222222222222,60,0.185,4.03,1
2012,ADK90,Canoe,oc2stock,7,5.762222222222222,69.1,0.516,4.29,2
2023,ADK90,Canoe,oc1stock,1,5.763472222222222,65.2,0,5,1
2012,ADK90,Canoe,oc4mix,14,5.7652777777777775,69.1,0.516,4.29,4
2021,ADK90,Canoe,oc2rec,1,5.765555555555555,60,0,5.13,2
2010,ADK90,Canoe,open,NA,5.766944444444444,58.4,0,3.89,6
2019,ADK90,Guideboat,g1,2,5.7675,59.3,0.008,4.97,1
2014,ADK90,Canoe,open,NA,5.768611111111111,68.9,0.067,4.01,6
2012,ADK90,Canoe,oc2am,5,5.771111111111111,69.1,0.516,4.29,2
2015,ADK90,Canoe,oc2rec,1,5.771111111111111,63,0.185,2.75,2
2021,ADK90,Canoe,oc2stock,6,5.771111111111111,60,0,5.13,2
2009,ADK90,Kayak,k1unlimted,6,5.7716666666666665,60,0.185,4.03,1
2013,ADK90,Kayak,k1tour,3,5.771944444444444,57.4,0.047,4.6,1
2018,ADK90,Canoe,oc2stockmaster,2,5.772222222222222,58.7,0,2.76,2
2017,ADK90,Canoe,oc2stockmixmaster,3,5.773055555555556,52.8,0.02,5.46,2
2023,ADK90,Guideboat,g2mix,1,5.773305555555556,65.2,0,5,2
2010,ADK90,Canoe,oc2stockmix,3,5.7747222222222225,58.4,0,3.89,2
2009,ADK90,Canoe,oc2stock,8,5.775277777777778,60,0.185,4.03,2
2015,ADK90,Canoe,open,NA,5.776111111111111,63,0.185,2.75,6
2012,ADK90,Voyageur,voyageur,4,5.777222222222222,69.1,0.516,4.29,6
2008,ADK90,Kayak,k1women,6,5.777222222222222,70.2,0.323,4.58,1
2014,ADK90,Canoe,open,NA,5.7775,68.9,0.067,4.01,6
2016,ADK90,Kayak,k1tourveteran,2,5.7775,69.6,0.004,3.19,1
2023,ADK90,Canoe,oc2stock,11,5.780361111111111,65.2,0,5,2
2022,ADK90,Kayak,k1tournc,2,5.781,67.5,0,3.91,1
2013,ADK90,Canoe,open,NA,5.7813888888888885,57.4,0.047,4.6,6
2012,ADK90,Canoe,oc2amwomen,2,5.7813888888888885,69.1,0.516,4.29,2
2010,ADK90,Canoe,oc2rec,2,5.7813888888888885,58.4,0,3.89,2
2014,ADK90,Canoe,oc4open,5,5.781944444444444,68.9,0.067,4.01,4
2008,ADK90,Canoe,oc1rec,4,5.7825,70.2,0.323,4.58,1
2014,ADK90,Canoe,oc1stockmaster,2,5.7825,68.9,0.067,4.01,1
2016,ADK90,Canoe,open,NA,5.782777777777778,69.6,0.004,3.19,6
2014,ADK90,Canoe,open,NA,5.783055555555555,68.9,0.067,4.01,6
2015,ADK90,Kayak,k1tourveteran,3,5.783611111111111,63,0.185,2.75,1
2022,ADK90,Kayak,k1tourmaster,3,5.783972222222222,67.5,0,3.91,1
2022,ADK90,Canoe,oc2stockmaster,5,5.784027777777778,67.5,0,3.91,2
2012,ADK90,Canoe,open,NA,5.785833333333334,69.1,0.516,4.29,6
2021,ADK90,SUP,solorecveteran,3,5.786388888888889,60,0,5.13,1
2025,ADK90,Canoe,oc2stocknc,2,5.786444444444444,60.5,0.134,3.08,2
2015,ADK90,Canoe,open,NA,5.786944444444444,63,0.185,2.75,6
2017,ADK90,Canoe,open,NA,5.7877777777777775,52.8,0.02,5.46,6
2017,ADK90,Canoe,oc2stockmixmaster,2,5.788055555555555,52.8,0.02,5.46,2
2012,ADK90,Guideboat,g1,1,5.788611111111111,69.1,0.516,4.29,1
2013,ADK90,Canoe,open,NA,5.789166666666667,57.4,0.047,4.6,6
2025,ADK90,Canoe,oc4stockmix,8,5.789444444444444,60.5,0.134,3.08,4
2024,ADK90,Canoe,oc2stockmixmaster,4,5.7899722222222225,59.6,0.768,4.26,2
2018,ADK90,Canoe,oc2stock,2,5.790277777777778,58.7,0,2.76,2
2025,ADK90,Canoe,oc4stockmix,9,5.7915,60.5,0.134,3.08,4
2011,ADK90,Canoe,oc2stockmixmaster,7,5.791944444444445,62.9,0,7.28,2
2014,ADK90,Canoe,oc4,13,5.792222222222223,68.9,0.067,4.01,4
2016,ADK90,Canoe,oc2stock,4,5.793611111111111,69.6,0.004,3.19,2
2014,ADK90,Canoe,oc4mix,13,5.794444444444444,68.9,0.067,4.01,4
2018,ADK90,Canoe,oc2stockmixmaster,1,5.795,58.7,0,2.76,2
2024,ADK90,Kayak,k2nc,1,5.795083333333333,59.6,0.768,4.26,2
2017,ADK90,Canoe,oc1am,1,5.796666666666667,52.8,0.02,5.46,1
2011,ADK90,Canoe,oc4mix,17,5.797777777777778,62.9,0,7.28,4
2021,ADK90,Canoe,oc2stock,8,5.798055555555556,60,0,5.13,2
2025,ADK90,Canoe,oc4stock,8,5.799388888888888,60.5,0.134,3.08,4
2021,ADK90,SUP,solorec,2,5.799444444444444,60,0,5.13,1
2014,ADK90,Canoe,oc4women,2,5.800833333333333,68.9,0.067,4.01,4
2008,ADK90,Canoe,open,NA,5.801666666666667,70.2,0.323,4.58,6
2024,ADK90,Canoe,oc2stock,12,5.80175,59.6,0.768,4.26,2
2011,ADK90,Canoe,oc2stockwomen,1,5.803055555555556,62.9,0,7.28,2
2015,ADK90,Canoe,oc2stock,10,5.804166666666666,63,0.185,2.75,2
2022,ADK90,Canoe,oc4stockmix,12,5.804305555555556,67.5,0,3.91,4
2022,ADK90,Canoe,oc2stockopen,8,5.804694444444445,67.5,0,3.91,2
2013,ADK90,Guideboat,g2,4,5.806111111111111,57.4,0.047,4.6,2
2024,ADK90,Canoe,oc2stock,11,5.806611111111111,59.6,0.768,4.26,2
2015,ADK90,Canoe,oc2stockmixmaster,4,5.806666666666667,63,0.185,2.75,2
2015,ADK90,Voyageur,voyageur,5,5.8075,63,0.185,2.75,6
2009,ADK90,Canoe,oc2ammix,6,5.807777777777778,60,0.185,4.03,2
2010,ADK90,Canoe,oc2stockmaster,6,5.808055555555556,58.4,0,3.89,2
2014,ADK90,Voyageur,voyageur,5,5.808333333333334,68.9,0.067,4.01,6
2015,ADK90,Canoe,oc2stockwomen,1,5.808611111111111,63,0.185,2.75,2
2008,ADK90,Canoe,open,NA,5.808888888888889,70.2,0.323,4.58,6
2022,ADK90,Canoe,oc2rec,1,5.809694444444445,67.5,0,3.91,2
2015,ADK90,Canoe,oc4,5,5.810277777777777,63,0.185,2.75,4
2009,ADK90,Canoe,oc2ammix,5,5.810277777777777,60,0.185,4.03,2
2012,ADK90,Canoe,open,NA,5.810277777777777,69.1,0.516,4.29,6
2012,ADK90,Guideboat,g1,2,5.810555555555555,69.1,0.516,4.29,1
2014,ADK90,Canoe,open,NA,5.8133333333333335,68.9,0.067,4.01,6
2008,ADK90,Canoe,open,NA,5.813611111111111,70.2,0.323,4.58,6
2013,ADK90,Canoe,oc2stockmix,3,5.813611111111111,57.4,0.047,4.6,2
2014,ADK90,Canoe,oc2rec,1,5.815277777777778,68.9,0.067,4.01,2
2025,ADK90,Canoe,oc2stock,6,5.816083333333334,60.5,0.134,3.08,2
2015,ADK90,Canoe,open,NA,5.816666666666666,63,0.185,2.75,6
2021,ADK90,Canoe,oc2stock,7,5.816666666666666,60,0,5.13,2
2024,ADK90,Canoe,oc3stocktourmix,4,5.816833333333333,59.6,0.768,4.26,3
2018,ADK90,Canoe,open,NA,5.816944444444444,58.7,0,2.76,6
2021,ADK90,Canoe,oc4stockmaster,4,5.816944444444444,60,0,5.13,4
2009,ADK90,Canoe,oc2stockmixmaster,8,5.818611111111111,60,0.185,4.03,2
2008,ADK90,Canoe,oc2stock,7,5.819444444444445,70.2,0.323,4.58,2
2008,ADK90,Canoe,oc2stockwomen,2,5.82,70.2,0.323,4.58,2
2014,ADK90,Canoe,open,NA,5.821111111111111,68.9,0.067,4.01,6
2008,ADK90,Canoe,oc1rec,5,5.821111111111111,70.2,0.323,4.58,1
2012,ADK90,Canoe,oc4women,1,5.821666666666666,69.1,0.516,4.29,4
2022,ADK90,Canoe,oc4stockmix,14,5.821972222222222,67.5,0,3.91,4
2009,ADK90,Canoe,open,NA,5.822777777777778,60,0.185,4.03,6
2014,ADK90,Canoe,open,NA,5.823055555555555,68.9,0.067,4.01,6
2025,ADK90,Canoe,oc4stocknc,2,5.824916666666667,60.5,0.134,3.08,4
2023,ADK90,Canoe,oc2stockgoldmixnc,2,5.824972222222223,65.2,0,5,2
2011,ADK90,Canoe,open,NA,5.825277777777778,62.9,0,7.28,6
2011,ADK90,Kayak,k1tour,2,5.825555555555556,62.9,0,7.28,1
2008,ADK90,Canoe,open,NA,5.8261111111111115,70.2,0.323,4.58,6
2014,ADK90,Canoe,oc1rec,6,5.826666666666667,68.9,0.067,4.01,1
2009,ADK90,Kayak,k1tourmaster,2,5.826666666666667,60,0.185,4.03,1
2021,ADK90,SUP,solorecveteran,5,5.8275,60,0,5.13,1
2012,ADK90,Canoe,oc4mix,13,5.828055555555555,69.1,0.516,4.29,4
2016,ADK90,Kayak,k1tourmaster,5,5.828055555555555,69.6,0.004,3.19,1
2008,ADK90,Kayak,k1women,8,5.83,70.2,0.323,4.58,1
2012,ADK90,Kayak,k1tour,3,5.83,69.1,0.516,4.29,1
2021,ADK90,Guideboat,g1,1,5.83,60,0,5.13,1
2013,ADK90,Canoe,oc2stockmaster,7,5.83,57.4,0.047,4.6,2
2011,ADK90,Canoe,open,NA,5.830277777777778,62.9,0,7.28,6
2017,ADK90,Canoe,oc2stocksuperveteran,1,5.831388888888889,52.8,0.02,5.46,2
2011,ADK90,Canoe,oc2stock,8,5.8325,62.9,0,7.28,2
2013,ADK90,Canoe,open,NA,5.833055555555555,57.4,0.047,4.6,6
2011,ADK90,Canoe,open,NA,5.833611111111111,62.9,0,7.28,6
2024,ADK90,Canoe,oc4stockmix,16,5.83375,59.6,0.768,4.26,4
2021,ADK90,Canoe,oc2stockmix,3,5.833888888888889,60,0,5.13,2
2009,ADK90,Canoe,oc2rec,5,5.834722222222222,60,0.185,4.03,2
2024,ADK90,Canoe,oc4stocktourmix,3,5.837777777777778,59.6,0.768,4.26,4
2017,ADK90,Canoe,oc1stockmaster,1,5.838055555555556,52.8,0.02,5.46,1
2022,ADK90,Canoe,oc2stockmixmaster,4,5.83875,67.5,0,3.91,2
2016,ADK90,Canoe,oc1am,2,5.838888888888889,69.6,0.004,3.19,1
2015,ADK90,Canoe,open,NA,5.840277777777778,63,0.185,2.75,6
2017,ADK90,Canoe,open,NA,5.8405555555555555,52.8,0.02,5.46,6
2024,ADK90,Kayak,k1sportmaster,6,5.8405555555555555,59.6,0.768,4.26,1
2014,ADK90,Canoe,open,NA,5.841388888888889,68.9,0.067,4.01,6
2012,ADK90,Canoe,open,NA,5.843055555555556,69.1,0.516,4.29,6
2014,ADK90,Canoe,open,NA,5.843055555555556,68.9,0.067,4.01,6
2009,ADK90,Canoe,oc2stock,9,5.843055555555556,60,0.185,4.03,2
2024,ADK90,Canoe,oc4stockmix,15,5.843194444444444,59.6,0.768,4.26,4
2024,ADK90,Canoe,oc4stockmaster,7,5.844027777777778,59.6,0.768,4.26,4
2023,ADK90,Canoe,oc2stockgoldmixnc,1,5.844222222222222,65.2,0,5,2
2011,ADK90,Canoe,open,NA,5.844722222222222,62.9,0,7.28,6
2011,ADK90,Guideboat,g1,2,5.845,62.9,0,7.28,1
2022,ADK90,Canoe,oc2stockmastertour,2,5.845361111111111,67.5,0,3.91,2
2015,ADK90,Canoe,oc2rec,3,5.845555555555555,63,0.185,2.75,2
2012,ADK90,Canoe,oc1stock,1,5.845555555555555,69.1,0.516,4.29,1
2009,ADK90,Canoe,oc2stockmaster,7,5.846666666666667,60,0.185,4.03,2
2022,ADK90,Guideboat,g2,1,5.847277777777778,67.5,0,3.91,2
2023,ADK90,Kayak,k2mix,3,5.847416666666667,65.2,0,5,2
2017,ADK90,Canoe,open,NA,5.8475,52.8,0.02,5.46,6
2013,ADK90,Canoe,open,NA,5.848333333333334,57.4,0.047,4.6,6
2013,ADK90,Canoe,open,NA,5.848611111111111,57.4,0.047,4.6,6
2011,ADK90,Canoe,oc2stockveteran,10,5.849722222222222,62.9,0,7.28,2
2010,ADK90,Canoe,oc4,8,5.850555555555555,58.4,0,3.89,4
2024,ADK90,Canoe,oc4open,6,5.852305555555556,59.6,0.768,4.26,4
2017,ADK90,Canoe,open,NA,5.853888888888889,52.8,0.02,5.46,6
2014,ADK90,Guideboat,g2,1,5.854166666666667,68.9,0.067,4.01,2
2019,ADK90,Kayak,k2,4,5.854166666666667,59.3,0.008,4.97,2
2023,ADK90,Canoe,oc2stockmix,3,5.855250000000001,65.2,0,5,2
2017,ADK90,Canoe,open,NA,5.855277777777777,52.8,0.02,5.46,6
2019,ADK90,Canoe,oc2rec,1,5.855277777777777,59.3,0.008,4.97,2
2023,ADK90,Canoe,oc1stock,2,5.855833333333333,65.2,0,5,1
2021,ADK90,Guideboat,g2,3,5.855833333333333,60,0,5.13,2
2021,ADK90,SUP,solorec,3,5.856111111111111,60,0,5.13,1
2023,ADK90,Canoe,oc3stockmixnc,1,5.8566666666666665,65.2,0,5,3
2010,ADK90,Canoe,open,NA,5.857222222222222,58.4,0,3.89,6
2018,ADK90,Canoe,open,NA,5.857777777777778,58.7,0,2.76,6
2025,ADK90,Canoe,oc4stockwomen,2,5.859111111111111,60.5,0.134,3.08,4
2024,ADK90,Canoe,oc1stockveteran,2,5.860777777777778,59.6,0.768,4.26,1
2024,ADK90,Canoe,oc4stocktourmix,2,5.860833333333333,59.6,0.768,4.26,4
2015,ADK90,Canoe,open,NA,5.8625,63,0.185,2.75,6
2023,ADK90,Canoe,oc4stockmix,14,5.862527777777777,65.2,0,5,4
2010,ADK90,Canoe,oc2stock,8,5.863888888888889,58.4,0,3.89,2
2022,ADK90,Canoe,oc2stocktour,1,5.864111111111111,67.5,0,3.91,2
2018,ADK90,Canoe,oc4stockmix,6,5.865,58.7,0,2.76,4
2022,ADK90,Canoe,oc4stockwomen,4,5.865555555555556,67.5,0,3.91,4
2010,ADK90,Canoe,open,NA,5.8661111111111115,58.4,0,3.89,6
2013,ADK90,Canoe,open,NA,5.866944444444444,57.4,0.047,4.6,6
2009,ADK90,Canoe,oc2stockwomen,2,5.868888888888889,60,0.185,4.03,2
2016,ADK90,Canoe,open,NA,5.870833333333334,69.6,0.004,3.19,6
2016,ADK90,Canoe,oc2rec,2,5.871111111111111,69.6,0.004,3.19,2
2015,ADK90,Canoe,open,NA,5.872777777777777,63,0.185,2.75,6
2012,ADK90,Kayak,k2women,1,5.872777777777777,69.1,0.516,4.29,2
2012,ADK90,Canoe,oc4,7,5.873333333333333,69.1,0.516,4.29,4
2015,ADK90,Canoe,open,NA,5.874444444444444,63,0.185,2.75,6
2014,ADK90,Kayak,k1tour,2,5.876666666666667,68.9,0.067,4.01,1
2021,ADK90,SUP,solorec,4,5.876944444444445,60,0,5.13,1
2012,ADK90,Canoe,open,NA,5.8775,69.1,0.516,4.29,6
2018,ADK90,Kayak,k1tour,5,5.877777777777778,58.7,0,2.76,1
2011,ADK90,Canoe,open,NA,5.878888888888889,62.9,0,7.28,6
2010,ADK90,Canoe,open,NA,5.879166666666666,58.4,0,3.89,6
2018,ADK90,Canoe,open,NA,5.879722222222222,58.7,0,2.76,6
2023,ADK90,Canoe,oc1stockveteran,2,5.879944444444444,65.2,0,5,1
2008,ADK90,Canoe,oc1stock,4,5.88,70.2,0.323,4.58,1
2022,ADK90,Canoe,oc2stockmix,2,5.88,67.5,0,3.91,2
2012,ADK90,Canoe,open,NA,5.881944444444445,69.1,0.516,4.29,6
2008,ADK90,Canoe,oc2stock,9,5.883611111111111,70.2,0.323,4.58,2
2024,ADK90,Canoe,oc2stockmix,6,5.883944444444444,59.6,0.768,4.26,2
2022,ADK90,Canoe,oc2stockmastertour,3,5.884,67.5,0,3.91,2
2015,ADK90,Canoe,open,NA,5.884166666666666,63,0.185,2.75,6
2011,ADK90,Canoe,oc2recmix,2,5.886666666666667,62.9,0,7.28,2
2016,ADK90,Canoe,oc2am,3,5.886666666666667,69.6,0.004,3.19,2
2022,ADK90,Canoe,oc4stock,8,5.887277777777778,67.5,0,3.91,4
2010,ADK90,Canoe,oc1rec,6,5.8875,58.4,0,3.89,1
2010,ADK90,Guideboat,g2,5,5.888055555555556,58.4,0,3.89,2
2016,ADK90,Canoe,open,NA,5.889166666666667,69.6,0.004,3.19,6
2018,ADK90,Canoe,open,NA,5.890555555555555,58.7,0,2.76,6
2018,ADK90,Canoe,oc2ammix,1,5.891111111111111,58.7,0,2.76,2
2008,ADK90,Canoe,oc1rec,3,5.891388888888889,70.2,0.323,4.58,1
2009,ADK90,Canoe,oc1stock,3,5.891666666666667,60,0.185,4.03,1
2008,ADK90,Kayak,k2,6,5.891666666666667,70.2,0.323,4.58,2
2008,ADK90,Canoe,open,NA,5.892222222222222,70.2,0.323,4.58,6
2016,ADK90,Guideboat,g1,2,5.892777777777778,69.6,0.004,3.19,1
2023,ADK90,Canoe,oc1stockmaster,3,5.8933333333333335,65.2,0,5,1
2012,ADK90,Canoe,oc2am,3,5.894722222222223,69.1,0.516,4.29,2
2017,ADK90,Guideboat,g1,2,5.894722222222223,52.8,0.02,5.46,1
2021,ADK90,Canoe,oc2stockveteran,1,5.894722222222223,60,0,5.13,2
2013,ADK90,Canoe,open,NA,5.895,57.4,0.047,4.6,6
2024,ADK90,Canoe,oc4stockmix,17,5.8951666666666664,59.6,0.768,4.26,4
2013,ADK90,Canoe,oc4,15,5.8966666666666665,57.4,0.047,4.6,4
2008,ADK90,Canoe,oc4mix,12,5.896944444444444,70.2,0.323,4.58,4
2015,ADK90,Canoe,open,NA,5.896944444444444,63,0.185,2.75,6
2023,ADK90,Canoe,oc2stock,10,5.897611111111112,65.2,0,5,2
2018,ADK90,Canoe,oc2stockmaster,3,5.898888888888889,58.7,0,2.76,2
2021,ADK90,Guideboat,g2,2,5.899166666666667,60,0,5.13,2
2014,ADK90,Canoe,open,NA,5.899444444444445,68.9,0.067,4.01,6
2013,ADK90,Canoe,open,NA,5.9,57.4,0.047,4.6,6
2009,ADK90,Canoe,open,NA,5.900277777777778,60,0.185,4.03,6
2015,ADK90,Canoe,open,NA,5.900833333333333,63,0.185,2.75,6
2009,ADK90,Canoe,oc2stockmaster,8,5.9025,60,0.185,4.03,2
2016,ADK90,Canoe,open,NA,5.9025,69.6,0.004,3.19,6
2009,ADK90,Canoe,oc2stockmix,6,5.902777777777778,60,0.185,4.03,2
2015,ADK90,Guideboat,g1,1,5.903333333333333,63,0.185,2.75,1
2022,ADK90,Canoe,oc4stocktour,2,5.903694444444445,67.5,0,3.91,4
2010,ADK90,Canoe,oc2stockmixveteran,3,5.903888888888889,58.4,0,3.89,2
2010,ADK90,Canoe,oc2ammix,5,5.904166666666667,58.4,0,3.89,2
2025,ADK90,Canoe,oc2stocknc,3,5.90425,60.5,0.134,3.08,2
2023,ADK90,Kayak,k1veteran,3,5.905888888888889,65.2,0,5,1
2025,ADK90,Canoe,oc4stock,9,5.906027777777778,60.5,0.134,3.08,4
2014,ADK90,Canoe,oc2stockmaster,7,5.9061111111111115,68.9,0.067,4.01,2
2009,ADK90,Canoe,open,NA,5.906666666666666,60,0.185,4.03,6
2016,ADK90,Canoe,open,NA,5.908055555555555,69.6,0.004,3.19,6
2011,ADK90,Canoe,open,NA,5.908611111111111,62.9,0,7.28,6
2016,ADK90,Canoe,oc2stockmixveteran,2,5.9094444444444445,69.6,0.004,3.19,2
2010,ADK90,Canoe,oc2ammix,6,5.909722222222222,58.4,0,3.89,2
2013,ADK90,Canoe,open,NA,5.909722222222222,57.4,0.047,4.6,6
2015,ADK90,Canoe,open,NA,5.91,63,0.185,2.75,6
2016,ADK90,Canoe,open,NA,5.91,69.6,0.004,3.19,6
2013,ADK90,Canoe,oc2stockwomen,1,5.910277777777778,57.4,0.047,4.6,2
2023,ADK90,Canoe,oc1stockmaster,4,5.910833333333334,65.2,0,5,1
2017,ADK90,Canoe,oc2stock,7,5.911111111111111,52.8,0.02,5.46,2
2017,ADK90,Canoe,open,NA,5.911388888888889,52.8,0.02,5.46,6
2019,ADK90,Canoe,oc4stockmix,11,5.912222222222222,59.3,0.008,4.97,4
2022,ADK90,Canoe,oc1stockveteran,1,5.912416666666667,67.5,0,3.91,1
2011,ADK90,Canoe,open,NA,5.913055555555555,62.9,0,7.28,6
2023,ADK90,Guideboat,g2,1,5.914583333333334,65.2,0,5,2
2011,ADK90,Guideboat,g2,6,5.915,62.9,0,7.28,2
2008,ADK90,Canoe,open,NA,5.915555555555556,70.2,0.323,4.58,6
2009,ADK90,Canoe,oc2stockmixmaster,10,5.916666666666667,60,0.185,4.03,2
2023,ADK90,Canoe,oc4stock,12,5.918138888888889,65.2,0,5,4
2010,ADK90,Guideboat,g2,4,5.918888888888889,58.4,0,3.89,2
2016,ADK90,Canoe,open,NA,5.9191666666666665,69.6,0.004,3.19,6
2014,ADK90,Canoe,open,NA,5.9191666666666665,68.9,0.067,4.01,6
2011,ADK90,Canoe,open,NA,5.9191666666666665,62.9,0,7.28,6
2017,ADK90,Canoe,oc4mix,11,5.919722222222222,52.8,0.02,5.46,4
2015,ADK90,Kayak,k2,1,5.921111111111111,63,0.185,2.75,2
2016,ADK90,Kayak,k1tourveteran,3,5.921111111111111,69.6,0.004,3.19,1
2010,ADK90,Canoe,oc1rec,7,5.921388888888889,58.4,0,3.89,1
2022,ADK90,Canoe,oc2stocktour,2,5.921444444444445,67.5,0,3.91,2
2008,ADK90,Canoe,open,NA,5.921666666666667,70.2,0.323,4.58,6
2008,ADK90,Guideboat,g2,6,5.924166666666666,70.2,0.323,4.58,2
2018,ADK90,Canoe,open,NA,5.926388888888889,58.7,0,2.76,6
2012,ADK90,Canoe,open,NA,5.926944444444445,69.1,0.516,4.29,6
2011,ADK90,Canoe,oc4women,3,5.927777777777778,62.9,0,7.28,4
2025,ADK90,Canoe,oc4open,5,5.927861111111111,60.5,0.134,3.08,4
2011,ADK90,Canoe,open,NA,5.929444444444444,62.9,0,7.28,6
2025,ADK90,Canoe,oc2openmix,2,5.9295277777777775,60.5,0.134,3.08,2
2024,ADK90,Canoe,oc2rec,1,5.929583333333333,59.6,0.768,4.26,2
2017,ADK90,Canoe,open,NA,5.93,52.8,0.02,5.46,6
2022,ADK90,Canoe,oc4stock,10,5.931444444444445,67.5,0,3.91,4
2017,ADK90,Canoe,oc1recmaster,3,5.931666666666667,52.8,0.02,5.46,1
2023,ADK90,Canoe,oc2rec,1,5.932611111111112,65.2,0,5,2
2018,ADK90,Canoe,oc4stockmix,5,5.932777777777778,58.7,0,2.76,4
2016,ADK90,Canoe,open,NA,5.933888888888889,69.6,0.004,3.19,6
2014,ADK90,Canoe,oc1rec,8,5.934722222222222,68.9,0.067,4.01,1
2016,ADK90,Canoe,open,NA,5.935555555555555,69.6,0.004,3.19,6
2023,ADK90,Canoe,oc4stockgoldnc,3,5.937777777777778,65.2,0,5,4
2017,ADK90,Canoe,open,NA,5.939722222222223,52.8,0.02,5.46,6
2009,ADK90,Guideboat,g2,2,5.94,60,0.185,4.03,2
2013,ADK90,Canoe,open,NA,5.944166666666667,57.4,0.047,4.6,6
2024,ADK90,Canoe,oc2rec,3,5.945805555555556,59.6,0.768,4.26,2
2010,ADK90,Canoe,oc2rec,3,5.945833333333334,58.4,0,3.89,2
2018,ADK90,Canoe,oc4stockwomen,1,5.946111111111111,58.7,0,2.76,4
2012,ADK90,Canoe,oc2stockmixmaster,7,5.946666666666666,69.1,0.516,4.29,2
2010,ADK90,Canoe,oc2stockmaster,7,5.946666666666666,58.4,0,3.89,2
2014,ADK90,Canoe,open,NA,5.948055555555555,68.9,0.067,4.01,6
2009,ADK90,Voyageur,voyageur,7,5.948611111111111,60,0.185,4.03,6
2014,ADK90,Canoe,open,NA,5.9494444444444445,68.9,0.067,4.01,6
2012,ADK90,Canoe,open,NA,5.95,69.1,0.516,4.29,6
2008,ADK90,Kayak,k2,5,5.950555555555556,70.2,0.323,4.58,2
2024,ADK90,Canoe,oc2openmaster,2,5.950777777777778,59.6,0.768,4.26,2
2015,ADK90,Canoe,oc2stockmix,1,5.950833333333334,63,0.185,2.75,2
2017,ADK90,Canoe,open,NA,5.9511111111111115,52.8,0.02,5.46,6
2008,ADK90,Canoe,open,NA,5.951666666666667,70.2,0.323,4.58,6
2019,ADK90,Guideboat,g2mix,1,5.953055555555555,59.3,0.008,4.97,2
2015,ADK90,Canoe,open,NA,5.954166666666667,63,0.185,2.75,6
2018,ADK90,Kayak,k1unlimited,3,5.954444444444444,58.7,0,2.76,1
2012,ADK90,Canoe,open,NA,5.9558333333333335,69.1,0.516,4.29,6
2011,ADK90,Voyageur,voyageur,6,5.9558333333333335,62.9,0,7.28,6
2014,ADK90,Canoe,open,NA,5.957222222222223,68.9,0.067,4.01,6
2022,ADK90,Canoe,oc2stockmix,3,5.958555555555555,67.5,0,3.91,2
2022,ADK90,Canoe,oc4stock,9,5.958666666666667,67.5,0,3.91,4
2025,ADK90,Canoe,oc2stock,8,5.959138888888889,60.5,0.134,3.08,2
2009,ADK90,Canoe,oc2stockveteran,4,5.960833333333333,60,0.185,4.03,2
2012,ADK90,Canoe,open,NA,5.961666666666667,69.1,0.516,4.29,6
2013,ADK90,Canoe,oc2stock,7,5.961666666666667,57.4,0.047,4.6,2
2022,ADK90,Guideboat,g2master,1,5.963305555555556,67.5,0,3.91,2
2023,ADK90,Kayak,k2,3,5.963861111111112,65.2,0,5,2
2008,ADK90,Canoe,oc1stock,5,5.964166666666666,70.2,0.323,4.58,1
2021,ADK90,Canoe,oc2stockmix,4,5.964166666666666,60,0,5.13,2
2009,ADK90,Canoe,oc2rec,4,5.964444444444444,60,0.185,4.03,2
2016,ADK90,Canoe,oc2stock,5,5.965277777777778,69.6,0.004,3.19,2
2023,ADK90,Canoe,oc4stockmix,13,5.9657222222222215,65.2,0,5,4
2024,ADK90,Canoe,oc4stocknc,2,5.966972222222222,59.6,0.768,4.26,4
2019,ADK90,Canoe,oc1recmaster,1,5.9675,59.3,0.008,4.97,1
2025,ADK90,Canoe,oc2stock,5,5.968555555555556,60.5,0.134,3.08,2
2021,ADK90,Guideboat,g2,6,5.9688888888888885,60,0,5.13,2
2016,ADK90,Canoe,open,NA,5.969166666666666,69.6,0.004,3.19,6
2019,ADK90,Canoe,oc4stock,7,5.97,59.3,0.008,4.97,4
2009,ADK90,Canoe,open,NA,5.97,60,0.185,4.03,6
2017,ADK90,Canoe,oc2stock,8,5.97,52.8,0.02,5.46,2
2015,ADK90,Canoe,open,NA,5.970277777777778,63,0.185,2.75,6
2015,ADK90,Kayak,k1tourmaster,5,5.970833333333333,63,0.185,2.75,1
2011,ADK90,Canoe,oc1am,4,5.970833333333333,62.9,0,7.28,1
2013,ADK90,Canoe,open,NA,5.971111111111111,57.4,0.047,4.6,6
2023,ADK90,Canoe,oc4stockmix,15,5.971666666666667,65.2,0,5,4
2024,ADK90,Kayak,k1sportncwomen,1,5.972305555555556,59.6,0.768,4.26,1
2010,ADK90,Canoe,oc4mix,13,5.972777777777778,58.4,0,3.89,4
2017,ADK90,Canoe,oc1recmaster,4,5.973611111111111,52.8,0.02,5.46,1
2008,ADK90,Canoe,oc2rec,4,5.974166666666667,70.2,0.323,4.58,2
2008,ADK90,Kayak,k1women,7,5.974166666666667,70.2,0.323,4.58,1
2010,ADK90,Canoe,oc2stockmix,4,5.974444444444444,58.4,0,3.89,2
2016,ADK90,Voyageur,voyageur,5,5.974444444444444,69.6,0.004,3.19,6
2017,ADK90,Canoe,open,NA,5.975,52.8,0.02,5.46,6
2023,ADK90,Canoe,oc4stockwomen,4,5.975138888888889,65.2,0,5,4
2025,ADK90,Canoe,oc3stockmix,2,5.9759722222222225,60.5,0.134,3.08,3
2024,ADK90,Canoe,oc2stockmaster,4,5.9774722222222225,59.6,0.768,4.26,2
2013,ADK90,Canoe,opensuperveteran,1,5.978888888888889,57.4,0.047,4.6,6
2010,ADK90,Canoe,oc2stockveteran,4,5.979722222222223,58.4,0,3.89,2
2012,ADK90,Canoe,open,NA,5.98,69.1,0.516,4.29,6
2015,ADK90,Canoe,oc2stockmaster,5,5.980555555555555,63,0.185,2.75,2
2013,ADK90,Canoe,open,NA,5.980833333333333,57.4,0.047,4.6,6
2024,ADK90,Guideboat,g2mix,1,5.981333333333333,59.6,0.768,4.26,2
2015,ADK90,Canoe,open,NA,5.9816666666666665,63,0.185,2.75,6
2008,ADK90,Canoe,open,NA,5.9825,70.2,0.323,4.58,6
2012,ADK90,Canoe,oc2stockwomen,1,5.982777777777778,69.1,0.516,4.29,2
2008,ADK90,Guideboat,g2mix,1,5.983055555555556,70.2,0.323,4.58,2
2009,ADK90,Kayak,k1tourmaster,4,5.983055555555556,60,0.185,4.03,1
2014,ADK90,Canoe,oc1rec,7,5.983333333333333,68.9,0.067,4.01,1
2023,ADK90,Canoe,oc4stocknc,1,5.984305555555555,65.2,0,5,4
2010,ADK90,Canoe,oc2rec,4,5.9847222222222225,58.4,0,3.89,2
2018,ADK90,Canoe,oc2stockmix,1,5.986111111111111,58.7,0,2.76,2
2024,ADK90,Canoe,oc2stock,13,5.987666666666667,59.6,0.768,4.26,2
2023,ADK90,Canoe,oc2recmix,1,5.989527777777778,65.2,0,5,2
2009,ADK90,Canoe,oc2stockmaster,9,5.989722222222222,60,0.185,4.03,2
2015,ADK90,Canoe,oc2rec,2,5.99,63,0.185,2.75,2
2025,ADK90,Canoe,oc2stock,7,5.990138888888889,60.5,0.134,3.08,2
2018,ADK90,Canoe,open,NA,5.990555555555556,58.7,0,2.76,6
2023,ADK90,Canoe,oc4,3,5.990972222222222,65.2,0,5,4
2021,ADK90,Canoe,oc2,2,5.9911111111111115,60,0,5.13,2
2009,ADK90,Canoe,oc2stockmix,7,5.993333333333333,60,0.185,4.03,2
2024,ADK90,Canoe,oc4stockmix,21,5.993833333333333,59.6,0.768,4.26,4
2013,ADK90,Canoe,open,NA,5.9944444444444445,57.4,0.047,4.6,6
2010,ADK90,Canoe,oc2stock,9,5.996944444444445,58.4,0,3.89,2
2025,ADK90,Kayak,k1sportmaster,4,5.9984166666666665,60.5,0.134,3.08,1
2010,ADK90,Canoe,open,NA,6,58.4,0,3.89,6
2017,ADK90,Canoe,oc2rec,3,6.0008333333333335,52.8,0.02,5.46,2
2011,ADK90,Canoe,open,NA,6.001388888888889,62.9,0,7.28,6
2009,ADK90,Canoe,open,NA,6.001388888888889,60,0.185,4.03,6
2025,ADK90,Canoe,oc4stockmix,10,6.0025,60.5,0.134,3.08,4
2011,ADK90,Canoe,open,NA,6.002777777777778,62.9,0,7.28,6
2022,ADK90,Guideboat,g2mix,3,6.003083333333333,67.5,0,3.91,2
2016,ADK90,Guideboat,g1,3,6.003333333333333,69.6,0.004,3.19,1
2014,ADK90,Canoe,oc1recwomen,1,6.003333333333333,68.9,0.067,4.01,1
2015,ADK90,Canoe,oc2ammix,3,6.003888888888889,63,0.185,2.75,2
2009,ADK90,Canoe,open,NA,6.003888888888889,60,0.185,4.03,6
2015,ADK90,Voyageur,voyageur,7,6.004722222222222,63,0.185,2.75,6
2016,ADK90,Canoe,open,NA,6.006111111111111,69.6,0.004,3.19,6
2012,ADK90,Canoe,oc2stock,8,6.006111111111111,69.1,0.516,4.29,2
2023,ADK90,Guideboat,g2,2,6.006444444444445,65.2,0,5,2
2016,ADK90,Canoe,open,NA,6.006666666666667,69.6,0.004,3.19,6
2017,ADK90,Kayak,k1tour,4,6.006944444444445,52.8,0.02,5.46,1
2024,ADK90,Canoe,oc2rec,2,6.007138888888889,59.6,0.768,4.26,2
2011,ADK90,Canoe,oc2stockveteran,9,6.0072222222222225,62.9,0,7.28,2
2010,ADK90,Canoe,oc2stockmixmaster,7,6.0075,58.4,0,3.89,2
2010,ADK90,Guideboat,g1,1,6.009166666666666,58.4,0,3.89,1
2015,ADK90,Canoe,oc1stock,1,6.009444444444444,63,0.185,2.75,1
2011,ADK90,Canoe,open,NA,6.01,62.9,0,7.28,6
2011,ADK90,Canoe,open,NA,6.01,62.9,0,7.28,6
2024,ADK90,Kayak,k1sportveteran,3,6.010527777777778,59.6,0.768,4.26,1
2008,ADK90,Canoe,open,NA,6.011666666666667,70.2,0.323,4.58,6
2013,ADK90,Canoe,open,NA,6.012222222222222,57.4,0.047,4.6,6
2019,ADK90,Canoe,oc2ammix,2,6.0125,59.3,0.008,4.97,2
2017,ADK90,Canoe,open,NA,6.013333333333334,52.8,0.02,5.46,6
2010,ADK90,Canoe,oc2stockveteran,5,6.013333333333334,58.4,0,3.89,2
2025,ADK90,Canoe,oc1stock,2,6.014222222222222,60.5,0.134,3.08,1
2025,ADK90,Canoe,oc2stockmixveteran,4,6.0152777777777775,60.5,0.134,3.08,2
2016,ADK90,Kayak,k1tourmaster,6,6.015833333333333,69.6,0.004,3.19,1
2017,ADK90,Kayak,k1tourveteran,3,6.019722222222223,52.8,0.02,5.46,1
2025,ADK90,Canoe,oc2openmix,1,6.020138888888889,60.5,0.134,3.08,2
2023,ADK90,Canoe,oc2stock,12,6.0215555555555556,65.2,0,5,2
2016,ADK90,Canoe,open,NA,6.022777777777778,69.6,0.004,3.19,6
2019,ADK90,Canoe,oc2stockmix,5,6.023055555555556,59.3,0.008,4.97,2
2024,ADK90,Canoe,oc4stockmix,18,6.023222222222222,59.6,0.768,4.26,4
2016,ADK90,Canoe,open,NA,6.0247222222222225,69.6,0.004,3.19,6
2023,ADK90,Canoe,oc2stocknc,1,6.024805555555555,65.2,0,5,2
2023,ADK90,Canoe,oc4stockmix,16,6.024916666666667,65.2,0,5,4
2025,ADK90,Canoe,oc2stockmix,4,6.025611111111111,60.5,0.134,3.08,2
2015,ADK90,Kayak,k1unlimited,3,6.025833333333333,63,0.185,2.75,1
2019,ADK90,Canoe,oc1recveteran,2,6.026111111111111,59.3,0.008,4.97,1
2014,ADK90,Canoe,oc1stockmaster,3,6.026388888888889,68.9,0.067,4.01,1
2011,ADK90,Canoe,open,NA,6.026944444444444,62.9,0,7.28,6
2021,ADK90,Guideboat,g2,4,6.026944444444444,60,0,5.13,2
2017,ADK90,Canoe,open,NA,6.026944444444444,52.8,0.02,5.46,6
2017,ADK90,Canoe,open,NA,6.0275,52.8,0.02,5.46,6
2016,ADK90,Canoe,open,NA,6.0280555555555555,69.6,0.004,3.19,6
2021,ADK90,Canoe,oc2stock,9,6.0280555555555555,60,0,5.13,2
2015,ADK90,Voyageur,voyageur,6,6.029166666666667,63,0.185,2.75,6
2012,ADK90,Guideboat,g2,5,6.029166666666667,69.1,0.516,4.29,2
2022,ADK90,Canoe,oc2jrsr,1,6.029777777777778,67.5,0,3.91,2
2017,ADK90,Canoe,open,NA,6.030277777777778,52.8,0.02,5.46,6
2016,ADK90,Canoe,open,NA,6.031666666666666,69.6,0.004,3.19,6
2015,ADK90,Canoe,open,NA,6.031666666666666,63,0.185,2.75,6
2022,ADK90,Canoe,oc2rectourmaster,1,6.031777777777778,67.5,0,3.91,2
2014,ADK90,Canoe,open,NA,6.0325,68.9,0.067,4.01,6
2008,ADK90,Canoe,open,NA,6.032777777777778,70.2,0.323,4.58,6
2016,ADK90,Canoe,open,NA,6.033333333333333,69.6,0.004,3.19,6
2009,ADK90,Kayak,k2mix,4,6.033611111111111,60,0.185,4.03,2
2013,ADK90,Canoe,oc2stockwomen,2,6.033611111111111,57.4,0.047,4.6,2
2024,ADK90,Canoe,oc2rectournc,1,6.033777777777777,59.6,0.768,4.26,2
2013,ADK90,Canoe,open,NA,6.035833333333334,57.4,0.047,4.6,6
2016,ADK90,Canoe,oc1stock,1,6.038333333333333,69.6,0.004,3.19,1
2011,ADK90,Canoe,oc1rec,4,6.038611111111111,62.9,0,7.28,1
2017,ADK90,Voyageur,voyageur,4,6.038888888888889,52.8,0.02,5.46,6
2010,ADK90,Canoe,open,NA,6.041111111111111,58.4,0,3.89,6
2015,ADK90,Canoe,open,NA,6.041666666666667,63,0.185,2.75,6
2023,ADK90,Guideboat,g2,3,6.042666666666666,65.2,0,5,2
2016,ADK90,Canoe,open,NA,6.043055555555555,69.6,0.004,3.19,6
2011,ADK90,Canoe,oc2stockmix,4,6.043611111111111,62.9,0,7.28,2
2009,ADK90,Canoe,oc1am,1,6.043611111111111,60,0.185,4.03,1
2022,ADK90,Canoe,oc2stockopen,9,6.043611111111111,67.5,0,3.91,2
2024,ADK90,Canoe,oc2rectournc,2,6.045444444444444,59.6,0.768,4.26,2
2016,ADK90,Canoe,oc2rec,3,6.046666666666667,69.6,0.004,3.19,2
2024,ADK90,Canoe,oc4stockmaster,9,6.046972222222222,59.6,0.768,4.26,4
2017,ADK90,Canoe,oc2ammix,3,6.0472222222222225,52.8,0.02,5.46,2
2021,ADK90,Canoe,oc2stockmix,5,6.048611111111111,60,0,5.13,2
2025,ADK90,Kayak,k1sportveteran,1,6.048916666666666,60.5,0.134,3.08,1
2021,ADK90,Canoe,oc4stockmix,15,6.049444444444444,60,0,5.13,4
2018,ADK90,Canoe,oc2stockmixmaster,2,6.049722222222222,58.7,0,2.76,2
2012,ADK90,Canoe,open,NA,6.051944444444445,69.1,0.516,4.29,6
2013,ADK90,Canoe,oc1rec,4,6.053333333333334,57.4,0.047,4.6,1
2010,ADK90,Canoe,open,NA,6.053888888888889,58.4,0,3.89,6
2017,ADK90,Canoe,open,NA,6.055,52.8,0.02,5.46,6
2018,ADK90,Kayak,k2,2,6.0552777777777775,58.7,0,2.76,2
2018,ADK90,Canoe,open,NA,6.056388888888889,58.7,0,2.76,6
2012,ADK90,Canoe,oc2am,6,6.057222222222222,69.1,0.516,4.29,2
2012,ADK90,Canoe,oc4women,2,6.0575,69.1,0.516,4.29,4
2010,ADK90,Canoe,oc2stockwomen,1,6.057777777777778,58.4,0,3.89,2
2014,ADK90,Canoe,open,NA,6.058055555555556,68.9,0.067,4.01,6
2025,ADK90,Kayak,k2tournc,1,6.058333333333334,60.5,0.134,3.08,2
2023,ADK90,Canoe,oc2mix,1,6.0605,65.2,0,5,2
2008,ADK90,Canoe,oc2ammixmaster,8,6.060833333333333,70.2,0.323,4.58,2
2011,ADK90,Canoe,oc2family,2,6.064444444444445,62.9,0,7.28,2
2025,ADK90,Canoe,oc4stock,10,6.064749999999999,60.5,0.134,3.08,4
2025,ADK90,Kayak,k2mixmaster,1,6.065055555555555,60.5,0.134,3.08,2
2009,ADK90,Canoe,open,NA,6.065833333333333,60,0.185,4.03,6
2008,ADK90,Canoe,open,NA,6.066388888888889,70.2,0.323,4.58,6
2021,ADK90,Canoe,oc2stockmaster,6,6.066666666666666,60,0,5.13,2
2012,ADK90,Canoe,oc1stockveteran,1,6.066666666666666,69.1,0.516,4.29,1
2021,ADK90,Canoe,oc4stockmix,14,6.066944444444444,60,0,5.13,4
2012,ADK90,Voyageur,voyageur,6,6.0675,69.1,0.516,4.29,6
2014,ADK90,Canoe,open,NA,6.067777777777778,68.9,0.067,4.01,6
2021,ADK90,Canoe,oc2recwomen,1,6.067777777777778,60,0,5.13,2
2018,ADK90,Canoe,open,NA,6.068611111111111,58.7,0,2.76,6
2013,ADK90,Canoe,open,NA,6.069444444444445,57.4,0.047,4.6,6
2012,ADK90,Canoe,oc2stockmixmaster,6,6.069444444444445,69.1,0.516,4.29,2
2012,ADK90,Canoe,open,NA,6.070277777777778,69.1,0.516,4.29,6
2014,ADK90,Canoe,open,NA,6.070833333333334,68.9,0.067,4.01,6
2016,ADK90,Canoe,open,NA,6.071111111111111,69.6,0.004,3.19,6
2012,ADK90,Canoe,oc2stock,9,6.071666666666666,69.1,0.516,4.29,2
2010,ADK90,Canoe,open,NA,6.071944444444444,58.4,0,3.89,6
2009,ADK90,Kayak,k1tourveteran,4,6.071944444444444,60,0.185,4.03,1
2011,ADK90,Canoe,oc1am,3,6.074166666666667,62.9,0,7.28,1
2011,ADK90,Canoe,open,NA,6.075833333333334,62.9,0,7.28,6
2024,ADK90,Canoe,oc4stockmix,20,6.076472222222222,59.6,0.768,4.26,4
2016,ADK90,Canoe,oc1recmaster,2,6.0777777777777775,69.6,0.004,3.19,1
2023,ADK90,Canoe,oc2stockmix,4,6.077916666666667,65.2,0,5,2
2024,ADK90,Canoe,oc2stock,15,6.077944444444444,59.6,0.768,4.26,2
2013,ADK90,Canoe,oc1stockveteran,1,6.080277777777778,57.4,0.047,4.6,1
2014,ADK90,Canoe,open,NA,6.080555555555556,68.9,0.067,4.01,6
2023,ADK90,Canoe,oc3stocknc,2,6.082222222222223,65.2,0,5,3
2015,ADK90,Canoe,open,NA,6.082222222222223,63,0.185,2.75,6
2011,ADK90,Canoe,open,NA,6.0841666666666665,62.9,0,7.28,6
2015,ADK90,Canoe,open,NA,6.084444444444444,63,0.185,2.75,6
2009,ADK90,Kayak,k1unlimted,7,6.084722222222222,60,0.185,4.03,1
2015,ADK90,Canoe,oc2family,1,6.085555555555556,63,0.185,2.75,2
2010,ADK90,Guideboat,g2,6,6.086111111111111,58.4,0,3.89,2
2008,ADK90,Canoe,oc1recveteran,1,6.086111111111111,70.2,0.323,4.58,1
2022,ADK90,Canoe,oc4stockmaster,3,6.086444444444445,67.5,0,3.91,4
2021,ADK90,Canoe,oc2stock,10,6.086666666666667,60,0,5.13,2
2025,ADK90,Canoe,oc2stock,11,6.089083333333334,60.5,0.134,3.08,2
2023,ADK90,Canoe,oc2stockmix,5,6.0891111111111105,65.2,0,5,2
2011,ADK90,Canoe,oc2recmix,3,6.09,62.9,0,7.28,2
2013,ADK90,Canoe,open,NA,6.09,57.4,0.047,4.6,6
2016,ADK90,Canoe,oc4,7,6.091111111111111,69.6,0.004,3.19,4
2019,ADK90,Canoe,oc2stockveteran,3,6.091388888888889,59.3,0.008,4.97,2
2016,ADK90,Canoe,open,NA,6.091666666666667,69.6,0.004,3.19,6
2009,ADK90,Canoe,open,NA,6.092777777777778,60,0.185,4.03,6
2017,ADK90,Canoe,open,NA,6.092777777777778,52.8,0.02,5.46,6
2017,ADK90,Canoe,open,NA,6.094166666666666,52.8,0.02,5.46,6
2011,ADK90,Canoe,oc2stockmaster,8,6.094444444444444,62.9,0,7.28,2
2017,ADK90,Canoe,open,NA,6.095277777777778,52.8,0.02,5.46,6
2022,ADK90,Canoe,oc4stockmix,13,6.09625,67.5,0,3.91,4
2017,ADK90,Voyageur,voyageur,5,6.096666666666667,52.8,0.02,5.46,6
2012,ADK90,Canoe,open,NA,6.097222222222222,69.1,0.516,4.29,6
2012,ADK90,Canoe,open,NA,6.101388888888889,69.1,0.516,4.29,6
2009,ADK90,Canoe,open,NA,6.101666666666667,60,0.185,4.03,6
2023,ADK90,Canoe,oc4stockmix,17,6.101861111111111,65.2,0,5,4
2024,ADK90,Canoe,oc2stock,14,6.102361111111111,59.6,0.768,4.26,2
2016,ADK90,Canoe,open,NA,6.105,69.6,0.004,3.19,6
2019,ADK90,Canoe,oc2stock,6,6.105277777777777,59.3,0.008,4.97,2
2014,ADK90,Canoe,open,NA,6.105833333333333,68.9,0.067,4.01,6
2022,ADK90,Canoe,oc2stock,2,6.105833333333333,67.5,0,3.91,2
2025,ADK90,Canoe,oc1stock,3,6.106777777777778,60.5,0.134,3.08,1
2022,ADK90,Canoe,oc2stockopen,10,6.107138888888889,67.5,0,3.91,2
2023,ADK90,Canoe,oc3stocknc,1,6.1088611111111115,65.2,0,5,3
2014,ADK90,Canoe,open,NA,6.108888888888889,68.9,0.067,4.01,6
2022,ADK90,Kayak,k2,3,6.109500000000001,67.5,0,3.91,2
2012,ADK90,Canoe,open,NA,6.11,69.1,0.516,4.29,6
2024,ADK90,Canoe,oc2stockveteran,3,6.110416666666667,59.6,0.768,4.26,2
2016,ADK90,Guideboat,g2mix,1,6.111666666666666,69.6,0.004,3.19,2
2023,ADK90,Canoe,oc2rec,2,6.111694444444444,65.2,0,5,2
2016,ADK90,Guideboat,g2,2,6.111944444444444,69.6,0.004,3.19,2
2009,ADK90,Canoe,open,NA,6.1125,60,0.185,4.03,6
2016,ADK90,Canoe,oc2ammix,4,6.113333333333333,69.6,0.004,3.19,2
2018,ADK90,Canoe,open,NA,6.114166666666667,58.7,0,2.76,6
2012,ADK90,Canoe,oc4mix,16,6.1161111111111115,69.1,0.516,4.29,4
2024,ADK90,Canoe,oc2stock,16,6.1165,59.6,0.768,4.26,2
2023,ADK90,Canoe,oc2stock,13,6.119472222222222,65.2,0,5,2
2024,ADK90,Canoe,oc4stockmix,19,6.120611111111112,59.6,0.768,4.26,4
2015,ADK90,Canoe,oc2stockmixveteran,1,6.120833333333334,63,0.185,2.75,2
2022,ADK90,Canoe,oc2stockmixmaster,5,6.121083333333334,67.5,0,3.91,2
2012,ADK90,Canoe,open,NA,6.121666666666667,69.1,0.516,4.29,6
2011,ADK90,Canoe,oc1stock,4,6.122777777777777,62.9,0,7.28,1
2014,ADK90,Canoe,open,NA,6.122777777777777,68.9,0.067,4.01,6
2015,ADK90,Canoe,oc4,6,6.125,63,0.185,2.75,4
2008,ADK90,Kayak,k1tour,6,6.125,70.2,0.323,4.58,1
2012,ADK90,Canoe,oc4women,3,6.125,69.1,0.516,4.29,4
2019,ADK90,Canoe,oc1stock,2,6.125277777777778,59.3,0.008,4.97,1
2025,ADK90,Canoe,oc2stock,9,6.127222222222223,60.5,0.134,3.08,2
2010,ADK90,Canoe,oc2family,1,6.127777777777778,58.4,0,3.89,2
2021,ADK90,Guideboat,g2,5,6.127777777777778,60,0,5.13,2
2009,ADK90,Canoe,open,NA,6.128055555555555,60,0.185,4.03,6
2017,ADK90,Guideboat,g2,4,6.128333333333333,52.8,0.02,5.46,2
2015,ADK90,Canoe,oc1recveteran,1,6.128333333333333,63,0.185,2.75,1
2021,ADK90,Canoe,oc2stockwomen,2,6.131111111111111,60,0,5.13,2
2008,ADK90,Canoe,oc2stockmaster,10,6.131388888888889,70.2,0.323,4.58,2
2008,ADK90,Canoe,open,NA,6.131666666666667,70.2,0.323,4.58,6
2013,ADK90,Canoe,open,NA,6.131944444444445,57.4,0.047,4.6,6
2011,ADK90,Canoe,oc2stockmixveteran,3,6.131944444444445,62.9,0,7.28,2
2025,ADK90,Guideboat,g1,1,6.132638888888889,60.5,0.134,3.08,1
2019,ADK90,Canoe,oc2stockveteran,5,6.133055555555556,59.3,0.008,4.97,2
2011,ADK90,Canoe,open,NA,6.1338888888888885,62.9,0,7.28,6
2013,ADK90,Canoe,oc1recwomen,2,6.135833333333333,57.4,0.047,4.6,1
2015,ADK90,Canoe,open,NA,6.136111111111111,63,0.185,2.75,6
2025,ADK90,Canoe,oc4stockmix,11,6.136277777777777,60.5,0.134,3.08,4
2019,ADK90,Canoe,oc4stock,8,6.137222222222222,59.3,0.008,4.97,4
2017,ADK90,Canoe,open,NA,6.1375,52.8,0.02,5.46,6
2008,ADK90,Canoe,oc1stock,6,6.138055555555556,70.2,0.323,4.58,1
2013,ADK90,Guideboat,g2mix,1,6.1402777777777775,57.4,0.047,4.6,2
2013,ADK90,Canoe,open,NA,6.142222222222222,57.4,0.047,4.6,6
2008,ADK90,Canoe,oc2stockmixmaster,5,6.144722222222223,70.2,0.323,4.58,2
2022,ADK90,Canoe,oc1stockveteran,2,6.146055555555555,67.5,0,3.91,1
2014,ADK90,Canoe,oc1stockveteran,2,6.146111111111111,68.9,0.067,4.01,1
2015,ADK90,Canoe,open,NA,6.146111111111111,63,0.185,2.75,6
2017,ADK90,Canoe,open,NA,6.1466666666666665,52.8,0.02,5.46,6
2014,ADK90,Canoe,oc2am,2,6.1466666666666665,68.9,0.067,4.01,2
2025,ADK90,Guideboat,g2,1,6.14711111111111,60.5,0.134,3.08,2
2012,ADK90,Canoe,open,NA,6.147777777777778,69.1,0.516,4.29,6
2015,ADK90,Canoe,open,NA,6.148055555555556,63,0.185,2.75,6
2019,ADK90,Canoe,oc2recmix,1,6.148333333333333,59.3,0.008,4.97,2
2012,ADK90,Canoe,oc2rec,4,6.1497222222222225,69.1,0.516,4.29,2
2018,ADK90,Guideboat,g1,1,6.150277777777778,58.7,0,2.76,1
2009,ADK90,Canoe,oc2ammix,7,6.150555555555556,60,0.185,4.03,2
2023,ADK90,Canoe,oc1stocknc,1,6.1506388888888885,65.2,0,5,1
2025,ADK90,Canoe,oc2stockmixveteran,5,6.151833333333333,60.5,0.134,3.08,2
2013,ADK90,Canoe,oc1rec,5,6.151944444444444,57.4,0.047,4.6,1
2017,ADK90,Canoe,oc1stockveteran,1,6.1525,52.8,0.02,5.46,1
2017,ADK90,Canoe,oc1rec,2,6.1530555555555555,52.8,0.02,5.46,1
2010,ADK90,Canoe,open,NA,6.153333333333333,58.4,0,3.89,6
2021,ADK90,Canoe,oc4stock,9,6.153333333333333,60,0,5.13,4
2015,ADK90,Canoe,oc2rec,4,6.153888888888889,63,0.185,2.75,2
2022,ADK90,Canoe,oc2recjrsr,2,6.154361111111111,67.5,0,3.91,2
2018,ADK90,Canoe,oc2stockmix,2,6.154444444444445,58.7,0,2.76,2
2015,ADK90,Canoe,open,NA,6.154722222222222,63,0.185,2.75,6
2017,ADK90,Canoe,open,NA,6.154722222222222,52.8,0.02,5.46,6
2013,ADK90,Canoe,open,NA,6.155,57.4,0.047,4.6,6
2011,ADK90,Canoe,open,NA,6.155833333333334,62.9,0,7.28,6
2011,ADK90,Canoe,open,NA,6.155833333333334,62.9,0,7.28,6
2025,ADK90,Guideboat,g2mixmaster,1,6.157472222222222,60.5,0.134,3.08,2
2015,ADK90,Canoe,open,NA,6.1575,63,0.185,2.75,6
2018,ADK90,Canoe,oc4stockwomen,2,6.158888888888889,58.7,0,2.76,4
2010,ADK90,Canoe,oc2stockmixmaster,8,6.1594444444444445,58.4,0,3.89,2
2022,ADK90,Canoe,oc2recjrsr,1,6.159833333333334,67.5,0,3.91,2
2013,ADK90,Guideboat,g1,3,6.160277777777778,57.4,0.047,4.6,1
2010,ADK90,Canoe,oc1recwomen,1,6.161111111111111,58.4,0,3.89,1
2012,ADK90,Canoe,oc2stockmixmaster,8,6.163333333333333,69.1,0.516,4.29,2
2025,ADK90,Canoe,oc1open,2,6.1634722222222225,60.5,0.134,3.08,1
2022,ADK90,Canoe,oc2stocktour,3,6.1635,67.5,0,3.91,2
2019,ADK90,Canoe,oc2recwomen,1,6.164444444444444,59.3,0.008,4.97,2
2017,ADK90,Canoe,oc1recwomen,1,6.166388888888889,52.8,0.02,5.46,1
2024,ADK90,Canoe,oc4stockmaster,8,6.1665833333333335,59.6,0.768,4.26,4
2017,ADK90,Canoe,open,NA,6.166944444444445,52.8,0.02,5.46,6
2016,ADK90,Canoe,open,NA,6.168888888888889,69.6,0.004,3.19,6
2016,ADK90,Canoe,open,NA,6.168888888888889,69.6,0.004,3.19,6
2010,ADK90,Canoe,open,NA,6.1691666666666665,58.4,0,3.89,6
2021,ADK90,Canoe,oc2rec,2,6.169722222222222,60,0,5.13,2
2013,ADK90,Canoe,open,NA,6.169722222222222,57.4,0.047,4.6,6
2018,ADK90,Canoe,open,NA,6.17,58.7,0,2.76,6
2025,ADK90,Canoe,oc2stocktour,1,6.171666666666667,60.5,0.134,3.08,2
2013,ADK90,Canoe,open,NA,6.171666666666667,57.4,0.047,4.6,6
2011,ADK90,Canoe,open,NA,6.1722222222222225,62.9,0,7.28,6
2025,ADK90,Canoe,oc2stocktour,1,6.1725,60.5,0.134,3.08,2
2014,ADK90,Canoe,open,NA,6.173333333333333,68.9,0.067,4.01,6
2015,ADK90,Canoe,open,NA,6.173333333333333,63,0.185,2.75,6
2013,ADK90,Canoe,open,NA,6.174166666666666,57.4,0.047,4.6,6
2008,ADK90,Canoe,oc4mix,13,6.174444444444444,70.2,0.323,4.58,4
2021,ADK90,Canoe,oc1stock,1,6.175277777777778,60,0,5.13,1
2014,ADK90,Canoe,open,NA,6.1755555555555555,68.9,0.067,4.01,6
2017,ADK90,Kayak,k1tour,5,6.1755555555555555,52.8,0.02,5.46,1
2021,ADK90,Canoe,oc2stockmaster,5,6.176111111111111,60,0,5.13,2
2013,ADK90,Canoe,oc1recwomen,1,6.176111111111111,57.4,0.047,4.6,1
2009,ADK90,Guideboat,g2,3,6.176388888888889,60,0.185,4.03,2
2008,ADK90,Canoe,open,NA,6.176666666666667,70.2,0.323,4.58,6
2017,ADK90,Canoe,open,NA,6.176666666666667,52.8,0.02,5.46,6
2024,ADK90,Canoe,oc2stock,18,6.17675,59.6,0.768,4.26,2
2022,ADK90,Guideboat,g2,2,6.177388888888888,67.5,0,3.91,2
2013,ADK90,Canoe,open,NA,6.1775,57.4,0.047,4.6,6
2014,ADK90,Canoe,oc1stock,4,6.177777777777778,68.9,0.067,4.01,1
2018,ADK90,Canoe,oc2ammix,2,6.18,58.7,0,2.76,2
2010,ADK90,Canoe,oc2am,5,6.18,58.4,0,3.89,2
2025,ADK90,Canoe,oc2stock,10,6.1801111111111116,60.5,0.134,3.08,2
2018,ADK90,Canoe,open,NA,6.1802777777777775,58.7,0,2.76,6
2010,ADK90,Canoe,oc2stockmix,5,6.181388888888889,58.4,0,3.89,2
2018,ADK90,Canoe,open,NA,6.1825,58.7,0,2.76,6
2011,ADK90,Guideboat,g2,7,6.183611111111111,62.9,0,7.28,2
2015,ADK90,Canoe,open,NA,6.185277777777777,63,0.185,2.75,6
2017,ADK90,Guideboat,g2,3,6.186111111111111,52.8,0.02,5.46,2
2012,ADK90,Canoe,open,NA,6.1875,69.1,0.516,4.29,6
2016,ADK90,Kayak,k1tourmaster,7,6.1875,69.6,0.004,3.19,1
2021,ADK90,Kayak,k1unlimited,4,6.188055555555556,60,0,5.13,1
2013,ADK90,Canoe,open,NA,6.1883333333333335,57.4,0.047,4.6,6
2017,ADK90,Canoe,open,NA,6.188888888888889,52.8,0.02,5.46,6
2017,ADK90,Canoe,oc2rec,4,6.190277777777778,52.8,0.02,5.46,2
2021,ADK90,Canoe,oc1stockveteran,1,6.191111111111111,60,0,5.13,1
2012,ADK90,Canoe,open,NA,6.191944444444444,69.1,0.516,4.29,6
2025,ADK90,Canoe,oc2stockmaster,4,6.191972222222222,60.5,0.134,3.08,2
2018,ADK90,Canoe,open,NA,6.1925,58.7,0,2.76,6
2022,ADK90,Canoe,oc2jrsr,2,6.192861111111111,67.5,0,3.91,2
2014,ADK90,Canoe,open,NA,6.194166666666667,68.9,0.067,4.01,6
2010,ADK90,Guideboat,g1women,1,6.195277777777778,58.4,0,3.89,1
2018,ADK90,Canoe,oc2rec,1,6.195833333333334,58.7,0,2.76,2
2012,ADK90,Canoe,open,NA,6.1963888888888885,69.1,0.516,4.29,6
2012,ADK90,Guideboat,g2,6,6.1963888888888885,69.1,0.516,4.29,2
2015,ADK90,Canoe,oc4women,3,6.196666666666666,63,0.185,2.75,4
2011,ADK90,Canoe,open,NA,6.196944444444444,62.9,0,7.28,6
2017,ADK90,Guideboat,g2,2,6.197777777777778,52.8,0.02,5.46,2
2019,ADK90,Canoe,oc2stockveteran,4,6.198333333333333,59.3,0.008,4.97,2
2017,ADK90,Canoe,open,NA,6.198333333333333,52.8,0.02,5.46,6
2015,ADK90,Canoe,opensuperveteran,1,6.198611111111111,63,0.185,2.75,6
2009,ADK90,Canoe,open,NA,6.199166666666667,60,0.185,4.03,6
2014,ADK90,Canoe,open,NA,6.199166666666667,68.9,0.067,4.01,6
2008,ADK90,Canoe,oc2recmix,1,6.199722222222222,70.2,0.323,4.58,2
2009,ADK90,Canoe,oc2rec,3,6.200277777777778,60,0.185,4.03,2
2012,ADK90,Canoe,oc1stock,2,6.201944444444444,69.1,0.516,4.29,1
2019,ADK90,Canoe,oc2stockmix,6,6.204444444444444,59.3,0.008,4.97,2
2021,ADK90,Canoe,oc4stock,8,6.205,60,0,5.13,4
2025,ADK90,Canoe,oc2stock,14,6.205972222222222,60.5,0.134,3.08,2
2018,ADK90,Canoe,open,NA,6.207222222222223,58.7,0,2.76,6
2021,ADK90,Canoe,oc2stockwomen,1,6.208888888888889,60,0,5.13,2
2019,ADK90,Canoe,oc2stockmaster,6,6.21,59.3,0.008,4.97,2
2016,ADK90,Kayak,k1tour,2,6.210555555555556,69.6,0.004,3.19,1
2022,ADK90,Canoe,oc1stock,1,6.210722222222222,67.5,0,3.91,1
2018,ADK90,Canoe,open,NA,6.210833333333333,58.7,0,2.76,6
2024,ADK90,Canoe,oc2stockmaster,6,6.210972222222222,59.6,0.768,4.26,2
2023,ADK90,Canoe,oc2stockwomen,2,6.214138888888889,65.2,0,5,2
2009,ADK90,Canoe,oc4mix,12,6.214444444444444,60,0.185,4.03,4
2009,ADK90,Canoe,open,NA,6.214444444444444,60,0.185,4.03,6
2013,ADK90,Canoe,open,NA,6.214722222222222,57.4,0.047,4.6,6
2025,ADK90,Kayak,k1sportnc,1,6.215527777777778,60.5,0.134,3.08,1
2014,ADK90,Canoe,open,NA,6.2155555555555555,68.9,0.067,4.01,6
2021,ADK90,SUP,solorecveteran,4,6.216111111111111,60,0,5.13,1
2025,ADK90,Kayak,k1sportnc,2,6.216194444444445,60.5,0.134,3.08,1
2023,ADK90,Guideboat,g2nc,1,6.216500000000001,65.2,0,5,2
2014,ADK90,Canoe,oc1stock,3,6.216666666666667,68.9,0.067,4.01,1
2011,ADK90,Canoe,open,NA,6.216944444444445,62.9,0,7.28,6
2015,ADK90,Canoe,oc1recmaster,3,6.217222222222222,63,0.185,2.75,1
2010,ADK90,Canoe,oc1recwomen,2,6.2175,58.4,0,3.89,1
2022,ADK90,Canoe,oc2stockopen,11,6.218055555555556,67.5,0,3.91,2
2015,ADK90,Voyageur,voyageur,8,6.218333333333334,63,0.185,2.75,6
2013,ADK90,Canoe,open,NA,6.219444444444444,57.4,0.047,4.6,6
2018,ADK90,Canoe,open,NA,6.219444444444444,58.7,0,2.76,6
2013,ADK90,Canoe,open,NA,6.219722222222222,57.4,0.047,4.6,6
2015,ADK90,Canoe,open,NA,6.22,63,0.185,2.75,6
2009,ADK90,Canoe,open,NA,6.220277777777778,60,0.185,4.03,6
2013,ADK90,Kayak,k1tour,4,6.220833333333333,57.4,0.047,4.6,1
2013,ADK90,Canoe,oc4mix,16,6.221111111111111,57.4,0.047,4.6,4
2025,ADK90,Kayak,k1open,3,6.221805555555555,60.5,0.134,3.08,1
2018,ADK90,Canoe,oc4stockmix,8,6.2225,58.7,0,2.76,4
2025,ADK90,Canoe,oc4stock,12,6.223777777777777,60.5,0.134,3.08,4
2009,ADK90,Canoe,oc1stock,4,6.224166666666667,60,0.185,4.03,1
2018,ADK90,Canoe,open,NA,6.224722222222222,58.7,0,2.76,6
2008,ADK90,Canoe,open,NA,6.225,70.2,0.323,4.58,6
2018,ADK90,Canoe,oc4stockmix,7,6.225555555555555,58.7,0,2.76,4
2015,ADK90,Kayak,k1tourmaster,8,6.226388888888889,63,0.185,2.75,1
2019,ADK90,Canoe,oc1recveteran,3,6.227777777777778,59.3,0.008,4.97,1
2008,ADK90,Canoe,oc1rec,6,6.2283333333333335,70.2,0.323,4.58,1
2021,ADK90,Guideboat,g2,7,6.230833333333333,60,0,5.13,2
2013,ADK90,Canoe,open,NA,6.231388888888889,57.4,0.047,4.6,6
2014,ADK90,Canoe,open,NA,6.231388888888889,68.9,0.067,4.01,6
2014,ADK90,Canoe,oc1stock,2,6.2316666666666665,68.9,0.067,4.01,1
2011,ADK90,Canoe,open,NA,6.233333333333333,62.9,0,7.28,6
2025,ADK90,Canoe,oc2stockmaster,5,6.233555555555555,60.5,0.134,3.08,2
2023,ADK90,Kayak,k1unlimited,3,6.234,65.2,0,5,1
2011,ADK90,Canoe,oc2stockwomen,2,6.234444444444445,62.9,0,7.28,2
2012,ADK90,Canoe,oc1stock,3,6.2347222222222225,69.1,0.516,4.29,1
2025,ADK90,Canoe,oc4stock,11,6.235250000000001,60.5,0.134,3.08,4
2014,ADK90,Canoe,oc2rec,2,6.2363888888888885,68.9,0.067,4.01,2
2022,ADK90,Canoe,oc2stockmix,6,6.236777777777778,67.5,0,3.91,2
2019,ADK90,Kayak,k1tourmaster,6,6.236944444444444,59.3,0.008,4.97,1
2011,ADK90,Canoe,oc2rec,6,6.2375,62.9,0,7.28,2
2012,ADK90,Canoe,open,NA,6.2375,69.1,0.516,4.29,6
2013,ADK90,Kayak,k1tourveteran,2,6.238333333333333,57.4,0.047,4.6,1
2009,ADK90,Guideboat,g1,2,6.240277777777778,60,0.185,4.03,1
2010,ADK90,Canoe,oc2ammix,7,6.241388888888889,58.4,0,3.89,2
2017,ADK90,Canoe,open,NA,6.241666666666666,52.8,0.02,5.46,6
2019,ADK90,Canoe,oc1recmaster,2,6.242222222222222,59.3,0.008,4.97,1
2014,ADK90,Canoe,oc1stock,1,6.244166666666667,68.9,0.067,4.01,1
2025,ADK90,Canoe,oc1stock,4,6.244694444444445,60.5,0.134,3.08,1
2024,ADK90,Canoe,oc2stock,17,6.244972222222223,59.6,0.768,4.26,2
2021,ADK90,Canoe,oc2stockmix,6,6.245,60,0,5.13,2
2008,ADK90,Canoe,open,NA,6.245833333333334,70.2,0.323,4.58,6
2024,ADK90,Canoe,oc1stockmaster,3,6.245833333333334,59.6,0.768,4.26,1
2017,ADK90,Canoe,open,NA,6.245833333333334,52.8,0.02,5.46,6
2025,ADK90,Canoe,oc4stockwomen,3,6.246277777777777,60.5,0.134,3.08,4
2008,ADK90,Guideboat,g1,1,6.246388888888889,70.2,0.323,4.58,1
2018,ADK90,Kayak,k1tour,6,6.2475,58.7,0,2.76,1
2009,ADK90,Canoe,oc2recmix,2,6.25,60,0.185,4.03,2
2018,ADK90,Canoe,open,NA,6.251388888888889,58.7,0,2.76,6
2011,ADK90,Canoe,open,NA,6.253333333333333,62.9,0,7.28,6
2021,ADK90,Canoe,oc1stockveteran,2,6.254166666666666,60,0,5.13,1
2015,ADK90,Guideboat,g2mix,1,6.254444444444444,63,0.185,2.75,2
2022,ADK90,Canoe,oc2stockopen,12,6.2557222222222215,67.5,0,3.91,2
2014,ADK90,Canoe,oc2ammix,2,6.256111111111111,68.9,0.067,4.01,2
2016,ADK90,Canoe,oc2ammix,3,6.2575,69.6,0.004,3.19,2
2008,ADK90,Canoe,open,NA,6.258055555555556,70.2,0.323,4.58,6
2016,ADK90,Kayak,k1tour,1,6.258055555555556,69.6,0.004,3.19,1
2009,ADK90,Canoe,oc2family,1,6.258333333333334,60,0.185,4.03,2
2017,ADK90,Canoe,open,NA,6.2588888888888885,52.8,0.02,5.46,6
2014,ADK90,Kayak,k1tourmaster,3,6.260277777777778,68.9,0.067,4.01,1
2016,ADK90,Canoe,open,NA,6.260277777777778,69.6,0.004,3.19,6
2024,ADK90,Canoe,oc4stockmaster,10,6.260611111111111,59.6,0.768,4.26,4
2023,ADK90,Kayak,k1nc,1,6.2619444444444445,65.2,0,5,1
2023,ADK90,Kayak,k1nc,2,6.262027777777778,65.2,0,5,1
2022,ADK90,Canoe,oc2stockmix,4,6.262361111111111,67.5,0,3.91,2
2008,ADK90,Canoe,oc2stockmaster,9,6.2625,70.2,0.323,4.58,2
2025,ADK90,Canoe,oc4stock,13,6.262638888888889,60.5,0.134,3.08,4
2012,ADK90,Canoe,open,NA,6.264166666666667,69.1,0.516,4.29,6
2014,ADK90,Canoe,open,NA,6.264444444444444,68.9,0.067,4.01,6
2010,ADK90,Canoe,open,NA,6.265,58.4,0,3.89,6
2011,ADK90,Canoe,open,NA,6.265833333333333,62.9,0,7.28,6
2013,ADK90,Canoe,open,NA,6.265833333333333,57.4,0.047,4.6,6
2010,ADK90,Kayak,k2master,4,6.266388888888889,58.4,0,3.89,2
2022,ADK90,Canoe,oc2stock,3,6.267361111111111,67.5,0,3.91,2
2008,ADK90,Canoe,oc2recmix,2,6.267777777777778,70.2,0.323,4.58,2
2010,ADK90,Canoe,open,NA,6.268611111111111,58.4,0,3.89,6
2017,ADK90,Canoe,oc1stockmaster,2,6.268611111111111,52.8,0.02,5.46,1
2010,ADK90,Canoe,open,NA,6.268611111111111,58.4,0,3.89,6
2017,ADK90,Canoe,oc2stockmix,4,6.271388888888889,52.8,0.02,5.46,2
2021,ADK90,SUP,solorecmaster,3,6.271388888888889,60,0,5.13,1
2019,ADK90,Kayak,k1tourmaster,5,6.272222222222222,59.3,0.008,4.97,1
2017,ADK90,Canoe,open,NA,6.273888888888889,52.8,0.02,5.46,6
2019,ADK90,Kayak,k1tourveteran,1,6.274166666666667,59.3,0.008,4.97,1
2024,ADK90,Canoe,oc2stockmaster,5,6.275,59.6,0.768,4.26,2
2017,ADK90,Kayak,k1tour,6,6.275833333333333,52.8,0.02,5.46,1
2012,ADK90,Canoe,open,NA,6.275833333333333,69.1,0.516,4.29,6
2022,ADK90,Canoe,oc2stockmixmaster,6,6.276388888888889,67.5,0,3.91,2
2025,ADK90,Canoe,oc2stock,12,6.276694444444444,60.5,0.134,3.08,2
2010,ADK90,Canoe,oc2stockmixmaster,9,6.277222222222222,58.4,0,3.89,2
2019,ADK90,Canoe,oc2stockwomen,2,6.2775,59.3,0.008,4.97,2
2011,ADK90,Canoe,open,NA,6.2775,62.9,0,7.28,6
2008,ADK90,Guideboat,g2,8,6.278611111111111,70.2,0.323,4.58,2
2016,ADK90,Canoe,oc4women,4,6.279722222222222,69.6,0.004,3.19,4
2008,ADK90,Guideboat,g2,7,6.279722222222222,70.2,0.323,4.58,2
2025,ADK90,Canoe,oc2stockmix,5,6.281777777777778,60.5,0.134,3.08,2
2013,ADK90,Canoe,open,NA,6.2825,57.4,0.047,4.6,6
2017,ADK90,Canoe,open,NA,6.2825,52.8,0.02,5.46,6
2017,ADK90,Canoe,oc2ammix,4,6.285555555555556,52.8,0.02,5.46,2
2009,ADK90,Canoe,open,NA,6.285555555555556,60,0.185,4.03,6
2015,ADK90,Kayak,k1tourmaster,6,6.286666666666667,63,0.185,2.75,1
2010,ADK90,Canoe,oc2stockwomen,2,6.286944444444444,58.4,0,3.89,2
2013,ADK90,Canoe,opensuperveteran,2,6.2877777777777775,57.4,0.047,4.6,6
2014,ADK90,Guideboat,g2,2,6.2877777777777775,68.9,0.067,4.01,2
2025,ADK90,Canoe,oc2rec,1,6.288055555555555,60.5,0.134,3.08,2
2023,ADK90,Canoe,oc4stockmix,18,6.2884722222222225,65.2,0,5,4
2011,ADK90,Canoe,open,NA,6.288611111111111,62.9,0,7.28,6
2023,ADK90,Canoe,oc2stockwomen,1,6.288805555555555,65.2,0,5,2
2025,ADK90,Canoe,oc4stocknc,3,6.289861111111111,60.5,0.134,3.08,4
2010,ADK90,Canoe,open,NA,6.29,58.4,0,3.89,6
2025,ADK90,Kayak,k1sportwomen,1,6.290166666666666,60.5,0.134,3.08,1
2011,ADK90,Canoe,open,NA,6.290555555555556,62.9,0,7.28,6
2022,ADK90,Canoe,oc4stockmix,15,6.291416666666667,67.5,0,3.91,4
2010,ADK90,Canoe,oc1am,3,6.2925,58.4,0,3.89,1
2016,ADK90,Canoe,oc1recmaster,3,6.293055555555555,69.6,0.004,3.19,1
2019,ADK90,Canoe,oc1rec,3,6.293055555555555,59.3,0.008,4.97,1
2018,ADK90,Canoe,open,NA,6.294444444444444,58.7,0,2.76,6
2023,ADK90,Canoe,oc4stockwomen,5,6.295111111111112,65.2,0,5,4
2015,ADK90,Canoe,open,NA,6.295555555555556,63,0.185,2.75,6
2013,ADK90,Canoe,open,NA,6.296944444444445,57.4,0.047,4.6,6
2018,ADK90,Canoe,open,NA,6.297777777777778,58.7,0,2.76,6
2016,ADK90,Guideboat,g2mix,2,6.297777777777778,69.6,0.004,3.19,2
2022,ADK90,Kayak,k1tourveteran,3,6.298305555555556,67.5,0,3.91,1
2013,ADK90,Voyageur,voyageur,7,6.298611111111111,57.4,0.047,4.6,6
2014,ADK90,Kayak,k1tourmaster,4,6.299166666666666,68.9,0.067,4.01,1
2015,ADK90,Canoe,open,NA,6.3005555555555555,63,0.185,2.75,6
2018,ADK90,Canoe,oc2stockmaster,4,6.301666666666667,58.7,0,2.76,2
2014,ADK90,Canoe,oc2stock,8,6.301944444444445,68.9,0.067,4.01,2
2019,ADK90,Guideboat,g2,2,6.302222222222222,59.3,0.008,4.97,2
2009,ADK90,Canoe,oc1amveteran,1,6.302222222222222,60,0.185,4.03,1
2025,ADK90,Kayak,k2goldnc,1,6.303027777777778,60.5,0.134,3.08,2
2025,ADK90,Canoe,oc4stocktour,2,6.303805555555556,60.5,0.134,3.08,4
2009,ADK90,Guideboat,g2,4,6.304166666666666,60,0.185,4.03,2
2023,ADK90,Canoe,oc2stockmix,7,6.3045,65.2,0,5,2
2015,ADK90,Canoe,open,NA,6.306388888888889,63,0.185,2.75,6
2014,ADK90,Canoe,oc1stockwomen,1,6.306666666666667,68.9,0.067,4.01,1
2012,ADK90,Canoe,oc1stock,4,6.3069444444444445,69.1,0.516,4.29,1
2013,ADK90,Canoe,open,NA,6.307777777777778,57.4,0.047,4.6,6
2025,ADK90,Canoe,oc1open,3,6.308861111111112,60.5,0.134,3.08,1
2008,ADK90,Canoe,oc4,9,6.309166666666667,70.2,0.323,4.58,4
2024,ADK90,Guideboat,g2mix,2,6.309444444444445,59.6,0.768,4.26,2
2010,ADK90,Canoe,oc4mix,15,6.310555555555555,58.4,0,3.89,4
2012,ADK90,Guideboat,g1,3,6.311388888888889,69.1,0.516,4.29,1
2016,ADK90,Canoe,oc1recveteran,1,6.3116666666666665,69.6,0.004,3.19,1
2011,ADK90,Canoe,oc2stock,9,6.311944444444444,62.9,0,7.28,2
2024,ADK90,Canoe,oc2stocktour,1,6.312805555555555,59.6,0.768,4.26,2
2022,ADK90,Canoe,oc4stock,11,6.312972222222222,67.5,0,3.91,4
2023,ADK90,Canoe,oc2stockwomen,3,6.3134999999999994,65.2,0,5,2
2014,ADK90,Canoe,open,NA,6.314444444444445,68.9,0.067,4.01,6
2017,ADK90,Canoe,oc1recveteran,2,6.315,52.8,0.02,5.46,1
2011,ADK90,Canoe,open,NA,6.315277777777778,62.9,0,7.28,6
2012,ADK90,Canoe,oc1rec,4,6.315277777777778,69.1,0.516,4.29,1
2025,ADK90,Canoe,oc4stock,14,6.320138888888889,60.5,0.134,3.08,4
2013,ADK90,Canoe,open,NA,6.321111111111111,57.4,0.047,4.6,6
2022,ADK90,Canoe,oc2rec,2,6.322472222222222,67.5,0,3.91,2
2013,ADK90,Canoe,open,NA,6.323333333333333,57.4,0.047,4.6,6
2010,ADK90,Canoe,open,NA,6.323611111111111,58.4,0,3.89,6
2012,ADK90,Canoe,oc1rec,6,6.3261111111111115,69.1,0.516,4.29,1
2013,ADK90,Canoe,open,NA,6.326388888888889,57.4,0.047,4.6,6
2023,ADK90,Guideboat,g2,4,6.328666666666667,65.2,0,5,2
2015,ADK90,Canoe,oc1stock,2,6.3308333333333335,63,0.185,2.75,1
2016,ADK90,Canoe,open,NA,6.332222222222223,69.6,0.004,3.19,6
2023,ADK90,Canoe,oc2stockmix,6,6.333,65.2,0,5,2
2009,ADK90,Canoe,open,NA,6.333333333333333,60,0.185,4.03,6
2021,ADK90,Canoe,oc2family,1,6.333611111111111,60,0,5.13,2
2018,ADK90,Canoe,open,NA,6.334444444444444,58.7,0,2.76,6
2023,ADK90,Canoe,oc2recmaster,1,6.337472222222223,65.2,0,5,2
2014,ADK90,Canoe,oc2stockmixveteran,1,6.339444444444444,68.9,0.067,4.01,2
2017,ADK90,Canoe,open,NA,6.34,52.8,0.02,5.46,6
2013,ADK90,Canoe,open,NA,6.34,57.4,0.047,4.6,6
2009,ADK90,Canoe,open,NA,6.340277777777778,60,0.185,4.03,6
2025,ADK90,Guideboat,g1,2,6.342583333333333,60.5,0.134,3.08,1
2011,ADK90,Canoe,open,NA,6.3436111111111115,62.9,0,7.28,6
2013,ADK90,Canoe,open,NA,6.344444444444444,57.4,0.047,4.6,6
2022,ADK90,Guideboat,g2mix,1,6.3475,67.5,0,3.91,2
2014,ADK90,Canoe,open,NA,6.350833333333333,68.9,0.067,4.01,6
2022,ADK90,Canoe,oc2stockmix,7,6.351055555555555,67.5,0,3.91,2
2015,ADK90,Canoe,oc1stock,3,6.352222222222222,63,0.185,2.75,1
2017,ADK90,Canoe,open,NA,6.3525,52.8,0.02,5.46,6
2025,ADK90,Canoe,oc4stocktour,1,6.352555555555556,60.5,0.134,3.08,4
2009,ADK90,Canoe,open,NA,6.352777777777778,60,0.185,4.03,6
2013,ADK90,Canoe,oc2am,3,6.354722222222223,57.4,0.047,4.6,2
2012,ADK90,Canoe,open,NA,6.355,69.1,0.516,4.29,6
2024,ADK90,Guideboat,g2,3,6.3550555555555555,59.6,0.768,4.26,2
2021,ADK90,Canoe,oc2rec,3,6.355555555555555,60,0,5.13,2
2013,ADK90,Guideboat,g2,5,6.3575,57.4,0.047,4.6,2
2025,ADK90,Canoe,oc2stockmaster,6,6.35825,60.5,0.134,3.08,2
2009,ADK90,Canoe,oc2stockwomen,3,6.358611111111111,60,0.185,4.03,2
2025,ADK90,Canoe,oc2stocktour,2,6.358833333333333,60.5,0.134,3.08,2
2012,ADK90,Canoe,oc2stock,10,6.3630555555555555,69.1,0.516,4.29,2
2010,ADK90,Canoe,oc1stock,1,6.365,58.4,0,3.89,1
2024,ADK90,Canoe,oc4stocktourmix,4,6.365055555555556,59.6,0.768,4.26,4
2013,ADK90,Canoe,oc2amwomen,1,6.365555555555556,57.4,0.047,4.6,2
2010,ADK90,Kayak,k1unlimited,3,6.365833333333334,58.4,0,3.89,1
2022,ADK90,Canoe,oc2rectour,1,6.366555555555555,67.5,0,3.91,2
2010,ADK90,Canoe,open,NA,6.368888888888889,58.4,0,3.89,6
2009,ADK90,Canoe,oc2recmix,3,6.3694444444444445,60,0.185,4.03,2
2021,ADK90,Canoe,oc2recmaster,1,6.3694444444444445,60,0,5.13,2
2012,ADK90,Canoe,oc1rec,5,6.369722222222222,69.1,0.516,4.29,1
2012,ADK90,Canoe,oc4mix,17,6.369722222222222,69.1,0.516,4.29,4
2014,ADK90,Canoe,open,NA,6.370555555555556,68.9,0.067,4.01,6
2022,ADK90,Canoe,oc2stockmix,5,6.370861111111111,67.5,0,3.91,2
2016,ADK90,Canoe,open,NA,6.3741666666666665,69.6,0.004,3.19,6
2017,ADK90,Guideboat,g2,5,6.375,52.8,0.02,5.46,2
2009,ADK90,Kayak,k2women,3,6.375,60,0.185,4.03,2
2024,ADK90,Kayak,k1sportmaster,7,6.375305555555555,59.6,0.768,4.26,1
2012,ADK90,Canoe,open,NA,6.376388888888889,69.1,0.516,4.29,6
2018,ADK90,Canoe,open,NA,6.376666666666667,58.7,0,2.76,6
2025,ADK90,Canoe,oc2stocknc,4,6.377194444444445,60.5,0.134,3.08,2
2023,ADK90,Canoe,oc2stockmaster,6,6.377277777777778,65.2,0,5,2
2017,ADK90,Canoe,open,NA,6.379444444444444,52.8,0.02,5.46,6
2014,ADK90,Canoe,oc2stockmixsuperveteran,1,6.380277777777778,68.9,0.067,4.01,2
2025,ADK90,Canoe,oc2stockmix,6,6.3807222222222215,60.5,0.134,3.08,2
2013,ADK90,Canoe,oc2family,2,6.380833333333333,57.4,0.047,4.6,2
2013,ADK90,Canoe,open,NA,6.381111111111111,57.4,0.047,4.6,6
2021,ADK90,Canoe,oc4stockmix,17,6.383333333333334,60,0,5.13,4
2008,ADK90,Canoe,oc2stockwomen,3,6.3838888888888885,70.2,0.323,4.58,2
2015,ADK90,Canoe,open,NA,6.384722222222222,63,0.185,2.75,6
2013,ADK90,Canoe,open,NA,6.385555555555555,57.4,0.047,4.6,6
2016,ADK90,Canoe,open,NA,6.385833333333333,69.6,0.004,3.19,6
2011,ADK90,Canoe,open,NA,6.386388888888889,62.9,0,7.28,6
2022,ADK90,Kayak,k1unlimitedveteran,3,6.386805555555555,67.5,0,3.91,1
2011,ADK90,Canoe,open,NA,6.389166666666667,62.9,0,7.28,6
2021,ADK90,SUP,solorecveteran,6,6.389444444444444,60,0,5.13,1
2009,ADK90,Canoe,oc2rec,6,6.389722222222222,60,0.185,4.03,2
2022,ADK90,Canoe,oc2,3,6.390333333333333,67.5,0,3.91,2
2018,ADK90,Canoe,open,NA,6.391111111111111,58.7,0,2.76,6
2015,ADK90,Guideboat,g2women,1,6.391944444444444,63,0.185,2.75,2
2023,ADK90,Canoe,oc2recnc,1,6.393194444444444,65.2,0,5,2
2009,ADK90,Canoe,oc1rec,4,6.393888888888889,60,0.185,4.03,1
2009,ADK90,Canoe,oc1recveteran,1,6.394166666666667,60,0.185,4.03,1
2025,ADK90,Canoe,oc3stockmix,3,6.394166666666667,60.5,0.134,3.08,3
2021,ADK90,Canoe,oc4stockmix,16,6.395555555555555,60,0,5.13,4
2011,ADK90,Canoe,open,NA,6.399444444444445,62.9,0,7.28,6
2010,ADK90,Canoe,open,NA,6.399444444444445,58.4,0,3.89,6
2018,ADK90,Canoe,oc4stockmix,9,6.400555555555556,58.7,0,2.76,4
2018,ADK90,Canoe,oc2stockmixmaster,3,6.400833333333333,58.7,0,2.76,2
2017,ADK90,Kayak,k1unlimitedwomen,1,6.401388888888889,52.8,0.02,5.46,1
2018,ADK90,Canoe,open,NA,6.401944444444444,58.7,0,2.76,6
2017,ADK90,Canoe,oc1stock,2,6.402777777777778,52.8,0.02,5.46,1
2010,ADK90,Canoe,oc2recmix,1,6.404166666666667,58.4,0,3.89,2
2017,ADK90,Canoe,oc2stockmix,3,6.404722222222222,52.8,0.02,5.46,2
2008,ADK90,Guideboat,g2,9,6.4061111111111115,70.2,0.323,4.58,2
2015,ADK90,Canoe,oc2stockmaster,6,6.4061111111111115,63,0.185,2.75,2
2013,ADK90,Canoe,open,NA,6.4075,57.4,0.047,4.6,6
2023,ADK90,Canoe,oc3stockmix,2,6.407861111111111,65.2,0,5,3
2014,ADK90,Canoe,oc1stockmaster,4,6.408333333333333,68.9,0.067,4.01,1
2013,ADK90,Canoe,open,NA,6.408611111111111,57.4,0.047,4.6,6
2021,ADK90,Canoe,oc2recmix,2,6.409166666666667,60,0,5.13,2
2025,ADK90,Canoe,oc2stocktour,2,6.409833333333334,60.5,0.134,3.08,2
2012,ADK90,Canoe,open,NA,6.410833333333334,69.1,0.516,4.29,6
2010,ADK90,Canoe,open,NA,6.411388888888889,58.4,0,3.89,6
2011,ADK90,Canoe,oc1rec,6,6.413611111111111,62.9,0,7.28,1
2014,ADK90,Canoe,open,NA,6.413888888888889,68.9,0.067,4.01,6
2011,ADK90,Canoe,oc1rec,5,6.415555555555556,62.9,0,7.28,1
2024,ADK90,Canoe,oc2stockmixmaster,5,6.416916666666667,59.6,0.768,4.26,2
2025,ADK90,Canoe,oc4stockmix,12,6.417027777777777,60.5,0.134,3.08,4
2008,ADK90,Kayak,k1tour,7,6.417777777777777,70.2,0.323,4.58,1
2021,ADK90,Canoe,oc2stockmix,7,6.418333333333333,60,0,5.13,2
2013,ADK90,Canoe,open,NA,6.418333333333333,57.4,0.047,4.6,6
2016,ADK90,Canoe,oc2stockwomen,2,6.418611111111111,69.6,0.004,3.19,2
2019,ADK90,Canoe,oc1recveteran,4,6.418888888888889,59.3,0.008,4.97,1
2014,ADK90,Canoe,open,NA,6.418888888888889,68.9,0.067,4.01,6
2022,ADK90,Canoe,oc2,4,6.419277777777778,67.5,0,3.91,2
2009,ADK90,Canoe,open,NA,6.42,60,0.185,4.03,6
2014,ADK90,Canoe,oc2stocksuperveteran,1,6.42,68.9,0.067,4.01,2
2013,ADK90,Canoe,oc1stock,2,6.420555555555556,57.4,0.047,4.6,1
2019,ADK90,Canoe,oc1stock,3,6.420833333333333,59.3,0.008,4.97,1
2012,ADK90,Canoe,oc2stockmix,2,6.4222222222222225,69.1,0.516,4.29,2
2016,ADK90,Canoe,oc1stockmaster,2,6.4225,69.6,0.004,3.19,1
2011,ADK90,Canoe,open,NA,6.422777777777778,62.9,0,7.28,6
2008,ADK90,Canoe,oc4women,1,6.422777777777778,70.2,0.323,4.58,4
2017,ADK90,Canoe,oc1stock,1,6.4238888888888885,52.8,0.02,5.46,1
2017,ADK90,Canoe,open,NA,6.4238888888888885,52.8,0.02,5.46,6
2017,ADK90,Canoe,oc2stockmix,5,6.424444444444444,52.8,0.02,5.46,2
2016,ADK90,Guideboat,g2,3,6.424444444444444,69.6,0.004,3.19,2
2009,ADK90,Canoe,open,NA,6.424444444444444,60,0.185,4.03,6
2024,ADK90,Canoe,oc2stockwomen,2,6.425666666666667,59.6,0.768,4.26,2
2024,ADK90,Guideboat,g2womenmaster,1,6.426111111111111,59.6,0.768,4.26,2
2012,ADK90,Canoe,open,NA,6.426666666666667,69.1,0.516,4.29,6
2008,ADK90,Canoe,open,NA,6.427222222222222,70.2,0.323,4.58,6
2024,ADK90,Canoe,oc1open,1,6.430222222222222,59.6,0.768,4.26,1
2010,ADK90,Canoe,oc1am,4,6.430555555555555,58.4,0,3.89,1
2025,ADK90,Canoe,oc2stockmaster,8,6.431805555555556,60.5,0.134,3.08,2
2016,ADK90,Kayak,k1tourwomen,2,6.434722222222222,69.6,0.004,3.19,1
2016,ADK90,Canoe,open,NA,6.436111111111111,69.6,0.004,3.19,6
2018,ADK90,Canoe,oc1recmaster,2,6.4366666666666665,58.7,0,2.76,1
2018,ADK90,Canoe,open,NA,6.438055555555556,58.7,0,2.76,6
2015,ADK90,Canoe,oc2stock,11,6.439166666666667,63,0.185,2.75,2
2022,ADK90,Canoe,oc1stockveteran,3,6.4408611111111105,67.5,0,3.91,1
2024,ADK90,Canoe,oc2stockmaster,8,6.441083333333334,59.6,0.768,4.26,2
2024,ADK90,Canoe,oc2stockmixveteran,7,6.441277777777778,59.6,0.768,4.26,2
2018,ADK90,Canoe,oc1recmaster,1,6.441944444444444,58.7,0,2.76,1
2024,ADK90,Canoe,oc2openwomen,1,6.443555555555555,59.6,0.768,4.26,2
2016,ADK90,Canoe,open,NA,6.445833333333334,69.6,0.004,3.19,6
2010,ADK90,Canoe,open,NA,6.446111111111111,58.4,0,3.89,6
2015,ADK90,Canoe,open,NA,6.446111111111111,63,0.185,2.75,6
2021,ADK90,Canoe,oc1womenmaster,1,6.447222222222222,60,0,5.13,1
2017,ADK90,Canoe,oc2stockmix,6,6.4475,52.8,0.02,5.46,2
2018,ADK90,Canoe,oc2stock,3,6.450555555555556,58.7,0,2.76,2
2014,ADK90,Canoe,oc2ammix,3,6.4511111111111115,68.9,0.067,4.01,2
2011,ADK90,Guideboat,g2,8,6.451944444444444,62.9,0,7.28,2
2011,ADK90,Canoe,open,NA,6.451944444444444,62.9,0,7.28,6
2008,ADK90,Canoe,open,NA,6.4525,70.2,0.323,4.58,6
2012,ADK90,Canoe,open,NA,6.453611111111111,69.1,0.516,4.29,6
2012,ADK90,Canoe,open,NA,6.454444444444444,69.1,0.516,4.29,6
2025,ADK90,Canoe,oc4stockmix,14,6.454638888888889,60.5,0.134,3.08,4
2022,ADK90,Canoe,oc2stockmixmaster,7,6.454805555555556,67.5,0,3.91,2
2015,ADK90,Canoe,open,NA,6.456111111111111,63,0.185,2.75,6
2018,ADK90,Canoe,oc2stockmix,3,6.456111111111111,58.7,0,2.76,2
2015,ADK90,Canoe,oc2stockwomen,2,6.456388888888889,63,0.185,2.75,2
2008,ADK90,Canoe,open,NA,6.456944444444445,70.2,0.323,4.58,6
2016,ADK90,Guideboat,g2,4,6.457777777777777,69.6,0.004,3.19,2
2025,ADK90,Canoe,oc2stockmaster,9,6.459444444444444,60.5,0.134,3.08,2
2023,ADK90,Canoe,oc2stockmix,8,6.46025,65.2,0,5,2
2012,ADK90,Canoe,open,NA,6.4625,69.1,0.516,4.29,6
2015,ADK90,Canoe,open,NA,6.463611111111111,63,0.185,2.75,6
2008,ADK90,Canoe,oc2recmix,3,6.465,70.2,0.323,4.58,2
2025,ADK90,Canoe,oc2stock,13,6.465055555555556,60.5,0.134,3.08,2
2018,ADK90,Canoe,oc1am,1,6.466388888888889,58.7,0,2.76,1
2025,ADK90,Canoe,oc4stocknc,4,6.467055555555556,60.5,0.134,3.08,4
2017,ADK90,Guideboat,g2,6,6.467222222222222,52.8,0.02,5.46,2
2015,ADK90,Canoe,oc4women,4,6.467222222222222,63,0.185,2.75,4
2010,ADK90,Canoe,open,NA,6.4688888888888885,58.4,0,3.89,6
2024,ADK90,Canoe,oc2stockwomenmaster,1,6.470416666666667,59.6,0.768,4.26,2
2012,ADK90,Guideboat,g1,4,6.471111111111111,69.1,0.516,4.29,1
2021,ADK90,Canoe,oc2stock,11,6.4725,60,0,5.13,2
2017,ADK90,Canoe,oc1rec,3,6.473055555555556,52.8,0.02,5.46,1
2012,ADK90,Canoe,oc1rec,3,6.473333333333334,69.1,0.516,4.29,1
2021,ADK90,Canoe,oc1master,1,6.473611111111111,60,0,5.13,1
2017,ADK90,Canoe,oc2stockwomen,2,6.4752777777777775,52.8,0.02,5.46,2
2014,ADK90,Kayak,k1tourmaster,5,6.475555555555555,68.9,0.067,4.01,1
2023,ADK90,Guideboat,g2nc,2,6.476361111111111,65.2,0,5,2
2023,ADK90,Canoe,oc2rec,3,6.477194444444445,65.2,0,5,2
2015,ADK90,Canoe,open,NA,6.477222222222222,63,0.185,2.75,6
2023,ADK90,SUP,sup,1,6.47825,65.2,0,5,1
2009,ADK90,Guideboat,g2,5,6.479722222222223,60,0.185,4.03,2
2021,ADK90,Canoe,oc4,4,6.479722222222223,60,0,5.13,4
2025,ADK90,Canoe,oc1stock,5,6.479916666666667,60.5,0.134,3.08,1
2012,ADK90,Kayak,k2women,2,6.481111111111111,69.1,0.516,4.29,2
2015,ADK90,Canoe,open,NA,6.481111111111111,63,0.185,2.75,6
2018,ADK90,Canoe,oc2amwomen,1,6.4816666666666665,58.7,0,2.76,2
2022,ADK90,Canoe,oc2stockmix,8,6.484361111111111,67.5,0,3.91,2
2018,ADK90,Canoe,open,NA,6.484444444444445,58.7,0,2.76,6
2011,ADK90,Canoe,open,NA,6.484444444444445,62.9,0,7.28,6
2025,ADK90,Canoe,oc4stockwomen,4,6.485916666666666,60.5,0.134,3.08,4
2011,ADK90,Canoe,open,NA,6.486666666666666,62.9,0,7.28,6
2024,ADK90,Canoe,oc4stocktourwomen,1,6.486694444444444,59.6,0.768,4.26,4
2013,ADK90,Canoe,open,NA,6.487222222222222,57.4,0.047,4.6,6
2012,ADK90,Canoe,open,NA,6.488333333333333,69.1,0.516,4.29,6
2012,ADK90,Canoe,oc2stock,11,6.488333333333333,69.1,0.516,4.29,2
2009,ADK90,Canoe,oc2stock,10,6.488611111111111,60,0.185,4.03,2
2010,ADK90,Guideboat,g2,8,6.488888888888889,58.4,0,3.89,2
2025,ADK90,Canoe,oc4stockmix,13,6.4919166666666674,60.5,0.134,3.08,4
2008,ADK90,Canoe,open,NA,6.494722222222222,70.2,0.323,4.58,6
2016,ADK90,Canoe,open,NA,6.495277777777778,69.6,0.004,3.19,6
2023,ADK90,Canoe,oc2,2,6.4953611111111105,65.2,0,5,2
2016,ADK90,Canoe,open,NA,6.495555555555556,69.6,0.004,3.19,6
2009,ADK90,Canoe,open,NA,6.498333333333333,60,0.185,4.03,6
2024,ADK90,Canoe,oc4stockmix,22,6.498833333333333,59.6,0.768,4.26,4
2011,ADK90,Canoe,open,NA,6.498888888888889,62.9,0,7.28,6
2015,ADK90,Guideboat,g2,3,6.5,63,0.185,2.75,2
2019,ADK90,Guideboat,g2,4,6.502222222222223,59.3,0.008,4.97,2
2008,ADK90,Canoe,open,NA,6.503333333333333,70.2,0.323,4.58,6
2017,ADK90,Canoe,oc1stockwomen,1,6.504444444444444,52.8,0.02,5.46,1
2016,ADK90,Canoe,open,NA,6.506388888888889,69.6,0.004,3.19,6
2024,ADK90,Canoe,oc2stockmaster,7,6.5071666666666665,59.6,0.768,4.26,2
2025,ADK90,Canoe,oc2stock,15,6.507555555555555,60.5,0.134,3.08,2
2008,ADK90,Canoe,open,NA,6.508055555555556,70.2,0.323,4.58,6
2008,ADK90,Canoe,open,NA,6.508055555555556,70.2,0.323,4.58,6
2009,ADK90,Voyageur,voyageur,8,6.5088888888888885,60,0.185,4.03,6
2015,ADK90,Canoe,open,NA,6.509166666666666,63,0.185,2.75,6
2010,ADK90,Canoe,oc1stock,2,6.509722222222222,58.4,0,3.89,1
2024,ADK90,Kayak,k1sportveteran,4,6.511027777777778,59.6,0.768,4.26,1
2025,ADK90,Canoe,oc4stockwomen,5,6.5110833333333336,60.5,0.134,3.08,4
2010,ADK90,Canoe,oc4women,1,6.511388888888889,58.4,0,3.89,4
2021,ADK90,Guideboat,g2,9,6.512777777777778,60,0,5.13,2
2025,ADK90,Canoe,oc2stockmaster,7,6.513444444444445,60.5,0.134,3.08,2
2013,ADK90,Canoe,open,NA,6.514444444444444,57.4,0.047,4.6,6
2009,ADK90,Canoe,oc2stockmaster,10,6.5175,60,0.185,4.03,2
2015,ADK90,Canoe,open,NA,6.517777777777778,63,0.185,2.75,6
2025,ADK90,Canoe,oc2stock,16,6.518027777777778,60.5,0.134,3.08,2
2015,ADK90,Canoe,oc2stockwomen,3,6.518888888888889,63,0.185,2.75,2
2022,ADK90,Canoe,oc2stocktour,5,6.520527777777779,67.5,0,3.91,2
2009,ADK90,Canoe,open,NA,6.5225,60,0.185,4.03,6
2009,ADK90,Canoe,open,NA,6.523611111111111,60,0.185,4.03,6
2018,ADK90,Canoe,open,NA,6.524166666666667,58.7,0,2.76,6
2011,ADK90,Canoe,open,NA,6.525555555555556,62.9,0,7.28,6
2015,ADK90,Kayak,k1tourmaster,9,6.525555555555556,63,0.185,2.75,1
2011,ADK90,Canoe,open,NA,6.526388888888889,62.9,0,7.28,6
2018,ADK90,Canoe,oc1stock,2,6.526944444444444,58.7,0,2.76,1
2012,ADK90,Canoe,open,NA,6.530555555555556,69.1,0.516,4.29,6
2021,ADK90,Canoe,oc1,1,6.530833333333334,60,0,5.13,1
2013,ADK90,Canoe,oc2family,1,6.5344444444444445,57.4,0.047,4.6,2
2021,ADK90,Canoe,oc4stockmix,19,6.534722222222222,60,0,5.13,4
2012,ADK90,Canoe,open,NA,6.535,69.1,0.516,4.29,6
2011,ADK90,Canoe,oc1stock,5,6.536111111111111,62.9,0,7.28,1
2018,ADK90,Canoe,open,NA,6.536666666666667,58.7,0,2.76,6
2015,ADK90,Canoe,open,NA,6.537222222222222,63,0.185,2.75,6
2022,ADK90,Canoe,oc2rectour,3,6.537694444444445,67.5,0,3.91,2
2013,ADK90,Canoe,open,NA,6.5377777777777775,57.4,0.047,4.6,6
2024,ADK90,Canoe,oc2stock,19,6.537972222222223,59.6,0.768,4.26,2
2021,ADK90,Canoe,oc2stockmixmaster,5,6.538888888888889,60,0,5.13,2
2025,ADK90,Canoe,oc2stockmix,7,6.539083333333333,60.5,0.134,3.08,2
2010,ADK90,Canoe,open,NA,6.54,58.4,0,3.89,6
2009,ADK90,Canoe,oc2stockwomen,4,6.540277777777778,60,0.185,4.03,2
2011,ADK90,Canoe,open,NA,6.541111111111111,62.9,0,7.28,6
2008,ADK90,Canoe,open,NA,6.541388888888889,70.2,0.323,4.58,6
2016,ADK90,Canoe,oc1stock,3,6.541666666666667,69.6,0.004,3.19,1
2016,ADK90,Canoe,oc1stock,2,6.541944444444445,69.6,0.004,3.19,1
2019,ADK90,Guideboat,g2mix,2,6.5425,59.3,0.008,4.97,2
2025,ADK90,Canoe,oc3stockmix,4,6.543305555555556,60.5,0.134,3.08,3
2023,ADK90,Canoe,oc2stock,14,6.544277777777778,65.2,0,5,2
2012,ADK90,Canoe,open,NA,6.545555555555556,69.1,0.516,4.29,6
2018,ADK90,Canoe,oc2am,2,6.546388888888889,58.7,0,2.76,2
2015,ADK90,Canoe,open,NA,6.546666666666667,63,0.185,2.75,6
2014,ADK90,Guideboat,g2,5,6.5475,68.9,0.067,4.01,2
2023,ADK90,Kayak,k1womennc,2,6.548055555555556,65.2,0,5,1
2014,ADK90,Canoe,open,NA,6.551111111111111,68.9,0.067,4.01,6
2017,ADK90,Canoe,open,NA,6.551388888888889,52.8,0.02,5.46,6
2010,ADK90,Canoe,oc2stockmix,6,6.551388888888889,58.4,0,3.89,2
2022,ADK90,Guideboat,g2master,2,6.551888888888889,67.5,0,3.91,2
2017,ADK90,Canoe,open,NA,6.552777777777778,52.8,0.02,5.46,6
2012,ADK90,Canoe,open,NA,6.553055555555556,69.1,0.516,4.29,6
2014,ADK90,Canoe,open,NA,6.5536111111111115,68.9,0.067,4.01,6
2012,ADK90,Canoe,open,NA,6.554166666666666,69.1,0.516,4.29,6
2025,ADK90,Canoe,oc2stockveteran,1,6.554694444444445,60.5,0.134,3.08,2
2012,ADK90,Canoe,oc2familt,1,6.5575,69.1,0.516,4.29,2
2018,ADK90,Canoe,open,NA,6.557777777777778,58.7,0,2.76,6
2022,ADK90,Canoe,oc4stockmix,16,6.5585555555555555,67.5,0,3.91,4
2011,ADK90,Canoe,open,NA,6.558611111111111,62.9,0,7.28,6
2024,ADK90,Canoe,oc4stockmaster,11,6.560388888888889,59.6,0.768,4.26,4
2017,ADK90,Canoe,open,NA,6.561111111111111,52.8,0.02,5.46,6
2010,ADK90,Canoe,open,NA,6.562222222222222,58.4,0,3.89,6
2018,ADK90,Canoe,oc4stockmix,10,6.563055555555556,58.7,0,2.76,4
2025,ADK90,Canoe,oc4stockmix,15,6.564388888888889,60.5,0.134,3.08,4
2021,ADK90,Canoe,oc4stockmix,18,6.564444444444445,60,0,5.13,4
2025,ADK90,Canoe,oc2stocktour,4,6.56575,60.5,0.134,3.08,2
2012,ADK90,Canoe,open,NA,6.566666666666666,69.1,0.516,4.29,6
2022,ADK90,Canoe,oc2stock,4,6.566666666666666,67.5,0,3.91,2
2015,ADK90,Canoe,open,NA,6.567777777777778,63,0.185,2.75,6
2014,ADK90,Canoe,oc1am,1,6.567777777777778,68.9,0.067,4.01,1
2014,ADK90,Canoe,open,NA,6.568611111111111,68.9,0.067,4.01,6
2016,ADK90,Kayak,k1tour,3,6.57,69.6,0.004,3.19,1
2015,ADK90,Canoe,open,NA,6.5713888888888885,63,0.185,2.75,6
2025,ADK90,Canoe,oc2stockmix,9,6.571944444444444,60.5,0.134,3.08,2
2018,ADK90,Canoe,open,NA,6.572222222222222,58.7,0,2.76,6
2024,ADK90,Canoe,oc4stockmix,23,6.574055555555555,59.6,0.768,4.26,4
2014,ADK90,Guideboat,g2,6,6.575555555555556,68.9,0.067,4.01,2
2015,ADK90,Canoe,open,NA,6.576944444444444,63,0.185,2.75,6
2010,ADK90,Guideboat,g2,9,6.5777777777777775,58.4,0,3.89,2
2008,ADK90,Canoe,open,NA,6.584722222222222,70.2,0.323,4.58,6
2014,ADK90,Canoe,open,NA,6.585555555555556,68.9,0.067,4.01,6
2009,ADK90,Canoe,open,NA,6.585555555555556,60,0.185,4.03,6
2022,ADK90,Canoe,oc2rectour,4,6.586555555555555,67.5,0,3.91,2
2009,ADK90,Canoe,oc2recmix,4,6.5872222222222225,60,0.185,4.03,2
2015,ADK90,Canoe,oc1rec,2,6.5872222222222225,63,0.185,2.75,1
2012,ADK90,Canoe,open,NA,6.59,69.1,0.516,4.29,6
2022,ADK90,Canoe,oc2rectour,2,6.590055555555556,67.5,0,3.91,2
2019,ADK90,Guideboat,g2,3,6.591111111111111,59.3,0.008,4.97,2
2014,ADK90,Guideboat,g1,1,6.592777777777778,68.9,0.067,4.01,1
2013,ADK90,Canoe,open,NA,6.5936111111111115,57.4,0.047,4.6,6
2023,ADK90,Guideboat,g2women,1,6.594333333333333,65.2,0,5,2
2017,ADK90,Canoe,open,NA,6.596111111111111,52.8,0.02,5.46,6
2012,ADK90,Guideboat,g2,8,6.596111111111111,69.1,0.516,4.29,2
2011,ADK90,Canoe,open,NA,6.597222222222222,62.9,0,7.28,6
2023,ADK90,Canoe,oc2stockmaster,7,6.598722222222222,65.2,0,5,2
2009,ADK90,Guideboat,g2,7,6.599444444444444,60,0.185,4.03,2
2021,ADK90,Guideboat,g2,8,6.599722222222222,60,0,5.13,2
2010,ADK90,Canoe,open,NA,6.601111111111111,58.4,0,3.89,6
2014,ADK90,Canoe,open,NA,6.601111111111111,68.9,0.067,4.01,6
2013,ADK90,Canoe,open,NA,6.601388888888889,57.4,0.047,4.6,6
2017,ADK90,Canoe,oc4,7,6.601666666666667,52.8,0.02,5.46,4
2014,ADK90,Guideboat,g2,4,6.601666666666667,68.9,0.067,4.01,2
2010,ADK90,Canoe,open,NA,6.6025,58.4,0,3.89,6
2009,ADK90,Canoe,open,NA,6.6025,60,0.185,4.03,6
2017,ADK90,Canoe,open,NA,6.602777777777778,52.8,0.02,5.46,6
2018,ADK90,Guideboat,g1,3,6.603055555555556,58.7,0,2.76,1
2023,ADK90,Kayak,k1women,1,6.603194444444444,65.2,0,5,1
2016,ADK90,Canoe,oc1stockmaster,1,6.603888888888889,69.6,0.004,3.19,1
2015,ADK90,Kayak,k1tourmaster,7,6.604444444444445,63,0.185,2.75,1
2009,ADK90,Canoe,oc2stockmixveteran,1,6.604444444444445,60,0.185,4.03,2
2014,ADK90,Canoe,oc1rec,10,6.608611111111111,68.9,0.067,4.01,1
2009,ADK90,Kayak,k1tourwomen,1,6.608888888888889,60,0.185,4.03,1
2014,ADK90,Canoe,oc1rec,9,6.609444444444445,68.9,0.067,4.01,1
2016,ADK90,Guideboat,g2,5,6.61,69.6,0.004,3.19,2
2014,ADK90,Canoe,open,NA,6.610277777777778,68.9,0.067,4.01,6
2024,ADK90,Guideboat,g2,4,6.61075,59.6,0.768,4.26,2
2010,ADK90,Canoe,open,NA,6.611111111111111,58.4,0,3.89,6
2009,ADK90,Guideboat,g2,6,6.6113888888888885,60,0.185,4.03,2
2009,ADK90,Canoe,oc4women,1,6.612222222222222,60,0.185,4.03,4
2013,ADK90,Canoe,open,NA,6.6125,57.4,0.047,4.6,6
2014,ADK90,Canoe,oc1rec,11,6.6125,68.9,0.067,4.01,1
2010,ADK90,Guideboat,g2,7,6.612777777777778,58.4,0,3.89,2
2015,ADK90,Canoe,open,NA,6.613333333333333,63,0.185,2.75,6
2015,ADK90,Canoe,open,NA,6.614722222222222,63,0.185,2.75,6
2009,ADK90,Canoe,oc2family,3,6.615,60,0.185,4.03,2
2009,ADK90,Canoe,open,NA,6.616388888888889,60,0.185,4.03,6
2025,ADK90,Canoe,oc2stocktour,3,6.6168611111111115,60.5,0.134,3.08,2
2014,ADK90,Canoe,open,NA,6.617222222222222,68.9,0.067,4.01,6
2015,ADK90,Canoe,open,NA,6.617222222222222,63,0.185,2.75,6
2013,ADK90,Canoe,open,NA,6.617222222222222,57.4,0.047,4.6,6
2014,ADK90,Canoe,open,NA,6.6177777777777775,68.9,0.067,4.01,6
2011,ADK90,Canoe,open,NA,6.618055555555555,62.9,0,7.28,6
2023,ADK90,Canoe,oc2recmaster,2,6.618833333333333,65.2,0,5,2
2025,ADK90,Canoe,oc4stockwomen,6,6.620694444444444,60.5,0.134,3.08,4
2017,ADK90,Canoe,open,NA,6.621111111111111,52.8,0.02,5.46,6
2010,ADK90,Canoe,open,NA,6.621111111111111,58.4,0,3.89,6
2018,ADK90,Canoe,oc2rec,2,6.621388888888889,58.7,0,2.76,2
2013,ADK90,Canoe,open,NA,6.621944444444445,57.4,0.047,4.6,6
2011,ADK90,Canoe,open,NA,6.6225,62.9,0,7.28,6
2025,ADK90,Canoe,oc2stockwomen,1,6.623638888888888,60.5,0.134,3.08,2
2016,ADK90,Canoe,open,NA,6.623888888888889,69.6,0.004,3.19,6
2011,ADK90,Canoe,oc2stockmixmaster,8,6.6241666666666665,62.9,0,7.28,2
2014,ADK90,Canoe,open,NA,6.6258333333333335,68.9,0.067,4.01,6
2017,ADK90,Canoe,open,NA,6.626944444444445,52.8,0.02,5.46,6
2015,ADK90,Canoe,open,NA,6.629444444444444,63,0.185,2.75,6
2018,ADK90,Canoe,open,NA,6.629444444444444,58.7,0,2.76,6
2008,ADK90,Canoe,open,NA,6.629722222222222,70.2,0.323,4.58,6
2023,ADK90,Canoe,oc2stock,15,6.631666666666667,65.2,0,5,2
2023,ADK90,Canoe,oc4stockmix,19,6.632888888888889,65.2,0,5,4
2023,ADK90,Canoe,oc4stockmixnc,2,6.633222222222222,65.2,0,5,4
2013,ADK90,Canoe,open,NA,6.6338888888888885,57.4,0.047,4.6,6
2018,ADK90,Canoe,open,NA,6.6338888888888885,58.7,0,2.76,6
2018,ADK90,Canoe,oc2stock,4,6.635277777777778,58.7,0,2.76,2
2023,ADK90,Canoe,oc3stocknc,3,6.636222222222223,65.2,0,5,3
2015,ADK90,Canoe,open,NA,6.637222222222222,63,0.185,2.75,6
2017,ADK90,Canoe,oc2stockveteran,4,6.637222222222222,52.8,0.02,5.46,2
2025,ADK90,Kayak,k2tournc,3,6.638194444444444,60.5,0.134,3.08,2
2014,ADK90,Canoe,open,NA,6.639722222222222,68.9,0.067,4.01,6
2009,ADK90,Canoe,open,NA,6.6402777777777775,60,0.185,4.03,6
2010,ADK90,Canoe,oc4women,2,6.6402777777777775,58.4,0,3.89,4
2022,ADK90,Canoe,oc2rec,3,6.640638888888889,67.5,0,3.91,2
2013,ADK90,Guideboat,g1,4,6.641111111111111,57.4,0.047,4.6,1
2008,ADK90,Canoe,open,NA,6.641388888888889,70.2,0.323,4.58,6
2013,ADK90,Canoe,open,NA,6.641388888888889,57.4,0.047,4.6,6
2012,ADK90,Canoe,oc1rec,7,6.641666666666667,69.1,0.516,4.29,1
2024,ADK90,Canoe,oc2stockwomen,3,6.642333333333334,59.6,0.768,4.26,2
2008,ADK90,Guideboat,g2,10,6.6425,70.2,0.323,4.58,2
2011,ADK90,Canoe,open,NA,6.642777777777778,62.9,0,7.28,6
2021,ADK90,Canoe,oc2stockmixmaster,4,6.6433333333333335,60,0,5.13,2
2009,ADK90,Canoe,open,NA,6.645,60,0.185,4.03,6
2018,ADK90,Canoe,oc2stockveteran,1,6.645555555555555,58.7,0,2.76,2
2014,ADK90,Canoe,oc1stockveteran,3,6.6466666666666665,68.9,0.067,4.01,1
2014,ADK90,Guideboat,g2mix,2,6.648055555555556,68.9,0.067,4.01,2
2018,ADK90,Canoe,open,NA,6.648888888888889,58.7,0,2.76,6
2025,ADK90,Canoe,oc3stockmix,5,6.649472222222222,60.5,0.134,3.08,3
2013,ADK90,Canoe,open,NA,6.6525,57.4,0.047,4.6,6
2010,ADK90,Canoe,oc2stockmix,7,6.6525,58.4,0,3.89,2
2010,ADK90,Canoe,oc2stockmixmaster,10,6.656666666666666,58.4,0,3.89,2
2018,ADK90,Kayak,k1tour,7,6.657777777777778,58.7,0,2.76,1
2025,ADK90,Kayak,k2tournc,2,6.658444444444445,60.5,0.134,3.08,2
2024,ADK90,Canoe,oc2recmaster,1,6.659055555555555,59.6,0.768,4.26,2
2015,ADK90,Canoe,open,NA,6.6594444444444445,63,0.185,2.75,6
2019,ADK90,Guideboat,g2,5,6.6594444444444445,59.3,0.008,4.97,2
2023,ADK90,Kayak,k1master,8,6.659805555555556,65.2,0,5,1
2012,ADK90,Canoe,open,NA,6.66,69.1,0.516,4.29,6
2009,ADK90,Canoe,open,NA,6.660277777777778,60,0.185,4.03,6
2021,ADK90,Canoe,oc2stockwomen,3,6.661388888888889,60,0,5.13,2
2009,ADK90,Canoe,open,NA,6.663888888888889,60,0.185,4.03,6
2008,ADK90,Canoe,open,NA,6.665,70.2,0.323,4.58,6
2017,ADK90,Canoe,open,NA,6.666111111111111,52.8,0.02,5.46,6
2025,ADK90,Canoe,oc2stockmaster,10,6.6666388888888894,60.5,0.134,3.08,2
2023,ADK90,Canoe,oc1,1,6.667194444444445,65.2,0,5,1
2021,ADK90,Canoe,oc2recmix,1,6.668611111111111,60,0,5.13,2
2011,ADK90,Canoe,open,NA,6.668888888888889,62.9,0,7.28,6
2008,ADK90,Canoe,open,NA,6.669722222222222,70.2,0.323,4.58,6
2012,ADK90,Canoe,open,NA,6.671388888888889,69.1,0.516,4.29,6
2010,ADK90,Canoe,open,NA,6.671944444444445,58.4,0,3.89,6
2017,ADK90,Canoe,open,NA,6.672777777777778,52.8,0.02,5.46,6
2012,ADK90,Canoe,open,NA,6.673333333333333,69.1,0.516,4.29,6
2018,ADK90,Canoe,open,NA,6.673333333333333,58.7,0,2.76,6
2014,ADK90,Canoe,open,NA,6.674722222222222,68.9,0.067,4.01,6
2023,ADK90,Canoe,oc2stockwomen,4,6.675305555555555,65.2,0,5,2
2010,ADK90,Canoe,oc4women,3,6.6755555555555555,58.4,0,3.89,4
2023,ADK90,Canoe,oc1stockveteran,3,6.676055555555555,65.2,0,5,1
2013,ADK90,Canoe,oc1rec,6,6.676111111111111,57.4,0.047,4.6,1
2014,ADK90,Canoe,open,NA,6.676388888888889,68.9,0.067,4.01,6
2023,ADK90,Canoe,oc2recnc,2,6.677888888888889,65.2,0,5,2
2025,ADK90,Kayak,k1sportveteran,2,6.678138888888888,60.5,0.134,3.08,1
2022,ADK90,Canoe,oc2stock,5,6.678805555555556,67.5,0,3.91,2
2017,ADK90,Canoe,open,NA,6.679444444444444,52.8,0.02,5.46,6
2025,ADK90,Canoe,oc2stockmix,8,6.6795277777777775,60.5,0.134,3.08,2
2008,ADK90,Canoe,oc2rec,5,6.68,70.2,0.323,4.58,2
2024,ADK90,Guideboat,g2,5,6.686638888888889,59.6,0.768,4.26,2
2012,ADK90,Canoe,oc2ammix,5,6.686944444444444,69.1,0.516,4.29,2
2011,ADK90,Canoe,open,NA,6.687777777777778,62.9,0,7.28,6
2022,ADK90,Guideboat,g1,2,6.687861111111111,67.5,0,3.91,1
2018,ADK90,Canoe,open,NA,6.6883333333333335,58.7,0,2.76,6
2022,ADK90,Canoe,oc2stockopen,13,6.688777777777777,67.5,0,3.91,2
2024,ADK90,Canoe,oc2stockwomenveteran,1,6.689666666666667,59.6,0.768,4.26,2
2012,ADK90,Kayak,k1tourwomen,1,6.691388888888889,69.1,0.516,4.29,1
2024,ADK90,Canoe,oc2stocknc,2,6.691833333333333,59.6,0.768,4.26,2
2012,ADK90,Canoe,open,NA,6.692222222222222,69.1,0.516,4.29,6
2023,ADK90,Guideboat,g2,5,6.692722222222222,65.2,0,5,2
2008,ADK90,Canoe,open,NA,6.6947222222222225,70.2,0.323,4.58,6
2025,ADK90,Canoe,oc2stockmixmaster,3,6.697527777777777,60.5,0.134,3.08,2
2014,ADK90,Canoe,open,NA,6.697777777777778,68.9,0.067,4.01,6
2013,ADK90,Canoe,open,NA,6.698611111111111,57.4,0.047,4.6,6
2008,ADK90,Canoe,open,NA,6.6994444444444445,70.2,0.323,4.58,6
2023,ADK90,Canoe,oc2mix,3,6.699666666666666,65.2,0,5,2
2022,ADK90,Canoe,oc4stocktour,3,6.70086111111111,67.5,0,3.91,4
2014,ADK90,Guideboat,g2,3,6.701944444444444,68.9,0.067,4.01,2
2010,ADK90,Canoe,open,NA,6.7027777777777775,58.4,0,3.89,6
2012,ADK90,Canoe,oc1stock,6,6.703888888888889,69.1,0.516,4.29,1
2016,ADK90,Canoe,open,NA,6.704722222222222,69.6,0.004,3.19,6
2022,ADK90,Canoe,oc2stockmaster,6,6.705027777777778,67.5,0,3.91,2
2010,ADK90,Canoe,open,NA,6.705555555555556,58.4,0,3.89,6
2016,ADK90,Guideboat,g2,6,6.705555555555556,69.6,0.004,3.19,2
2010,ADK90,Canoe,open,NA,6.705555555555556,58.4,0,3.89,6
2008,ADK90,Kayak,k1women,1,6.706388888888889,70.2,0.323,4.58,1
2022,ADK90,Canoe,oc2rectour,6,6.706916666666667,67.5,0,3.91,2
2009,ADK90,Canoe,oc2family,2,6.708055555555555,60,0.185,4.03,2
2010,ADK90,Canoe,oc1rec,8,6.708888888888889,58.4,0,3.89,1
2010,ADK90,Canoe,open,NA,6.708888888888889,58.4,0,3.89,6
2012,ADK90,Canoe,open,NA,6.709444444444444,69.1,0.516,4.29,6
2009,ADK90,Canoe,oc2stock,11,6.71,60,0.185,4.03,2
2024,ADK90,Canoe,oc2stock,20,6.710583333333333,59.6,0.768,4.26,2
2012,ADK90,Canoe,oc1stock,5,6.710833333333333,69.1,0.516,4.29,1
2009,ADK90,Canoe,open,NA,6.7125,60,0.185,4.03,6
2024,ADK90,Canoe,oc1tour,1,6.712861111111111,59.6,0.768,4.26,1
2013,ADK90,Guideboat,g2mix,2,6.713055555555556,57.4,0.047,4.6,2
2019,ADK90,Canoe,oc2recmix,2,6.7155555555555555,59.3,0.008,4.97,2
2008,ADK90,Canoe,open,NA,6.716666666666667,70.2,0.323,4.58,6
2018,ADK90,Canoe,open,NA,6.717777777777778,58.7,0,2.76,6
2017,ADK90,Canoe,open,NA,6.719444444444444,52.8,0.02,5.46,6
2012,ADK90,Canoe,open,NA,6.72,69.1,0.516,4.29,6
2014,ADK90,Canoe,open,NA,6.720833333333333,68.9,0.067,4.01,6
2022,ADK90,Kayak,k1tourmaster,4,6.721861111111111,67.5,0,3.91,1
2025,ADK90,Canoe,oc4stockmixmaster,3,6.722583333333333,60.5,0.134,3.08,4
2013,ADK90,Canoe,open,NA,6.723055555555556,57.4,0.047,4.6,6
2023,ADK90,Canoe,oc2mix,2,6.72325,65.2,0,5,2
2016,ADK90,Canoe,open,NA,6.725,69.6,0.004,3.19,6
2017,ADK90,Canoe,open,NA,6.727777777777778,52.8,0.02,5.46,6
2012,ADK90,Canoe,open,NA,6.730833333333333,69.1,0.516,4.29,6
2022,ADK90,Canoe,oc2stockopen,14,6.731694444444444,67.5,0,3.91,2
2014,ADK90,Canoe,open,NA,6.734166666666667,68.9,0.067,4.01,6
2017,ADK90,Guideboat,g2mix,2,6.734166666666667,52.8,0.02,5.46,2
2010,ADK90,Canoe,open,NA,6.735,58.4,0,3.89,6
2023,ADK90,Canoe,oc2stockgoldmixnc,3,6.7364444444444445,65.2,0,5,2
2017,ADK90,Canoe,open,NA,6.736666666666666,52.8,0.02,5.46,6
2024,ADK90,Canoe,oc2openmaster,3,6.7371388888888895,59.6,0.768,4.26,2
2014,ADK90,Canoe,open,NA,6.737777777777778,68.9,0.067,4.01,6
2016,ADK90,Canoe,open,NA,6.7380555555555555,69.6,0.004,3.19,6
2019,ADK90,Kayak,k1tourwomen,1,6.738333333333333,59.3,0.008,4.97,1
2024,ADK90,Canoe,oc4stockncmix,2,6.738944444444445,59.6,0.768,4.26,4
2015,ADK90,Guideboat,g2,4,6.739722222222222,63,0.185,2.75,2
2008,ADK90,Canoe,open,NA,6.740277777777778,70.2,0.323,4.58,6
2018,ADK90,Canoe,oc2stockveteran,2,6.740277777777778,58.7,0,2.76,2
2017,ADK90,Canoe,open,NA,6.7444444444444445,52.8,0.02,5.46,6
2011,ADK90,Canoe,open,NA,6.745277777777778,62.9,0,7.28,6
2011,ADK90,Canoe,open,NA,6.748333333333333,62.9,0,7.28,6
2023,ADK90,Canoe,oc2stocknc,2,6.749944444444444,65.2,0,5,2
2018,ADK90,Canoe,open,NA,6.75,58.7,0,2.76,6
2010,ADK90,Canoe,open,NA,6.750555555555556,58.4,0,3.89,6
2018,ADK90,Canoe,oc2stockmix,4,6.7508333333333335,58.7,0,2.76,2
2009,ADK90,Canoe,open,NA,6.751388888888889,60,0.185,4.03,6
2008,ADK90,Canoe,oc2family,3,6.753055555555555,70.2,0.323,4.58,2
2011,ADK90,Canoe,open,NA,6.753888888888889,62.9,0,7.28,6
2009,ADK90,Canoe,oc2stockmaster,11,6.754722222222222,60,0.185,4.03,2
2014,ADK90,Canoe,open,NA,6.754722222222222,68.9,0.067,4.01,6
2018,ADK90,Canoe,open,NA,6.757777777777778,58.7,0,2.76,6
2017,ADK90,Canoe,oc1recwomen,2,6.758055555555556,52.8,0.02,5.46,1
2009,ADK90,Canoe,oc1rec,5,6.759166666666666,60,0.185,4.03,1
2025,ADK90,Canoe,oc2rec,2,6.759805555555555,60.5,0.134,3.08,2
2014,ADK90,Canoe,open,NA,6.762777777777778,68.9,0.067,4.01,6
2018,ADK90,Canoe,oc1recveteran,1,6.764166666666667,58.7,0,2.76,1
2011,ADK90,Canoe,oc2recwomen,1,6.766111111111111,62.9,0,7.28,2
2017,ADK90,Canoe,oc2stock,9,6.766666666666667,52.8,0.02,5.46,2
2015,ADK90,Canoe,open,NA,6.766944444444444,63,0.185,2.75,6
2016,ADK90,Canoe,oc1stockwomen,1,6.767222222222222,69.6,0.004,3.19,1
2018,ADK90,Guideboat,g1,2,6.767222222222222,58.7,0,2.76,1
2008,ADK90,Canoe,open,NA,6.767777777777778,70.2,0.323,4.58,6
2017,ADK90,Kayak,k1tour,7,6.7725,52.8,0.02,5.46,1
2025,ADK90,Canoe,oc2stock,17,6.773305555555556,60.5,0.134,3.08,2
2010,ADK90,Canoe,open,NA,6.773611111111111,58.4,0,3.89,6
2024,ADK90,Canoe,oc2rec,6,6.773694444444445,59.6,0.768,4.26,2
2008,ADK90,Canoe,open,NA,6.774166666666667,70.2,0.323,4.58,6
2022,ADK90,Kayak,k1tournc,4,6.774472222222222,67.5,0,3.91,1
2022,ADK90,Canoe,oc2stock,6,6.776416666666666,67.5,0,3.91,2
2014,ADK90,Canoe,open,NA,6.7775,68.9,0.067,4.01,6
2024,ADK90,Canoe,oc4stockwomenmaster,5,6.777611111111112,59.6,0.768,4.26,4
2012,ADK90,Canoe,open,NA,6.778611111111111,69.1,0.516,4.29,6
2025,ADK90,Canoe,oc2stock,18,6.778722222222223,60.5,0.134,3.08,2
2017,ADK90,Canoe,open,NA,6.779166666666667,52.8,0.02,5.46,6
2013,ADK90,Voyageur,voyageur,8,6.779444444444445,57.4,0.047,4.6,6
2009,ADK90,Canoe,open,NA,6.780555555555556,60,0.185,4.03,6
2021,ADK90,Canoe,oc1,2,6.782777777777778,60,0,5.13,1
2016,ADK90,Canoe,oc1recwomen,1,6.788888888888889,69.6,0.004,3.19,1
2008,ADK90,Canoe,open,NA,6.788888888888889,70.2,0.323,4.58,6
2013,ADK90,Canoe,open,NA,6.788888888888889,57.4,0.047,4.6,6
2025,ADK90,Guideboat,g2,2,6.7893888888888885,60.5,0.134,3.08,2
2009,ADK90,Canoe,open,NA,6.790555555555556,60,0.185,4.03,6
2018,ADK90,Canoe,open,NA,6.7908333333333335,58.7,0,2.76,6
2013,ADK90,Canoe,open,NA,6.794722222222222,57.4,0.047,4.6,6
2025,ADK90,Canoe,oc2rec,4,6.796444444444445,60.5,0.134,3.08,2
2019,ADK90,Guideboat,g2,6,6.7972222222222225,59.3,0.008,4.97,2
2008,ADK90,Canoe,open,NA,6.797777777777778,70.2,0.323,4.58,6
2022,ADK90,Canoe,oc2stockmaster,8,6.798694444444444,67.5,0,3.91,2
2022,ADK90,SUP,sup,1,6.798777777777778,67.5,0,3.91,1
2014,ADK90,Canoe,open,NA,6.801944444444445,68.9,0.067,4.01,6
2018,ADK90,Canoe,open,NA,6.802777777777778,58.7,0,2.76,6
2009,ADK90,Canoe,open,NA,6.803333333333334,60,0.185,4.03,6
2008,ADK90,Canoe,open,NA,6.804444444444444,70.2,0.323,4.58,6
2025,ADK90,Canoe,oc4stock,15,6.805750000000001,60.5,0.134,3.08,4
2023,ADK90,Canoe,oc2stockgoldnc,3,6.8078055555555554,65.2,0,5,2
2012,ADK90,Canoe,oc1stock,7,6.808333333333334,69.1,0.516,4.29,1
2011,ADK90,Canoe,open,NA,6.808333333333334,62.9,0,7.28,6
2012,ADK90,Canoe,open,NA,6.809722222222222,69.1,0.516,4.29,6
2017,ADK90,Canoe,oc2stockveteran,3,6.809722222222222,52.8,0.02,5.46,2
2016,ADK90,Canoe,open,NA,6.810555555555555,69.6,0.004,3.19,6
2010,ADK90,Canoe,open,NA,6.810833333333333,58.4,0,3.89,6
2015,ADK90,Canoe,oc2amwomen,1,6.8116666666666665,63,0.185,2.75,2
2023,ADK90,Kayak,k1goldnc,1,6.812416666666667,65.2,0,5,1
2024,ADK90,Kayak,k2,4,6.813972222222222,59.6,0.768,4.26,2
2010,ADK90,Guideboat,g2,10,6.816111111111111,58.4,0,3.89,2
2009,ADK90,Canoe,open,NA,6.816944444444444,60,0.185,4.03,6
2018,ADK90,Canoe,oc1recmaster,3,6.817222222222222,58.7,0,2.76,1
2019,ADK90,Canoe,oc1rec,4,6.819444444444445,59.3,0.008,4.97,1
2021,ADK90,Canoe,oc2stock,12,6.820277777777778,60,0,5.13,2
2013,ADK90,Canoe,open,NA,6.820833333333334,57.4,0.047,4.6,6
2015,ADK90,Canoe,open,NA,6.8213888888888885,63,0.185,2.75,6
2011,ADK90,Canoe,open,NA,6.821666666666666,62.9,0,7.28,6
2012,ADK90,Guideboat,g2,7,6.821944444444444,69.1,0.516,4.29,2
2011,ADK90,Canoe,oc4women,4,6.822777777777778,62.9,0,7.28,4
2017,ADK90,Canoe,open,NA,6.823888888888889,52.8,0.02,5.46,6
2015,ADK90,Canoe,open,NA,6.824166666666667,63,0.185,2.75,6
2010,ADK90,Canoe,open,NA,6.826388888888889,58.4,0,3.89,6
2025,ADK90,Kayak,k1sportmaster,5,6.827638888888889,60.5,0.134,3.08,1
2012,ADK90,Canoe,open,NA,6.828055555555555,69.1,0.516,4.29,6
2023,ADK90,Canoe,oc2stockmix,9,6.829916666666667,65.2,0,5,2
2023,ADK90,Canoe,oc4stockmixnc,3,6.831277777777777,65.2,0,5,4
2013,ADK90,Canoe,open,NA,6.831388888888889,57.4,0.047,4.6,6
2017,ADK90,Canoe,open,NA,6.831666666666667,52.8,0.02,5.46,6
2016,ADK90,Canoe,oc2stockmix,2,6.831944444444445,69.6,0.004,3.19,2
2019,ADK90,Canoe,oc2stockwomen,3,6.833055555555555,59.3,0.008,4.97,2
2016,ADK90,Canoe,open,NA,6.835,69.6,0.004,3.19,6
2009,ADK90,Canoe,open,NA,6.835555555555556,60,0.185,4.03,6
2017,ADK90,Canoe,open,NA,6.838611111111111,52.8,0.02,5.46,6
2018,ADK90,Canoe,oc2stockveteran,3,6.839166666666666,58.7,0,2.76,2
2022,ADK90,Kayak,k1tournc,3,6.840777777777777,67.5,0,3.91,1
2013,ADK90,Canoe,open,NA,6.840833333333333,57.4,0.047,4.6,6
2014,ADK90,Canoe,open,NA,6.843055555555556,68.9,0.067,4.01,6
2025,ADK90,Canoe,oc4stockmix,16,6.843555555555556,60.5,0.134,3.08,4
2014,ADK90,Canoe,open,NA,6.8436111111111115,68.9,0.067,4.01,6
2016,ADK90,Canoe,oc1rec,2,6.848333333333334,69.6,0.004,3.19,1
2010,ADK90,Canoe,open,NA,6.848611111111111,58.4,0,3.89,6
2022,ADK90,Canoe,oc2stocktour,4,6.850833333333333,67.5,0,3.91,2
2024,ADK90,Canoe,oc4stocktourmix,5,6.851055555555555,59.6,0.768,4.26,4
2009,ADK90,Guideboat,g2,8,6.851111111111111,60,0.185,4.03,2
2015,ADK90,Canoe,open,NA,6.851111111111111,63,0.185,2.75,6
2022,ADK90,Canoe,oc4stocktour,4,6.851777777777778,67.5,0,3.91,4
2008,ADK90,Canoe,oc2recwomen,1,6.855,70.2,0.323,4.58,2
2025,ADK90,Canoe,oc2stockmixmaster,4,6.855305555555555,60.5,0.134,3.08,2
2018,ADK90,Canoe,oc1stock,3,6.856388888888889,58.7,0,2.76,1
2018,ADK90,Canoe,oc1recwomen,1,6.8566666666666665,58.7,0,2.76,1
2022,ADK90,Canoe,oc1,1,6.858166666666667,67.5,0,3.91,1
2022,ADK90,Canoe,oc2stockopen,16,6.85975,67.5,0,3.91,2
2016,ADK90,Canoe,open,NA,6.861111111111111,69.6,0.004,3.19,6
2021,ADK90,SUP,solorecmaster,4,6.862222222222222,60,0,5.13,1
2010,ADK90,Canoe,oc2recmix,2,6.864166666666667,58.4,0,3.89,2
2023,ADK90,Canoe,oc1stockmaster,5,6.865583333333333,65.2,0,5,1
2017,ADK90,Canoe,open,NA,6.8661111111111115,52.8,0.02,5.46,6
2012,ADK90,Canoe,open,NA,6.866388888888889,69.1,0.516,4.29,6
2016,ADK90,Canoe,open,NA,6.869722222222222,69.6,0.004,3.19,6
2009,ADK90,Canoe,open,NA,6.869722222222222,60,0.185,4.03,6
2012,ADK90,Canoe,open,NA,6.87,69.1,0.516,4.29,6
2016,ADK90,Canoe,open,NA,6.870555555555556,69.6,0.004,3.19,6
2011,ADK90,Canoe,open,NA,6.870833333333334,62.9,0,7.28,6
2024,ADK90,Canoe,oc2stocktour,2,6.871722222222222,59.6,0.768,4.26,2
2025,ADK90,Canoe,oc2stockmix,11,6.871861111111111,60.5,0.134,3.08,2
2024,ADK90,Canoe,oc2rec,5,6.872222222222222,59.6,0.768,4.26,2
2019,ADK90,Kayak,k1tourveteran,2,6.872222222222222,59.3,0.008,4.97,1
2011,ADK90,Canoe,open,NA,6.877222222222223,62.9,0,7.28,6
2022,ADK90,Canoe,oc2stockmaster,7,6.878055555555555,67.5,0,3.91,2
2014,ADK90,Canoe,oc1stockmaster,5,6.879166666666666,68.9,0.067,4.01,1
2010,ADK90,Canoe,open,NA,6.8805555555555555,58.4,0,3.89,6
2009,ADK90,Canoe,open,NA,6.880833333333333,60,0.185,4.03,6
2015,ADK90,Guideboat,g2,5,6.881666666666667,63,0.185,2.75,2
2018,ADK90,Canoe,oc4stockmix,11,6.8825,58.7,0,2.76,4
2025,ADK90,Canoe,oc2stock,19,6.8829722222222225,60.5,0.134,3.08,2
2009,ADK90,Canoe,open,NA,6.885555555555555,60,0.185,4.03,6
2016,ADK90,Canoe,oc2stockwomen,3,6.887222222222222,69.6,0.004,3.19,2
2014,ADK90,Canoe,open,NA,6.8902777777777775,68.9,0.067,4.01,6
2022,ADK90,Canoe,oc2jrsr,3,6.891,67.5,0,3.91,2
2012,ADK90,Canoe,open,NA,6.891111111111111,69.1,0.516,4.29,6
2018,ADK90,Canoe,open,NA,6.891111111111111,58.7,0,2.76,6
2010,ADK90,Canoe,oc1stock,3,6.892777777777778,58.4,0,3.89,1
2016,ADK90,Canoe,open,NA,6.893888888888889,69.6,0.004,3.19,6
2024,ADK90,Canoe,oc2stockwomen,4,6.894888888888889,59.6,0.768,4.26,2
2013,ADK90,Canoe,open,NA,6.898611111111111,57.4,0.047,4.6,6
2013,ADK90,Canoe,open,NA,6.898888888888889,57.4,0.047,4.6,6
2009,ADK90,Canoe,open,NA,6.902222222222222,60,0.185,4.03,6
2010,ADK90,Canoe,open,NA,6.903888888888889,58.4,0,3.89,6
2010,ADK90,Canoe,open,NA,6.904444444444445,58.4,0,3.89,6
2025,ADK90,Canoe,oc2rec,3,6.904944444444444,60.5,0.134,3.08,2
2016,ADK90,Canoe,open,NA,6.905555555555556,69.6,0.004,3.19,6
2015,ADK90,Canoe,open,NA,6.906666666666666,63,0.185,2.75,6
2010,ADK90,Canoe,open,NA,6.9075,58.4,0,3.89,6
2017,ADK90,Canoe,oc2stockmaster,3,6.908055555555555,52.8,0.02,5.46,2
2012,ADK90,Canoe,open,NA,6.91,69.1,0.516,4.29,6
2023,ADK90,Canoe,oc4stockwomennc,1,6.910722222222222,65.2,0,5,4
2015,ADK90,Canoe,oc1stock,4,6.910833333333334,63,0.185,2.75,1
2013,ADK90,Canoe,open,NA,6.914444444444444,57.4,0.047,4.6,6
2016,ADK90,Guideboat,g1women,1,6.918055555555555,69.6,0.004,3.19,1
2018,ADK90,Canoe,open,NA,6.918888888888889,58.7,0,2.76,6
2025,ADK90,Canoe,oc4stocktour,3,6.919638888888889,60.5,0.134,3.08,4
2017,ADK90,Canoe,open,NA,6.919722222222222,52.8,0.02,5.46,6
2016,ADK90,Canoe,oc2stockmixsuperveteran,1,6.919722222222222,69.6,0.004,3.19,2
2013,ADK90,Canoe,open,NA,6.92,57.4,0.047,4.6,6
2015,ADK90,Canoe,open,NA,6.920277777777778,63,0.185,2.75,6
2025,ADK90,Canoe,oc4stockmix,17,6.921333333333333,60.5,0.134,3.08,4
2013,ADK90,Guideboat,g2,6,6.9225,57.4,0.047,4.6,2
2008,ADK90,Canoe,open,NA,6.922777777777778,70.2,0.323,4.58,6
2010,ADK90,Canoe,open,NA,6.923055555555556,58.4,0,3.89,6
2014,ADK90,Canoe,open,NA,6.924166666666666,68.9,0.067,4.01,6
2011,ADK90,Canoe,open,NA,6.924444444444444,62.9,0,7.28,6
2017,ADK90,Canoe,oc2stockmixmaster,4,6.924722222222222,52.8,0.02,5.46,2
2008,ADK90,Canoe,oc1recwomen,1,6.926111111111111,70.2,0.323,4.58,1
2025,ADK90,Kayak,k1sport,2,6.92875,60.5,0.134,3.08,1
2017,ADK90,Canoe,open,NA,6.930833333333333,52.8,0.02,5.46,6
2016,ADK90,Canoe,open,NA,6.931111111111111,69.6,0.004,3.19,6
2012,ADK90,Canoe,open,NA,6.9319444444444445,69.1,0.516,4.29,6
2011,ADK90,Canoe,open,NA,6.932777777777778,62.9,0,7.28,6
2012,ADK90,Canoe,open,NA,6.933333333333334,69.1,0.516,4.29,6
2025,ADK90,Canoe,oc2stockwomen,2,6.937027777777778,60.5,0.134,3.08,2
2012,ADK90,Canoe,open,NA,6.939722222222223,69.1,0.516,4.29,6
2018,ADK90,Canoe,open,NA,6.940277777777778,58.7,0,2.76,6
2015,ADK90,Canoe,open,NA,6.944166666666667,63,0.185,2.75,6
2011,ADK90,Canoe,open,NA,6.946666666666666,62.9,0,7.28,6
2025,ADK90,Canoe,oc2stockwomen,3,6.947972222222222,60.5,0.134,3.08,2
2010,ADK90,Canoe,oc2stockmixmaster,11,6.948055555555555,58.4,0,3.89,2
2010,ADK90,Canoe,open,NA,6.948333333333333,58.4,0,3.89,6
2010,ADK90,Canoe,open,NA,6.948888888888889,58.4,0,3.89,6
2015,ADK90,Guideboat,g1,2,6.95,63,0.185,2.75,1
2024,ADK90,Canoe,oc2rec,4,6.950166666666666,59.6,0.768,4.26,2
2014,ADK90,Canoe,open,NA,6.953055555555555,68.9,0.067,4.01,6
2015,ADK90,Canoe,open,NA,6.953333333333333,63,0.185,2.75,6
2014,ADK90,Canoe,open,NA,6.953333333333333,68.9,0.067,4.01,6
2017,ADK90,Canoe,open,NA,6.954722222222222,52.8,0.02,5.46,6
2025,ADK90,Canoe,oc1stock,6,6.955055555555556,60.5,0.134,3.08,1
2025,ADK90,Guideboat,g2,3,6.9559999999999995,60.5,0.134,3.08,2
2009,ADK90,Canoe,open,NA,6.956111111111111,60,0.185,4.03,6
2017,ADK90,Canoe,open,NA,6.956666666666667,52.8,0.02,5.46,6
2013,ADK90,Canoe,open,NA,6.958055555555555,57.4,0.047,4.6,6
2015,ADK90,Guideboat,g2,6,6.9591666666666665,63,0.185,2.75,2
2017,ADK90,Canoe,open,NA,6.960277777777778,52.8,0.02,5.46,6
2016,ADK90,Canoe,open,NA,6.961111111111111,69.6,0.004,3.19,6
2009,ADK90,Canoe,open,NA,6.961666666666667,60,0.185,4.03,6
2015,ADK90,Canoe,open,NA,6.962777777777778,63,0.185,2.75,6
2018,ADK90,Canoe,open,NA,6.966666666666667,58.7,0,2.76,6
2022,ADK90,Canoe,oc2recjrsr,3,6.966916666666667,67.5,0,3.91,2
2015,ADK90,Canoe,open,NA,6.9675,63,0.185,2.75,6
2015,ADK90,Canoe,opensuperveteranmix,1,6.9675,63,0.185,2.75,6
2018,ADK90,Canoe,oc2stockmixmaster,4,6.968333333333334,58.7,0,2.76,2
2016,ADK90,Canoe,open,NA,6.9688888888888885,69.6,0.004,3.19,6
2013,ADK90,Canoe,open,NA,6.971388888888889,57.4,0.047,4.6,6
2011,ADK90,Guideboat,g2,9,6.971388888888889,62.9,0,7.28,2
2012,ADK90,Canoe,open,NA,6.973055555555556,69.1,0.516,4.29,6
2017,ADK90,Canoe,open,NA,6.974444444444444,52.8,0.02,5.46,6
2008,ADK90,Canoe,open,NA,6.974722222222222,70.2,0.323,4.58,6
2012,ADK90,Canoe,oc1am,1,6.975833333333333,69.1,0.516,4.29,1
2025,ADK90,Canoe,oc4stockwomen,7,6.977027777777778,60.5,0.134,3.08,4
2025,ADK90,Canoe,oc2rec,5,6.978,60.5,0.134,3.08,2
2025,ADK90,Canoe,oc4stocktour,4,6.978222222222222,60.5,0.134,3.08,4
2025,ADK90,Canoe,oc2stockmixveteran,6,6.981194444444444,60.5,0.134,3.08,2
2024,ADK90,Canoe,oc1stockveteran,3,6.98125,59.6,0.768,4.26,1
2023,ADK90,Canoe,oc2recnc,3,6.9815000000000005,65.2,0,5,2
2018,ADK90,Canoe,oc1recveteran,2,6.9816666666666665,58.7,0,2.76,1
2023,ADK90,Canoe,oc4mix,7,6.981944444444444,65.2,0,5,4
2010,ADK90,Canoe,open,NA,6.981944444444444,58.4,0,3.89,6
2024,ADK90,Canoe,oc2stock,21,6.985888888888889,59.6,0.768,4.26,2
2009,ADK90,Canoe,open,NA,6.987222222222222,60,0.185,4.03,6
2012,ADK90,Canoe,open,NA,6.989444444444445,69.1,0.516,4.29,6
2015,ADK90,Canoe,open,NA,6.990277777777778,63,0.185,2.75,6
2024,ADK90,Canoe,oc2stock,22,6.991555555555555,59.6,0.768,4.26,2
2012,ADK90,Canoe,open,NA,6.991666666666666,69.1,0.516,4.29,6
2016,ADK90,Canoe,open,NA,6.993055555555555,69.6,0.004,3.19,6
2008,ADK90,Canoe,open,NA,6.993333333333333,70.2,0.323,4.58,6
2013,ADK90,Canoe,open,NA,6.993611111111111,57.4,0.047,4.6,6
2009,ADK90,Kayak,k1tourwomen,2,6.993888888888889,60,0.185,4.03,1
2016,ADK90,Canoe,open,NA,6.994722222222222,69.6,0.004,3.19,6
2015,ADK90,Guideboat,g1,3,6.995555555555556,63,0.185,2.75,1
2016,ADK90,Canoe,open,NA,6.9975,69.6,0.004,3.19,6
2025,ADK90,Canoe,oc2stockwomen,4,6.997972222222223,60.5,0.134,3.08,2
2016,ADK90,Canoe,open,NA,6.998888888888889,69.6,0.004,3.19,6
2010,ADK90,Canoe,open,NA,6.999444444444444,58.4,0,3.89,6
2022,ADK90,Canoe,oc2rectour,7,7.0005,67.5,0,3.91,2
2018,ADK90,Canoe,oc1rec,2,7.001666666666667,58.7,0,2.76,1
2016,ADK90,Guideboat,g2,7,7.002222222222223,69.6,0.004,3.19,2
2017,ADK90,Canoe,open,NA,7.003611111111111,52.8,0.02,5.46,6
2022,ADK90,Canoe,oc2stockopen,15,7.003694444444444,67.5,0,3.91,2
2013,ADK90,Canoe,open,NA,7.006111111111111,57.4,0.047,4.6,6
2025,ADK90,Canoe,oc2stockmaster,11,7.008111111111111,60.5,0.134,3.08,2
2010,ADK90,Canoe,open,NA,7.009444444444444,58.4,0,3.89,6
2022,ADK90,Canoe,oc2stockveteran,5,7.009444444444444,67.5,0,3.91,2
2018,ADK90,Canoe,oc2rec,3,7.009444444444444,58.7,0,2.76,2
2022,ADK90,Canoe,oc2stock,7,7.010305555555555,67.5,0,3.91,2
2014,ADK90,Guideboat,g2women,1,7.011666666666667,68.9,0.067,4.01,2
2009,ADK90,Canoe,oc1recveteran,2,7.015833333333333,60,0.185,4.03,1
2010,ADK90,Canoe,open,NA,7.015833333333333,58.4,0,3.89,6
2013,ADK90,Canoe,open,NA,7.018055555555556,57.4,0.047,4.6,6
2012,ADK90,Canoe,open,NA,7.0183333333333335,69.1,0.516,4.29,6
2017,ADK90,Canoe,open,NA,7.019166666666667,52.8,0.02,5.46,6
2008,ADK90,Canoe,open,NA,7.020277777777777,70.2,0.323,4.58,6
2018,ADK90,Canoe,oc2am,3,7.020833333333333,58.7,0,2.76,2
2025,ADK90,Kayak,k1sportnc,3,7.020944444444445,60.5,0.134,3.08,1
2015,ADK90,Guideboat,g2,7,7.022777777777778,63,0.185,2.75,2
2015,ADK90,Canoe,open,NA,7.022777777777778,63,0.185,2.75,6
2015,ADK90,Canoe,oc1recveteran,2,7.023611111111111,63,0.185,2.75,1
2019,ADK90,Canoe,oc1stockwomen,1,7.024166666666667,59.3,0.008,4.97,1
2022,ADK90,Canoe,oc2stockmix,9,7.025055555555555,67.5,0,3.91,2
2012,ADK90,Canoe,open,NA,7.025277777777778,69.1,0.516,4.29,6
2024,ADK90,Canoe,oc2rectourmix,1,7.027555555555556,59.6,0.768,4.26,2
2014,ADK90,Canoe,open,NA,7.028333333333333,68.9,0.067,4.01,6
2017,ADK90,Canoe,open,NA,7.03,52.8,0.02,5.46,6
2013,ADK90,Canoe,open,NA,7.0313888888888885,57.4,0.047,4.6,6
2012,ADK90,Canoe,open,NA,7.031666666666666,69.1,0.516,4.29,6
2022,ADK90,Canoe,oc2stockmastertour,5,7.031722222222222,67.5,0,3.91,2
2015,ADK90,Canoe,open,NA,7.0325,63,0.185,2.75,6
2018,ADK90,Canoe,oc4stockmix,12,7.032777777777778,58.7,0,2.76,4
2017,ADK90,Canoe,open,NA,7.033333333333333,52.8,0.02,5.46,6
2017,ADK90,Canoe,open,NA,7.035277777777778,52.8,0.02,5.46,6
2009,ADK90,Canoe,open,NA,7.035833333333334,60,0.185,4.03,6
2024,ADK90,Canoe,oc3stocktourmix,5,7.036944444444444,59.6,0.768,4.26,3
2010,ADK90,Canoe,open,NA,7.038333333333333,58.4,0,3.89,6
2016,ADK90,Canoe,open,NA,7.038611111111111,69.6,0.004,3.19,6
2009,ADK90,Canoe,open,NA,7.038611111111111,60,0.185,4.03,6
2023,ADK90,Canoe,oc2recnc,4,7.038777777777778,65.2,0,5,2
2010,ADK90,Canoe,open,NA,7.039166666666667,58.4,0,3.89,6
2010,ADK90,Canoe,open,NA,7.039444444444444,58.4,0,3.89,6
2018,ADK90,Canoe,open,NA,7.039444444444444,58.7,0,2.76,6
2015,ADK90,Canoe,open,NA,7.040277777777778,63,0.185,2.75,6
2021,ADK90,Canoe,oc4stockmix,20,7.040555555555556,60,0,5.13,4
2018,ADK90,Canoe,open,NA,7.043888888888889,58.7,0,2.76,6
2015,ADK90,Canoe,open,NA,7.0488888888888885,63,0.185,2.75,6
2017,ADK90,Canoe,open,NA,7.049166666666666,52.8,0.02,5.46,6
2012,ADK90,Canoe,open,NA,7.049444444444444,69.1,0.516,4.29,6
2014,ADK90,Canoe,open,NA,7.051111111111111,68.9,0.067,4.01,6
2018,ADK90,Canoe,oc2stockmix,5,7.051111111111111,58.7,0,2.76,2
2010,ADK90,Canoe,open,NA,7.051388888888889,58.4,0,3.89,6
2009,ADK90,Canoe,oc1rec,6,7.0536111111111115,60,0.185,4.03,1
2018,ADK90,Guideboat,g2,1,7.053888888888889,58.7,0,2.76,2
2014,ADK90,Canoe,open,NA,7.055,68.9,0.067,4.01,6
2022,ADK90,Canoe,oc2stock,8,7.055638888888889,67.5,0,3.91,2
2008,ADK90,Guideboat,g2mix,2,7.0569444444444445,70.2,0.323,4.58,2
2010,ADK90,Canoe,oc2recmix,3,7.059444444444445,58.4,0,3.89,2
2018,ADK90,Canoe,open,NA,7.059444444444445,58.7,0,2.76,6
2017,ADK90,Canoe,open,NA,7.059722222222222,52.8,0.02,5.46,6
2013,ADK90,Canoe,open,NA,7.061111111111111,57.4,0.047,4.6,6
2018,ADK90,Canoe,open,NA,7.064444444444445,58.7,0,2.76,6
2013,ADK90,Canoe,open,NA,7.065277777777778,57.4,0.047,4.6,6
2014,ADK90,Canoe,open,NA,7.0680555555555555,68.9,0.067,4.01,6
2014,ADK90,Canoe,open,NA,7.074166666666667,68.9,0.067,4.01,6
2019,ADK90,Canoe,oc2stock,7,7.074166666666667,59.3,0.008,4.97,2
2018,ADK90,Canoe,oc2stockmixmaster,5,7.074722222222222,58.7,0,2.76,2
2010,ADK90,Canoe,open,NA,7.075555555555556,58.4,0,3.89,6
2022,ADK90,Canoe,oc4stocktournc,4,7.078055555555555,67.5,0,3.91,4
2025,ADK90,Canoe,oc2stock,23,7.078444444444445,60.5,0.134,3.08,2
2009,ADK90,Canoe,open,NA,7.078888888888889,60,0.185,4.03,6
2016,ADK90,Canoe,open,NA,7.0808333333333335,69.6,0.004,3.19,6
2017,ADK90,Canoe,oc1recveteran,3,7.081111111111111,52.8,0.02,5.46,1
2010,ADK90,Canoe,open,NA,7.0825,58.4,0,3.89,6
2025,ADK90,Canoe,oc2stock,20,7.084583333333334,60.5,0.134,3.08,2
2025,ADK90,Canoe,oc4stock,16,7.084833333333334,60.5,0.134,3.08,4
2010,ADK90,Canoe,open,NA,7.086944444444445,58.4,0,3.89,6
2013,ADK90,Canoe,open,NA,7.089722222222222,57.4,0.047,4.6,6
2023,ADK90,Canoe,oc2stock,16,7.090083333333333,65.2,0,5,2
2018,ADK90,Canoe,oc2recmix,1,7.0936111111111115,58.7,0,2.76,2
2022,ADK90,Canoe,oc2rectour,5,7.093638888888888,67.5,0,3.91,2
2025,ADK90,Canoe,oc2stockveteran,2,7.095916666666667,60.5,0.134,3.08,2
2009,ADK90,Canoe,oc2stockmix,8,7.096666666666667,60,0.185,4.03,2
2022,ADK90,Canoe,oc1stock,2,7.096722222222223,67.5,0,3.91,1
2012,ADK90,Canoe,open,NA,7.0969444444444445,69.1,0.516,4.29,6
2015,ADK90,Canoe,oc1stock,5,7.099166666666667,63,0.185,2.75,1
2009,ADK90,Canoe,open,NA,7.100833333333333,60,0.185,4.03,6
2012,ADK90,Canoe,open,NA,7.101111111111111,69.1,0.516,4.29,6
2016,ADK90,Canoe,open,NA,7.103611111111111,69.6,0.004,3.19,6
2019,ADK90,Canoe,oc2jrsr,3,7.105,59.3,0.008,4.97,2
2008,ADK90,Canoe,open,NA,7.105277777777777,70.2,0.323,4.58,6
2013,ADK90,Canoe,open,NA,7.105833333333333,57.4,0.047,4.6,6
2025,ADK90,Canoe,oc2stocknc,5,7.109527777777777,60.5,0.134,3.08,2
2015,ADK90,Canoe,open,NA,7.1097222222222225,63,0.185,2.75,6
2010,ADK90,Canoe,open,NA,7.11,58.4,0,3.89,6
2017,ADK90,Canoe,open,NA,7.116944444444444,52.8,0.02,5.46,6
2015,ADK90,Canoe,open,NA,7.119722222222222,63,0.185,2.75,6
2017,ADK90,Canoe,open,NA,7.120555555555556,52.8,0.02,5.46,6
2021,ADK90,Canoe,oc4stockwomenmaster,5,7.120833333333334,60,0,5.13,4
2008,ADK90,Guideboat,g2women,1,7.121388888888889,70.2,0.323,4.58,2
2009,ADK90,Canoe,open,NA,7.121388888888889,60,0.185,4.03,6
2024,ADK90,Canoe,oc2rectourmix,2,7.122166666666667,59.6,0.768,4.26,2
2011,ADK90,Canoe,open,NA,7.125555555555556,62.9,0,7.28,6
2010,ADK90,Canoe,open,NA,7.126944444444445,58.4,0,3.89,6
2016,ADK90,Canoe,oc2rec,4,7.131388888888889,69.6,0.004,3.19,2
2016,ADK90,Guideboat,g2,9,7.1322222222222225,69.6,0.004,3.19,2
2018,ADK90,Canoe,open,NA,7.132777777777778,58.7,0,2.76,6
2009,ADK90,Canoe,open,NA,7.133333333333334,60,0.185,4.03,6
2014,ADK90,Canoe,open,NA,7.135,68.9,0.067,4.01,6
2011,ADK90,Canoe,open,NA,7.135277777777778,62.9,0,7.28,6
2014,ADK90,Kayak,k1tour,3,7.135555555555555,68.9,0.067,4.01,1
2024,ADK90,Canoe,oc2stocktour,3,7.13625,59.6,0.768,4.26,2
2018,ADK90,Canoe,oc1am,2,7.14,58.7,0,2.76,1
2024,ADK90,Canoe,oc2stockmix,7,7.14125,59.6,0.768,4.26,2
2012,ADK90,Canoe,open,NA,7.1425,69.1,0.516,4.29,6
2022,ADK90,Canoe,oc2stock,9,7.1434999999999995,67.5,0,3.91,2
2017,ADK90,Canoe,open,NA,7.144166666666667,52.8,0.02,5.46,6
2014,ADK90,Canoe,open,NA,7.147777777777778,68.9,0.067,4.01,6
2016,ADK90,Canoe,open,NA,7.148611111111111,69.6,0.004,3.19,6
2025,ADK90,Guideboat,g1,3,7.149,60.5,0.134,3.08,1
2008,ADK90,Canoe,open,NA,7.150277777777778,70.2,0.323,4.58,6
2012,ADK90,Canoe,open,NA,7.153611111111111,69.1,0.516,4.29,6
2014,ADK90,Canoe,open,NA,7.154166666666667,68.9,0.067,4.01,6
2022,ADK90,Canoe,oc2stock,10,7.154222222222223,67.5,0,3.91,2
2011,ADK90,Canoe,open,NA,7.155,62.9,0,7.28,6
2011,ADK90,Canoe,open,NA,7.158888888888889,62.9,0,7.28,6
2012,ADK90,Canoe,open,NA,7.1658333333333335,69.1,0.516,4.29,6
2017,ADK90,Canoe,open,NA,7.1658333333333335,52.8,0.02,5.46,6
2019,ADK90,Kayak,k1tourmaster,7,7.170277777777778,59.3,0.008,4.97,1
2008,ADK90,Canoe,open,NA,7.170277777777778,70.2,0.323,4.58,6
2015,ADK90,Guideboat,g1,4,7.171944444444445,63,0.185,2.75,1
2017,ADK90,Canoe,oc2stockmix,7,7.173055555555556,52.8,0.02,5.46,2
2008,ADK90,Canoe,open,NA,7.174166666666666,70.2,0.323,4.58,6
2009,ADK90,Canoe,oc1recveteran,3,7.174166666666666,60,0.185,4.03,1
2013,ADK90,Canoe,open,NA,7.175833333333333,57.4,0.047,4.6,6
2018,ADK90,Canoe,open,NA,7.176111111111111,58.7,0,2.76,6
2019,ADK90,SUP,superveterans,3,7.176111111111111,59.3,0.008,4.97,1
2025,ADK90,Canoe,oc2stock,21,7.1770555555555555,60.5,0.134,3.08,2
2009,ADK90,Canoe,open,NA,7.178333333333334,60,0.185,4.03,6
2012,ADK90,Canoe,open,NA,7.1786111111111115,69.1,0.516,4.29,6
2023,ADK90,Canoe,oc2recnc,5,7.182638888888889,65.2,0,5,2
2024,ADK90,Canoe,oc2stocktour,4,7.182944444444444,59.6,0.768,4.26,2
2008,ADK90,Canoe,open,NA,7.183333333333334,70.2,0.323,4.58,6
2013,ADK90,Canoe,open,NA,7.186944444444444,57.4,0.047,4.6,6
2016,ADK90,Canoe,open,NA,7.186944444444444,69.6,0.004,3.19,6
2010,ADK90,Canoe,open,NA,7.188055555555556,58.4,0,3.89,6
2025,ADK90,Canoe,oc2stocktour,6,7.188083333333333,60.5,0.134,3.08,2
2022,ADK90,Guideboat,g1,3,7.19225,67.5,0,3.91,1
2010,ADK90,Canoe,open,NA,7.193333333333333,58.4,0,3.89,6
2012,ADK90,Canoe,oc1rec,8,7.194166666666667,69.1,0.516,4.29,1
2014,ADK90,Canoe,open,NA,7.195277777777778,68.9,0.067,4.01,6
2017,ADK90,Canoe,oc2recwomen,1,7.195833333333334,52.8,0.02,5.46,2
2018,ADK90,Kayak,k1tour,8,7.198055555555555,58.7,0,2.76,1
2016,ADK90,Canoe,open,NA,7.199166666666667,69.6,0.004,3.19,6
2022,ADK90,Canoe,oc2rectourmaster,2,7.200444444444444,67.5,0,3.91,2
2011,ADK90,Canoe,open,NA,7.200555555555556,62.9,0,7.28,6
2017,ADK90,Canoe,open,NA,7.201944444444444,52.8,0.02,5.46,6
2014,ADK90,Canoe,open,NA,7.2027777777777775,68.9,0.067,4.01,6
2021,ADK90,Canoe,oc2stockmix,8,7.204166666666667,60,0,5.13,2
2018,ADK90,Canoe,oc4stockwomen,3,7.206111111111111,58.7,0,2.76,4
2023,ADK90,Canoe,oc2stockmixnc,2,7.207055555555556,65.2,0,5,2
2016,ADK90,Canoe,open,NA,7.211666666666667,69.6,0.004,3.19,6
2011,ADK90,Canoe,oc1stockwomen,1,7.213611111111111,62.9,0,7.28,1
2025,ADK90,Guideboat,g2,4,7.214388888888888,60.5,0.134,3.08,2
2018,ADK90,Guideboat,g2,2,7.216666666666667,58.7,0,2.76,2
2009,ADK90,Canoe,open,NA,7.2175,60,0.185,4.03,6
2009,ADK90,Canoe,open,NA,7.219166666666666,60,0.185,4.03,6
2024,ADK90,Canoe,oc2rectourwomennc,1,7.22,59.6,0.768,4.26,2
2025,ADK90,Canoe,oc4opennc,1,7.2233888888888895,60.5,0.134,3.08,4
2019,ADK90,SUP,superveterans,2,7.224166666666667,59.3,0.008,4.97,1
2013,ADK90,Canoe,open,NA,7.226388888888889,57.4,0.047,4.6,6
2017,ADK90,Canoe,open,NA,7.226944444444444,52.8,0.02,5.46,6
2008,ADK90,Canoe,oc1recveteran,2,7.227222222222222,70.2,0.323,4.58,1
2014,ADK90,Canoe,open,NA,7.2275,68.9,0.067,4.01,6
2025,ADK90,Canoe,oc2stockmix,10,7.230333333333333,60.5,0.134,3.08,2
2013,ADK90,Canoe,open,NA,7.2316666666666665,57.4,0.047,4.6,6
2009,ADK90,Canoe,open,NA,7.233333333333333,60,0.185,4.03,6
2025,ADK90,Canoe,oc2stocktour,5,7.237277777777778,60.5,0.134,3.08,2
2012,ADK90,Canoe,open,NA,7.237777777777778,69.1,0.516,4.29,6
2025,ADK90,Canoe,oc2openmix,3,7.238499999999999,60.5,0.134,3.08,2
2022,ADK90,Canoe,oc1,3,7.239805555555555,67.5,0,3.91,1
2017,ADK90,Canoe,oc2stockmixsuperveteran,1,7.241666666666666,52.8,0.02,5.46,2
2023,ADK90,Canoe,oc2recmix,2,7.242277777777778,65.2,0,5,2
2016,ADK90,Canoe,open,NA,7.244166666666667,69.6,0.004,3.19,6
2009,ADK90,Canoe,open,NA,7.245277777777778,60,0.185,4.03,6
2013,ADK90,Canoe,open,NA,7.245555555555556,57.4,0.047,4.6,6
2017,ADK90,Canoe,open,NA,7.246944444444445,52.8,0.02,5.46,6
2013,ADK90,Canoe,open,NA,7.249722222222222,57.4,0.047,4.6,6
2017,ADK90,Canoe,open,NA,7.25,52.8,0.02,5.46,6
2024,ADK90,Canoe,oc2stocktour,5,7.251333333333333,59.6,0.768,4.26,2
2012,ADK90,Canoe,open,NA,7.251388888888889,69.1,0.516,4.29,6
2016,ADK90,Canoe,open,NA,7.252777777777778,69.6,0.004,3.19,6
2022,ADK90,Canoe,oc2rectour,9,7.255972222222222,67.5,0,3.91,2
2014,ADK90,Canoe,open,NA,7.256666666666667,68.9,0.067,4.01,6
2017,ADK90,Canoe,open,NA,7.256944444444445,52.8,0.02,5.46,6
2015,ADK90,Canoe,open,NA,7.257777777777778,63,0.185,2.75,6
2022,ADK90,Canoe,oc2rectour,8,7.2603888888888894,67.5,0,3.91,2
2016,ADK90,Canoe,open,NA,7.2625,69.6,0.004,3.19,6
2022,ADK90,Canoe,oc1,2,7.263,67.5,0,3.91,1
2024,ADK90,Canoe,oc2stocktourmix,1,7.264305555555556,59.6,0.768,4.26,2
2014,ADK90,Canoe,open,NA,7.265,68.9,0.067,4.01,6
2014,ADK90,Canoe,open,NA,7.271388888888889,68.9,0.067,4.01,6
2016,ADK90,Canoe,open,NA,7.271944444444444,69.6,0.004,3.19,6
2016,ADK90,Canoe,open,NA,7.272222222222222,69.6,0.004,3.19,6
2014,ADK90,Canoe,open,NA,7.273888888888889,68.9,0.067,4.01,6
2018,ADK90,Canoe,oc1stock,4,7.275833333333333,58.7,0,2.76,1
2012,ADK90,Canoe,open,NA,7.276666666666666,69.1,0.516,4.29,6
2008,ADK90,Canoe,open,NA,7.277222222222222,70.2,0.323,4.58,6
2010,ADK90,Canoe,open,NA,7.2825,58.4,0,3.89,6
2008,ADK90,Canoe,oc1stockwomen,1,7.282777777777778,70.2,0.323,4.58,1
2018,ADK90,Canoe,open,NA,7.283611111111111,58.7,0,2.76,6
2017,ADK90,Canoe,open,NA,7.284722222222222,52.8,0.02,5.46,6
2009,ADK90,Canoe,open,NA,7.286388888888889,60,0.185,4.03,6
2012,ADK90,Canoe,open,NA,7.286388888888889,69.1,0.516,4.29,6
2012,ADK90,Canoe,open,NA,7.290277777777778,69.1,0.516,4.29,6
2024,ADK90,Guideboat,g1master,2,7.290333333333334,59.6,0.768,4.26,1
2023,ADK90,Guideboat,g2,6,7.290527777777778,65.2,0,5,2
2016,ADK90,Canoe,open,NA,7.295277777777778,69.6,0.004,3.19,6
2024,ADK90,Canoe,oc2stockmix,8,7.295694444444444,59.6,0.768,4.26,2
2015,ADK90,Canoe,open,NA,7.296388888888889,63,0.185,2.75,6
2015,ADK90,Canoe,open,NA,7.3,63,0.185,2.75,6
2016,ADK90,Canoe,open,NA,7.302222222222222,69.6,0.004,3.19,6
2012,ADK90,Canoe,open,NA,7.3036111111111115,69.1,0.516,4.29,6
2019,ADK90,Canoe,oc1rec,5,7.305,59.3,0.008,4.97,1
2016,ADK90,Canoe,oc1am,3,7.307777777777778,69.6,0.004,3.19,1
2025,ADK90,Canoe,oc2stockwomen,5,7.309944444444445,60.5,0.134,3.08,2
2008,ADK90,Canoe,open,NA,7.315,70.2,0.323,4.58,6
2014,ADK90,Canoe,open,NA,7.319166666666667,68.9,0.067,4.01,6
2015,ADK90,Canoe,open,NA,7.320833333333334,63,0.185,2.75,6
2009,ADK90,Canoe,oc2stockmixmaster,11,7.321111111111111,60,0.185,4.03,2
2010,ADK90,Canoe,open,NA,7.323611111111111,58.4,0,3.89,6
2023,ADK90,Canoe,oc2rec,4,7.3325,65.2,0,5,2
2012,ADK90,Canoe,oc2rec,5,7.336111111111111,69.1,0.516,4.29,2
2015,ADK90,Guideboat,g1,5,7.338888888888889,63,0.185,2.75,1
2015,ADK90,Canoe,open,NA,7.3405555555555555,63,0.185,2.75,6
2009,ADK90,Canoe,open,NA,7.3469444444444445,60,0.185,4.03,6
2016,ADK90,Canoe,open,NA,7.3469444444444445,69.6,0.004,3.19,6
2015,ADK90,Canoe,open,NA,7.347222222222222,63,0.185,2.75,6
2015,ADK90,Canoe,open,NA,7.348055555555556,63,0.185,2.75,6
2025,ADK90,Canoe,oc3stock,2,7.350472222222223,60.5,0.134,3.08,3
2024,ADK90,Canoe,oc2rectourmix,3,7.352222222222222,59.6,0.768,4.26,2
2022,ADK90,Canoe,oc2rectour,10,7.355027777777777,67.5,0,3.91,2
2022,ADK90,Guideboat,g2,3,7.357833333333334,67.5,0,3.91,2
2008,ADK90,Canoe,oc1stock,7,7.36,70.2,0.323,4.58,1
2013,ADK90,Canoe,open,NA,7.361944444444444,57.4,0.047,4.6,6
2022,ADK90,Canoe,oc4stock,12,7.3661666666666665,67.5,0,3.91,4
2009,ADK90,Canoe,open,NA,7.367222222222222,60,0.185,4.03,6
2018,ADK90,Guideboat,g2mix,1,7.368055555555555,58.7,0,2.76,2
2025,ADK90,Canoe,oc2stock,24,7.368333333333333,60.5,0.134,3.08,2
2025,ADK90,Canoe,oc2rec,9,7.369305555555556,60.5,0.134,3.08,2
2016,ADK90,Voyageur,voyageur,6,7.37,69.6,0.004,3.19,6
2015,ADK90,Canoe,open,NA,7.37,63,0.185,2.75,6
2015,ADK90,Canoe,open,NA,7.370833333333334,63,0.185,2.75,6
2010,ADK90,Canoe,open,NA,7.371111111111111,58.4,0,3.89,6
2012,ADK90,Canoe,open,NA,7.372222222222222,69.1,0.516,4.29,6
2019,ADK90,Canoe,oc1am,1,7.375,59.3,0.008,4.97,1
2023,ADK90,Canoe,oc3stock,1,7.376805555555555,65.2,0,5,3
2023,ADK90,Canoe,oc3stocknc,4,7.3774444444444445,65.2,0,5,3
2009,ADK90,Canoe,oc1stockwomen,1,7.3775,60,0.185,4.03,1
2023,ADK90,Canoe,oc2stocknc,3,7.378166666666667,65.2,0,5,2
2023,ADK90,Canoe,oc2stocknc,4,7.3785,65.2,0,5,2
2016,ADK90,Canoe,open,NA,7.378888888888889,69.6,0.004,3.19,6
2014,ADK90,Canoe,open,NA,7.381111111111111,68.9,0.067,4.01,6
2014,ADK90,Canoe,open,NA,7.3822222222222225,68.9,0.067,4.01,6
2009,ADK90,Canoe,open,NA,7.3825,60,0.185,4.03,6
2014,ADK90,Canoe,oc4women,3,7.383055555555556,68.9,0.067,4.01,4
2013,ADK90,Canoe,open,NA,7.383055555555556,57.4,0.047,4.6,6
2009,ADK90,Canoe,oc1stockwomen,2,7.383055555555556,60,0.185,4.03,1
2016,ADK90,Guideboat,g2,8,7.385,69.6,0.004,3.19,2
2014,ADK90,Canoe,open,NA,7.385833333333333,68.9,0.067,4.01,6
2018,ADK90,Canoe,open,NA,7.385833333333333,58.7,0,2.76,6
2017,ADK90,Canoe,open,NA,7.3875,52.8,0.02,5.46,6
2010,ADK90,Canoe,open,NA,7.3886111111111115,58.4,0,3.89,6
2012,ADK90,Canoe,open,NA,7.388888888888889,69.1,0.516,4.29,6
2024,ADK90,Canoe,oc2recmix,2,7.389555555555556,59.6,0.768,4.26,2
2009,ADK90,Canoe,oc2stockmixveteran,2,7.393611111111111,60,0.185,4.03,2
2023,ADK90,Canoe,oc2recnc,6,7.394416666666667,65.2,0,5,2
2025,ADK90,Canoe,oc2stock,22,7.394861111111111,60.5,0.134,3.08,2
2014,ADK90,Canoe,open,NA,7.395,68.9,0.067,4.01,6
2012,ADK90,Canoe,open,NA,7.395277777777777,69.1,0.516,4.29,6
2018,ADK90,Canoe,oc2recmix,2,7.396388888888889,58.7,0,2.76,2
2018,ADK90,Canoe,oc2stockveteran,4,7.3975,58.7,0,2.76,2
2015,ADK90,Canoe,open,NA,7.397777777777778,63,0.185,2.75,6
2015,ADK90,Canoe,open,NA,7.399166666666667,63,0.185,2.75,6
2010,ADK90,Canoe,open,NA,7.400833333333333,58.4,0,3.89,6
2018,ADK90,Canoe,open,NA,7.401111111111111,58.7,0,2.76,6
2008,ADK90,Canoe,open,NA,7.401666666666666,70.2,0.323,4.58,6
2008,ADK90,Canoe,open,NA,7.402222222222222,70.2,0.323,4.58,6
2021,ADK90,Canoe,oc2stockwomen,4,7.406666666666666,60,0,5.13,2
2014,ADK90,Canoe,open,NA,7.4075,68.9,0.067,4.01,6
2022,ADK90,Kayak,k1tournc,6,7.4086944444444445,67.5,0,3.91,1
2024,ADK90,Kayak,k2tournc,1,7.411694444444444,59.6,0.768,4.26,2
2025,ADK90,Kayak,k1sport,4,7.413333333333333,60.5,0.134,3.08,1
2025,ADK90,Kayak,k1sport,3,7.413555555555555,60.5,0.134,3.08,1
2010,ADK90,Canoe,open,NA,7.416666666666667,58.4,0,3.89,6
2012,ADK90,Canoe,open,NA,7.42,69.1,0.516,4.29,6
2018,ADK90,Canoe,open,NA,7.4222222222222225,58.7,0,2.76,6
2016,ADK90,Canoe,open,NA,7.422777777777778,69.6,0.004,3.19,6
2017,ADK90,Canoe,oc1recwomen,3,7.424722222222222,52.8,0.02,5.46,1
2018,ADK90,Canoe,oc2stockwomen,1,7.4286111111111115,58.7,0,2.76,2
2014,ADK90,Canoe,open,NA,7.431666666666667,68.9,0.067,4.01,6
2018,ADK90,Canoe,open,NA,7.4325,58.7,0,2.76,6
2013,ADK90,Guideboat,g2women,3,7.433055555555556,57.4,0.047,4.6,2
2016,ADK90,Canoe,open,NA,7.433888888888889,69.6,0.004,3.19,6
2016,ADK90,Canoe,open,NA,7.434166666666667,69.6,0.004,3.19,6
2018,ADK90,Canoe,open,NA,7.435833333333333,58.7,0,2.76,6
2018,ADK90,Canoe,open,NA,7.435833333333333,58.7,0,2.76,6
2022,ADK90,Canoe,oc2rec,4,7.441111111111111,67.5,0,3.91,2
2010,ADK90,Canoe,open,NA,7.441111111111111,58.4,0,3.89,6
2024,ADK90,Canoe,oc4stockmix,25,7.44275,59.6,0.768,4.26,4
2024,ADK90,Canoe,oc2recmaster,2,7.443083333333333,59.6,0.768,4.26,2
2016,ADK90,Canoe,open,NA,7.443611111111111,69.6,0.004,3.19,6
2016,ADK90,Canoe,open,NA,7.4447222222222225,69.6,0.004,3.19,6
2025,ADK90,Canoe,oc4stocktour,5,7.445333333333333,60.5,0.134,3.08,4
2022,ADK90,Kayak,k1tourmaster,6,7.44775,67.5,0,3.91,1
2018,ADK90,Canoe,oc2ammix,3,7.448333333333333,58.7,0,2.76,2
2013,ADK90,Canoe,open,NA,7.452222222222222,57.4,0.047,4.6,6
2018,ADK90,Canoe,oc1stock,5,7.456388888888889,58.7,0,2.76,1
2023,ADK90,Canoe,oc2recnc,7,7.4576666666666664,65.2,0,5,2
2025,ADK90,Canoe,oc2rec,7,7.458388888888889,60.5,0.134,3.08,2
2013,ADK90,Canoe,open,NA,7.460277777777778,57.4,0.047,4.6,6
2025,ADK90,Canoe,oc2rec,6,7.462444444444444,60.5,0.134,3.08,2
2024,ADK90,Canoe,oc2recmix,3,7.462555555555555,59.6,0.768,4.26,2
2024,ADK90,Kayak,k1sportmaster,8,7.464,59.6,0.768,4.26,1
2024,ADK90,Kayak,k1sportmaster,9,7.4640555555555554,59.6,0.768,4.26,1
2016,ADK90,Canoe,open,NA,7.469166666666666,69.6,0.004,3.19,6
2014,ADK90,Canoe,open,NA,7.469444444444444,68.9,0.067,4.01,6
2009,ADK90,Canoe,open,NA,7.47,60,0.185,4.03,6
2016,ADK90,Canoe,oc2rec,5,7.471111111111111,69.6,0.004,3.19,2
2012,ADK90,Canoe,open,NA,7.4725,69.1,0.516,4.29,6
2018,ADK90,Canoe,open,NA,7.472777777777778,58.7,0,2.76,6
2018,ADK90,Canoe,open,NA,7.475833333333333,58.7,0,2.76,6
2023,ADK90,Canoe,oc1stocknc,2,7.477805555555555,65.2,0,5,1
2010,ADK90,Canoe,open,NA,7.480833333333333,58.4,0,3.89,6
2023,ADK90,Canoe,oc2recnc,8,7.481472222222222,65.2,0,5,2
2019,ADK90,Guideboat,g2,7,7.484444444444445,59.3,0.008,4.97,2
2013,ADK90,Canoe,open,NA,7.485555555555556,57.4,0.047,4.6,6
2023,ADK90,Canoe,oc2stockmixnc,3,7.488027777777778,65.2,0,5,2
2022,ADK90,Kayak,k1tourmaster,5,7.488527777777778,67.5,0,3.91,1
2012,ADK90,Canoe,open,NA,7.4925,69.1,0.516,4.29,6
2016,ADK90,Canoe,open,NA,7.4927777777777775,69.6,0.004,3.19,6
2010,ADK90,Canoe,open,NA,7.4975,58.4,0,3.89,6
2012,ADK90,Canoe,open,NA,7.500555555555556,69.1,0.516,4.29,6
2025,ADK90,Canoe,oc2stockwomen,6,7.502944444444444,60.5,0.134,3.08,2
2009,ADK90,Canoe,open,NA,7.503333333333333,60,0.185,4.03,6
2015,ADK90,Canoe,open,NA,7.505277777777778,63,0.185,2.75,6
2018,ADK90,Canoe,oc1recveteran,3,7.5055555555555555,58.7,0,2.76,1
2018,ADK90,Canoe,open,NA,7.506666666666667,58.7,0,2.76,6
2014,ADK90,Canoe,open,NA,7.509166666666666,68.9,0.067,4.01,6
2023,ADK90,Canoe,oc4stockgoldmixnc,2,7.511222222222223,65.2,0,5,4
2023,ADK90,Canoe,oc2recnc,9,7.511388888888889,65.2,0,5,2
2015,ADK90,Canoe,open,NA,7.512777777777778,63,0.185,2.75,6
2015,ADK90,Canoe,open,NA,7.515,63,0.185,2.75,6
2018,ADK90,Guideboat,g2women,1,7.515555555555555,58.7,0,2.76,2
2014,ADK90,Canoe,open,NA,7.516666666666667,68.9,0.067,4.01,6
2022,ADK90,SUP,sup,2,7.519388888888889,67.5,0,3.91,1
2022,ADK90,Canoe,oc2recjrsr,4,7.520611111111111,67.5,0,3.91,2
2018,ADK90,Canoe,open,NA,7.523888888888889,58.7,0,2.76,6
2024,ADK90,Canoe,oc2recmix,1,7.524666666666667,59.6,0.768,4.26,2
2013,ADK90,Canoe,open,NA,7.530277777777778,57.4,0.047,4.6,6
2015,ADK90,Canoe,open,NA,7.5311111111111115,63,0.185,2.75,6
2018,ADK90,Canoe,open,NA,7.5313888888888885,58.7,0,2.76,6
2014,ADK90,Guideboat,g1,2,7.531944444444444,68.9,0.067,4.01,1
2025,ADK90,Canoe,oc2rec,8,7.5377777777777775,60.5,0.134,3.08,2
2022,ADK90,Guideboat,g1,5,7.539277777777778,67.5,0,3.91,1
2022,ADK90,Guideboat,g1,4,7.5395,67.5,0,3.91,1
2009,ADK90,Canoe,open,NA,7.5475,60,0.185,4.03,6
2023,ADK90,Guideboat,g1,3,7.551583333333333,65.2,0,5,1
2023,ADK90,Guideboat,g1,2,7.551833333333333,65.2,0,5,1
2012,ADK90,Canoe,open,NA,7.556388888888889,69.1,0.516,4.29,6
2014,ADK90,Canoe,open,NA,7.557777777777778,68.9,0.067,4.01,6
2013,ADK90,Canoe,open,NA,7.559722222222222,57.4,0.047,4.6,6
2018,ADK90,Canoe,open,NA,7.562222222222222,58.7,0,2.76,6
2015,ADK90,Canoe,open,NA,7.5633333333333335,63,0.185,2.75,6
2018,ADK90,Kayak,k1tour,9,7.563611111111111,58.7,0,2.76,1
2014,ADK90,Canoe,open,NA,7.563888888888889,68.9,0.067,4.01,6
2009,ADK90,Canoe,oc1stock,5,7.566111111111111,60,0.185,4.03,1
2025,ADK90,Canoe,oc4stocktour,6,7.569333333333333,60.5,0.134,3.08,4
2024,ADK90,Canoe,oc2recmaster,3,7.573472222222223,59.6,0.768,4.26,2
2009,ADK90,Canoe,open,NA,7.575,60,0.185,4.03,6
2010,ADK90,Canoe,open,NA,7.575555555555556,58.4,0,3.89,6
2022,ADK90,Canoe,oc2stockmix,10,7.575666666666667,67.5,0,3.91,2
2009,ADK90,Canoe,open,NA,7.576388888888889,60,0.185,4.03,6
2017,ADK90,Canoe,open,NA,7.5825,52.8,0.02,5.46,6
2018,ADK90,Canoe,open,NA,7.584722222222222,58.7,0,2.76,6
2016,ADK90,Canoe,open,NA,7.589444444444444,69.6,0.004,3.19,6
2024,ADK90,Canoe,oc4stockmix,24,7.591138888888889,59.6,0.768,4.26,4
2014,ADK90,Canoe,open,NA,7.592222222222222,68.9,0.067,4.01,6
2010,ADK90,Canoe,oc1rec,9,7.594166666666666,58.4,0,3.89,1
2010,ADK90,Canoe,oc1recwomen,3,7.594166666666666,58.4,0,3.89,1
2012,ADK90,Canoe,open,NA,7.599444444444444,69.1,0.516,4.29,6
2013,ADK90,Canoe,open,NA,7.599444444444444,57.4,0.047,4.6,6
2017,ADK90,Canoe,open,NA,7.605277777777777,52.8,0.02,5.46,6
2017,ADK90,Canoe,open,NA,7.608333333333333,52.8,0.02,5.46,6
2014,ADK90,Canoe,open,NA,7.610277777777778,68.9,0.067,4.01,6
2021,ADK90,Canoe,oc2stockmixveterans,4,7.610555555555556,60,0,5.13,2
2023,ADK90,Canoe,oc2recmixnc,1,7.610583333333333,65.2,0,5,2
2017,ADK90,Canoe,oc2rec,5,7.613611111111111,52.8,0.02,5.46,2
2012,ADK90,Canoe,open,NA,7.615277777777778,69.1,0.516,4.29,6
2010,ADK90,Canoe,open,NA,7.6161111111111115,58.4,0,3.89,6
2009,ADK90,Canoe,open,NA,7.6177777777777775,60,0.185,4.03,6
2022,ADK90,Canoe,oc2stocktour,6,7.6195,67.5,0,3.91,2
2018,ADK90,Canoe,oc2rec,4,7.625555555555556,58.7,0,2.76,2
2018,ADK90,Canoe,open,NA,7.6325,58.7,0,2.76,6
2018,ADK90,Canoe,open,NA,7.633333333333334,58.7,0,2.76,6
2024,ADK90,Canoe,oc2stocktourwomen,1,7.638888888888889,59.6,0.768,4.26,2
2018,ADK90,Canoe,oc4stockwomen,4,7.6402777777777775,58.7,0,2.76,4
2010,ADK90,Canoe,open,NA,7.642777777777778,58.4,0,3.89,6
2025,ADK90,Canoe,oc2stocktour,7,7.646388888888889,60.5,0.134,3.08,2
2012,ADK90,Guideboat,g2,9,7.648055555555556,69.1,0.516,4.29,2
2014,ADK90,Canoe,open,NA,7.648055555555556,68.9,0.067,4.01,6
2025,ADK90,Kayak,k2tournc,2,7.6563888888888885,60.5,0.134,3.08,2
2016,ADK90,Canoe,open,NA,7.659166666666667,69.6,0.004,3.19,6
2018,ADK90,Canoe,open,NA,7.659166666666667,58.7,0,2.76,6
2023,ADK90,Kayak,k1,2,7.659833333333334,65.2,0,5,1
2008,ADK90,Canoe,oc2recmix,4,7.665277777777778,70.2,0.323,4.58,2
2018,ADK90,Canoe,oc1rec,3,7.6691666666666665,58.7,0,2.76,1
2025,ADK90,Canoe,oc2stockmix,13,7.670333333333334,60.5,0.134,3.08,2
2025,ADK90,Canoe,oc2stocktour,3,7.672000000000001,60.5,0.134,3.08,2
2018,ADK90,Canoe,open,NA,7.6725,58.7,0,2.76,6
2012,ADK90,Canoe,open,NA,7.673055555555556,69.1,0.516,4.29,6
2018,ADK90,Guideboat,g2,3,7.673055555555556,58.7,0,2.76,2
2012,ADK90,Canoe,open,NA,7.675277777777778,69.1,0.516,4.29,6
2010,ADK90,Canoe,oc2recmix,4,7.675277777777778,58.4,0,3.89,2
2010,ADK90,Canoe,open,NA,7.678333333333334,58.4,0,3.89,6
2025,ADK90,Canoe,oc2stockmixmaster,5,7.679555555555556,60.5,0.134,3.08,2
2018,ADK90,Canoe,open,NA,7.681666666666667,58.7,0,2.76,6
2013,ADK90,Canoe,opensuperveteran,3,7.681666666666667,57.4,0.047,4.6,6
2018,ADK90,Canoe,open,NA,7.684722222222222,58.7,0,2.76,6
2015,ADK90,Canoe,open,NA,7.685833333333333,63,0.185,2.75,6
2015,ADK90,Canoe,open,NA,7.687222222222222,63,0.185,2.75,6
2015,ADK90,Canoe,open,NA,7.695833333333334,63,0.185,2.75,6
2010,ADK90,Canoe,open,NA,7.698055555555555,58.4,0,3.89,6
2023,ADK90,Canoe,oc2recwomen,1,7.698055555555555,65.2,0,5,2
2008,ADK90,Canoe,open,NA,7.704722222222222,70.2,0.323,4.58,6
2017,ADK90,Canoe,open,NA,7.7058333333333335,52.8,0.02,5.46,6
2017,ADK90,Canoe,open,NA,7.710277777777778,52.8,0.02,5.46,6
2018,ADK90,Canoe,open,NA,7.723055555555556,58.7,0,2.76,6
2023,ADK90,Canoe,oc2stockwomen,5,7.727333333333334,65.2,0,5,2
2018,ADK90,Canoe,open,NA,7.729444444444445,58.7,0,2.76,6
2015,ADK90,Canoe,open,NA,7.731111111111111,63,0.185,2.75,6
2016,ADK90,Canoe,open,NA,7.733333333333333,69.6,0.004,3.19,6
2016,ADK90,Canoe,open,NA,7.738611111111111,69.6,0.004,3.19,6
2008,ADK90,Canoe,open,NA,7.741666666666666,70.2,0.323,4.58,6
2018,ADK90,Canoe,open,NA,7.745,58.7,0,2.76,6
2018,ADK90,Canoe,open,NA,7.7575,58.7,0,2.76,6
2025,ADK90,Canoe,oc2stocktour,8,7.758861111111112,60.5,0.134,3.08,2
2023,ADK90,Canoe,oc1stocknc,3,7.765611111111111,65.2,0,5,1
2018,ADK90,Canoe,open,NA,7.7683333333333335,58.7,0,2.76,6
2018,ADK90,Canoe,open,NA,7.776944444444444,58.7,0,2.76,6
2022,ADK90,Guideboat,g2mix,2,7.778472222222222,67.5,0,3.91,2
2012,ADK90,Canoe,open,NA,7.7811111111111115,69.1,0.516,4.29,6
2015,ADK90,Canoe,open,NA,7.782777777777778,63,0.185,2.75,6
2012,ADK90,Canoe,open,NA,7.785833333333334,69.1,0.516,4.29,6
2018,ADK90,Canoe,open,NA,7.786388888888889,58.7,0,2.76,6
2012,ADK90,Canoe,open,NA,7.788333333333333,69.1,0.516,4.29,6
2018,ADK90,Canoe,open,NA,7.7988888888888885,58.7,0,2.76,6
2025,ADK90,Canoe,oc2stockmix,12,7.8037777777777775,60.5,0.134,3.08,2
2009,ADK90,Canoe,open,NA,7.803888888888889,60,0.185,4.03,6
2009,ADK90,Canoe,open,NA,7.803888888888889,60,0.185,4.03,6
2009,ADK90,Canoe,open,NA,7.803888888888889,60,0.185,4.03,6
2009,ADK90,Canoe,open,NA,7.803888888888889,60,0.185,4.03,6
2009,ADK90,Canoe,open,NA,7.803888888888889,60,0.185,4.03,6
2017,ADK90,Canoe,open,NA,7.806666666666667,52.8,0.02,5.46,6
2010,ADK90,Canoe,open,NA,7.809444444444445,58.4,0,3.89,6
2018,ADK90,Canoe,open,NA,7.8116666666666665,58.7,0,2.76,6
2022,ADK90,Canoe,oc2rectour,11,7.815194444444445,67.5,0,3.91,2
2025,ADK90,Kayak,k2,4,7.8190277777777775,60.5,0.134,3.08,2
2023,ADK90,Canoe,oc2rec,5,7.8255,65.2,0,5,2
2022,ADK90,Kayak,k1tournc,5,7.831944444444445,67.5,0,3.91,1
2018,ADK90,Canoe,open,NA,7.837777777777778,58.7,0,2.76,6
2011,ADK90,Canoe,open,NA,7.838055555555556,62.9,0,7.28,6
2019,ADK90,SUP,superveterans,4,7.8425,59.3,0.008,4.97,1
2016,ADK90,Canoe,open,NA,7.843333333333334,69.6,0.004,3.19,6
2022,ADK90,Canoe,oc2stock,11,7.856638888888889,67.5,0,3.91,2
2008,ADK90,Canoe,open,NA,7.866666666666666,70.2,0.323,4.58,6
2010,ADK90,Canoe,open,NA,7.868888888888889,58.4,0,3.89,6
2009,ADK90,Canoe,open,NA,7.875277777777778,60,0.185,4.03,6
2012,ADK90,Canoe,open,NA,7.881388888888889,69.1,0.516,4.29,6
2018,ADK90,Canoe,open,NA,7.883333333333334,58.7,0,2.76,6
2012,ADK90,Canoe,open,NA,7.886666666666667,69.1,0.516,4.29,6
2010,ADK90,Canoe,open,NA,7.8886111111111115,58.4,0,3.89,6
2009,ADK90,Canoe,open,NA,7.896111111111111,60,0.185,4.03,6
2009,ADK90,Canoe,open,NA,7.899166666666667,60,0.185,4.03,6
2018,ADK90,Guideboat,g2,4,7.9075,58.7,0,2.76,2
2008,ADK90,Canoe,open,NA,7.911111111111111,70.2,0.323,4.58,6
2008,ADK90,Canoe,open,NA,7.9127777777777775,70.2,0.323,4.58,6
2012,ADK90,Canoe,open,NA,7.917222222222223,69.1,0.516,4.29,6
2023,ADK90,Canoe,oc2stockmixnc,4,7.918444444444445,65.2,0,5,2
2015,ADK90,Canoe,open,NA,7.926111111111111,63,0.185,2.75,6
2025,ADK90,Canoe,oc2stock,25,7.930555555555555,60.5,0.134,3.08,2
2013,ADK90,Canoe,open,NA,7.933611111111111,57.4,0.047,4.6,6
2018,ADK90,Canoe,open,NA,7.935,58.7,0,2.76,6
2021,ADK90,Guideboat,g1,2,7.940277777777778,60,0,5.13,1
2010,ADK90,Canoe,open,NA,7.944166666666667,58.4,0,3.89,6
2023,ADK90,Kayak,k1nc,3,7.947472222222222,65.2,0,5,1
2015,ADK90,Canoe,oc1recveteran,3,7.947777777777778,63,0.185,2.75,1
2018,ADK90,Canoe,open,NA,7.948333333333333,58.7,0,2.76,6
2016,ADK90,Canoe,oc1stockmaster,3,7.951666666666667,69.6,0.004,3.19,1
2011,ADK90,Canoe,open,NA,7.953888888888889,62.9,0,7.28,6
2025,ADK90,Canoe,oc2stockmaster,12,7.954111111111111,60.5,0.134,3.08,2
2018,ADK90,Canoe,open,NA,7.960833333333333,58.7,0,2.76,6
2016,ADK90,Canoe,open,NA,7.966388888888889,69.6,0.004,3.19,6
2022,ADK90,Guideboat,g2tour,1,7.980166666666666,67.5,0,3.91,2
2009,ADK90,Canoe,open,NA,7.993055555555555,60,0.185,4.03,6
2018,ADK90,Canoe,open,NA,7.993888888888889,58.7,0,2.76,6
2009,ADK90,Canoe,open,NA,7.996111111111111,60,0.185,4.03,6
2018,ADK90,Canoe,open,NA,8.005277777777778,58.7,0,2.76,6
2017,ADK90,Canoe,open,NA,8.010833333333334,52.8,0.02,5.46,6
2016,ADK90,Canoe,open,NA,8.014444444444445,69.6,0.004,3.19,6
2016,ADK90,Canoe,open,NA,8.027222222222223,69.6,0.004,3.19,6
2009,ADK90,Canoe,open,NA,8.032777777777778,60,0.185,4.03,6
2013,ADK90,Canoe,open,NA,8.034166666666666,57.4,0.047,4.6,6
2023,ADK90,Canoe,oc2rec,6,8.036333333333333,65.2,0,5,2
2013,ADK90,Canoe,open,NA,8.046111111111111,57.4,0.047,4.6,6
2012,ADK90,Canoe,open,NA,8.055833333333334,69.1,0.516,4.29,6
2023,ADK90,Canoe,oc2stockgoldmixnc,4,8.064194444444444,65.2,0,5,2
2018,ADK90,Canoe,open,NA,8.065277777777778,58.7,0,2.76,6
2024,ADK90,Canoe,oc2rec,7,8.073027777777778,59.6,0.768,4.26,2
2015,ADK90,Canoe,open,NA,8.096388888888889,63,0.185,2.75,6
2018,ADK90,Canoe,open,NA,8.108055555555556,58.7,0,2.76,6
2015,ADK90,Canoe,open,NA,8.115,63,0.185,2.75,6
2022,ADK90,Kayak,k2superveteran,1,8.117611111111112,67.5,0,3.91,2
2017,ADK90,Canoe,open,NA,8.119166666666667,52.8,0.02,5.46,6
2010,ADK90,Canoe,open,NA,8.1225,58.4,0,3.89,6
2011,ADK90,Canoe,open,NA,8.134444444444444,62.9,0,7.28,6
2018,ADK90,Canoe,open,NA,8.13888888888889,58.7,0,2.76,6
2018,ADK90,Canoe,open,NA,8.13888888888889,58.7,0,2.76,6
2010,ADK90,Canoe,open,NA,8.13888888888889,58.4,0,3.89,6
2015,ADK90,Canoe,open,NA,8.148333333333333,63,0.185,2.75,6
2018,ADK90,Canoe,open,NA,8.15638888888889,58.7,0,2.76,6
2009,ADK90,Canoe,open,NA,8.161388888888888,60,0.185,4.03,6
2018,ADK90,Canoe,open,NA,8.170277777777779,58.7,0,2.76,6
2009,ADK90,Canoe,open,NA,8.182777777777778,60,0.185,4.03,6
2016,ADK90,Kayak,k1toursuperveteran,1,8.185833333333333,69.6,0.004,3.19,1
2018,ADK90,Canoe,open,NA,8.195277777777777,58.7,0,2.76,6
2025,ADK90,Canoe,oc2rectournc,1,8.219055555555554,60.5,0.134,3.08,2
2022,ADK90,Canoe,oc1stocknc,1,8.222861111111111,67.5,0,3.91,1
2017,ADK90,Canoe,open,NA,8.225,52.8,0.02,5.46,6
2012,ADK90,Canoe,open,NA,8.265833333333333,69.1,0.516,4.29,6
2018,ADK90,Canoe,open,NA,8.286388888888888,58.7,0,2.76,6
2022,ADK90,Kayak,k1tournc,7,8.293222222222221,67.5,0,3.91,1
2022,ADK90,Kayak,k1tournc,8,8.305388888888888,67.5,0,3.91,1
2018,ADK90,Canoe,open,NA,8.311111111111112,58.7,0,2.76,6
2018,ADK90,Canoe,open,NA,8.319166666666666,58.7,0,2.76,6
2018,ADK90,Canoe,open,NA,8.321666666666667,58.7,0,2.76,6
2016,ADK90,Canoe,open,NA,8.327222222222222,69.6,0.004,3.19,6
2017,ADK90,Canoe,open,NA,8.333055555555555,52.8,0.02,5.46,6
2024,ADK90,Canoe,oc3stocktour,1,8.357305555555556,59.6,0.768,4.26,3
2009,ADK90,Canoe,open,NA,8.38111111111111,60,0.185,4.03,6
2023,ADK90,Canoe,oc2recgoldmixnc,1,8.390138888888888,65.2,0,5,2
2017,ADK90,Canoe,open,NA,8.391666666666667,52.8,0.02,5.46,6
2018,ADK90,Canoe,open,NA,8.4025,58.7,0,2.76,6
2017,ADK90,Canoe,open,NA,8.439166666666667,52.8,0.02,5.46,6
2018,ADK90,Canoe,open,NA,8.439722222222223,58.7,0,2.76,6
2018,ADK90,Canoe,open,NA,8.46,58.7,0,2.76,6
2018,ADK90,Canoe,open,NA,8.4625,58.7,0,2.76,6
2018,ADK90,Canoe,open,NA,8.476666666666667,58.7,0,2.76,6
2017,ADK90,Canoe,open,NA,8.495,52.8,0.02,5.46,6
2018,ADK90,Canoe,open,NA,8.50611111111111,58.7,0,2.76,6
2023,ADK90,Canoe,oc2stockgoldmixnc,5,8.530527777777777,65.2,0,5,2
2018,ADK90,Canoe,open,NA,8.535833333333333,58.7,0,2.76,6
2016,ADK90,Canoe,open,NA,8.59361111111111,69.6,0.004,3.19,6
2018,ADK90,Canoe,open,NA,8.643611111111111,58.7,0,2.76,6
2018,ADK90,Canoe,open,NA,8.653611111111111,58.7,0,2.76,6
2015,ADK90,Canoe,open,NA,8.66638888888889,63,0.185,2.75,6
2018,ADK90,Canoe,open,NA,8.686388888888889,58.7,0,2.76,6
2025,ADK90,SUP,sup,1,8.713472222222222,60.5,0.134,3.08,1
2025,ADK90,SUP,sup,2,8.71363888888889,60.5,0.134,3.08,1
2018,ADK90,Canoe,open,NA,8.714166666666667,58.7,0,2.76,6
2025,ADK90,Guideboat,g2women,1,8.778472222222222,60.5,0.134,3.08,2
2018,ADK90,Canoe,open,NA,8.801388888888889,58.7,0,2.76,6
2018,ADK90,Canoe,open,NA,8.820277777777777,58.7,0,2.76,6
2025,ADK90,Guideboat,g2,5,8.842,60.5,0.134,3.08,2
2018,ADK90,Canoe,open,NA,8.858611111111111,58.7,0,2.76,6
2018,ADK90,Canoe,open,NA,9.364444444444445,58.7,0,2.76,6
