year,raceId,boatType,classId,place,value,temp,rain,water,n_paddler
2013,ADK90,Canoe,oc4open,1,2.7822222222222224,59.8,0.185,3.56,4
2017,ADK90,Kayak,k2,1,2.790277777777778,56.9,0,4,2
2022,ADK90,Kayak,k1unlimitedopen,1,2.813638888888889,70.5,0,3.32,1
2022,ADK90,Canoe,oc4,1,2.814916666666667,70.5,0,3.32,4
2019,ADK90,Kayak,k1unlimited,1,2.8219444444444446,59,0.02,3.67,1
2011,ADK90,Voyageur,voyageur,1,2.8497222222222223,61.2,0,4.36,6
2011,ADK90,Canoe,oc4open,1,2.8769444444444443,61.2,0,4.36,4
2012,ADK90,Canoe,oc4open,1,2.877222222222222,60.8,0.02,3.05,4
2021,ADK90,Kayak,k4,1,2.877222222222222,68.4,0.028,3.04,4
2014,ADK90,Canoe,oc4open,1,2.8872222222222224,65,0,2.97,4
2025,ADK90,Kayak,k2,1,2.9031111111111114,59.2,0,2.97,2
2012,ADK90,Canoe,oc4open,2,2.9044444444444446,60.8,0.02,3.05,4
2011,ADK90,Voyageur,voyageur,2,2.917777777777778,61.2,0,4.36,6
2017,ADK90,Canoe,oc4open,1,2.917777777777778,56.9,0,4,4
2009,ADK90,Voyageur,voyageur,1,2.937222222222222,63.8,0.028,3.28,6
2011,ADK90,Canoe,oc4open,2,2.937777777777778,61.2,0,4.36,4
2022,ADK90,Canoe,oc4,2,2.9443888888888887,70.5,0,3.32,4
2023,ADK90,Canoe,oc4mix,1,2.962388888888889,64.2,0.421,4.17,4
2014,ADK90,Canoe,oc4open,2,2.9691666666666667,65,0,2.97,4
2009,ADK90,Voyageur,voyageur,3,2.9719444444444445,63.8,0.028,3.28,6
2017,ADK90,Canoe,oc4open,2,2.9811111111111113,56.9,0,4,4
2021,ADK90,Canoe,oc4,1,2.9827777777777778,68.4,0.028,3.04,4
2008,ADK90,Voyageur,voyageur,1,2.9844444444444442,63.5,0.268,3.46,6
2009,ADK90,Voyageur,voyageur,2,2.986666666666667,63.8,0.028,3.28,6
2017,ADK90,Canoe,oc4,1,2.9880555555555555,56.9,0,4,4
2021,ADK90,Canoe,oc4,2,2.9894444444444446,68.4,0.028,3.04,4
2014,ADK90,Canoe,oc4open,3,2.9902777777777776,65,0,2.97,4
2023,ADK90,Kayak,k1unlimited,1,2.9905555555555554,64.2,0.421,4.17,1
2025,ADK90,Canoe,oc4open,1,2.99375,59.2,0,2.97,4
2012,ADK90,Voyageur,voyageur,1,2.9983333333333335,60.8,0.02,3.05,6
2013,ADK90,Canoe,oc4open,2,3,59.8,0.185,3.56,4
2023,ADK90,Kayak,k2,1,3.0078055555555556,64.2,0.421,4.17,2
2013,ADK90,Canoe,oc4open,3,3.0219444444444443,59.8,0.185,3.56,4
2023,ADK90,Canoe,oc4mix,2,3.0229166666666667,64.2,0.421,4.17,4
2008,ADK90,Voyageur,voyageur,2,3.025,63.5,0.268,3.46,6
2008,ADK90,Kayak,k1unlimited,1,3.0327777777777776,63.5,0.268,3.46,1
2009,ADK90,Canoe,open,NA,3.04,63.8,0.028,3.28,6
2025,ADK90,Canoe,oc4open,2,3.0408055555555555,59.2,0,2.97,4
2013,ADK90,Voyageur,voyageur,1,3.045,59.8,0.185,3.56,6
2015,ADK90,Canoe,oc4open,1,3.0575,64.2,1.535,3.45,4
2019,ADK90,Canoe,oc4open,1,3.06,59,0.02,3.67,4
2019,ADK90,Canoe,oc4open,2,3.060277777777778,59,0.02,3.67,4
2025,ADK90,Canoe,oc4openmix,1,3.0677222222222222,59.2,0,2.97,4
2017,ADK90,Voyageur,voyageur,2,3.0683333333333334,56.9,0,4,6
2015,ADK90,Canoe,oc4open,2,3.068611111111111,64.2,1.535,3.45,4
2011,ADK90,Voyageur,voyageur,3,3.0705555555555555,61.2,0,4.36,6
2013,ADK90,Canoe,oc4mix,2,3.0708333333333333,59.8,0.185,3.56,4
2023,ADK90,Canoe,oc4mix,3,3.071361111111111,64.2,0.421,4.17,4
2017,ADK90,Voyageur,voyageur,1,3.073611111111111,56.9,0,4,6
2022,ADK90,Canoe,oc4,3,3.0751944444444446,70.5,0,3.32,4
2013,ADK90,Canoe,oc4mix,1,3.075833333333333,59.8,0.185,3.56,4
2014,ADK90,Voyageur,voyageur,1,3.076388888888889,65,0,2.97,6
2015,ADK90,Canoe,oc4,1,3.076388888888889,64.2,1.535,3.45,4
2023,ADK90,Canoe,oc4,1,3.0765,64.2,0.421,4.17,4
2013,ADK90,Canoe,oc4mix,3,3.0766666666666667,59.8,0.185,3.56,4
2025,ADK90,Canoe,oc4open,3,3.0785833333333334,59.2,0,2.97,4
2013,ADK90,Canoe,oc4open,4,3.0816666666666666,59.8,0.185,3.56,4
2018,ADK90,Kayak,k1unlimited,1,3.0908333333333333,54.4,0,3.2,1
2013,ADK90,Canoe,oc4open,5,3.0966666666666667,59.8,0.185,3.56,4
2011,ADK90,Canoe,oc4,1,3.098611111111111,61.2,0,4.36,4
2012,ADK90,Voyageur,voyageur,2,3.105,60.8,0.02,3.05,6
2025,ADK90,Canoe,oc4open,4,3.1053055555555558,59.2,0,2.97,4
2019,ADK90,Canoe,oc4open,3,3.107222222222222,59,0.02,3.67,4
2011,ADK90,Canoe,oc4open,3,3.111666666666667,61.2,0,4.36,4
2022,ADK90,Voyageur,voyageur,1,3.1149166666666668,70.5,0,3.32,6
2013,ADK90,Canoe,oc4mix,6,3.115,59.8,0.185,3.56,4
2013,ADK90,Canoe,oc4open,6,3.1158333333333332,59.8,0.185,3.56,4
2025,ADK90,Kayak,k1open,1,3.1173611111111112,59.2,0,2.97,1
2013,ADK90,Canoe,oc4mix,4,3.1180555555555554,59.8,0.185,3.56,4
2017,ADK90,Canoe,oc4open,3,3.118333333333333,56.9,0,4,4
2015,ADK90,Canoe,oc4open,3,3.1191666666666666,64.2,1.535,3.45,4
2022,ADK90,Canoe,oc4,4,3.1195833333333334,70.5,0,3.32,4
2012,ADK90,Canoe,oc4,1,3.120833333333333,60.8,0.02,3.05,4
2019,ADK90,Kayak,k1unlimited,2,3.1266666666666665,59,0.02,3.67,1
2025,ADK90,Canoe,oc4openmix,2,3.127416666666667,59.2,0,2.97,4
2022,ADK90,Kayak,k1unlimitedmaster,1,3.1310000000000002,70.5,0,3.32,1
2014,ADK90,Canoe,oc4,1,3.1327777777777777,65,0,2.97,4
2014,ADK90,Canoe,oc4women,1,3.1330555555555555,65,0,2.97,4
2017,ADK90,Kayak,k2,2,3.1333333333333333,56.9,0,4,2
2012,ADK90,Canoe,oc4open,4,3.1405555555555558,60.8,0.02,3.05,4
2012,ADK90,Canoe,oc4mix,1,3.141111111111111,60.8,0.02,3.05,4
2012,ADK90,Canoe,oc4open,5,3.1438888888888887,60.8,0.02,3.05,4
2015,ADK90,Voyageur,voyageur,1,3.1441666666666666,64.2,1.535,3.45,6
2010,ADK90,Voyageur,voyageur,1,3.1463888888888887,63.4,0,3.19,6
2012,ADK90,Kayak,k2,2,3.1552777777777776,60.8,0.02,3.05,2
2014,ADK90,Voyageur,voyageur,2,3.1580555555555554,65,0,2.97,6
2008,ADK90,Voyageur,voyageur,4,3.160833333333333,63.5,0.268,3.46,6
2012,ADK90,Canoe,oc4open,3,3.161388888888889,60.8,0.02,3.05,4
2025,ADK90,Canoe,oc4openmix,3,3.1616388888888887,59.2,0,2.97,4
2011,ADK90,Canoe,oc4,2,3.1633333333333336,61.2,0,4.36,4
2018,ADK90,Canoe,oc4open,1,3.163611111111111,54.4,0,3.2,4
2009,ADK90,Canoe,oc4,1,3.1641666666666666,63.8,0.028,3.28,4
2023,ADK90,Canoe,oc4mix,4,3.164805555555555,64.2,0.421,4.17,4
2012,ADK90,Canoe,oc4mix,2,3.1663888888888887,60.8,0.02,3.05,4
2014,ADK90,Canoe,oc4,2,3.167222222222222,65,0,2.97,4
2013,ADK90,Canoe,oc4mix,5,3.1708333333333334,59.8,0.185,3.56,4
2008,ADK90,Canoe,oc4mix,1,3.181111111111111,63.5,0.268,3.46,4
2011,ADK90,Canoe,oc4,3,3.182777777777778,61.2,0,4.36,4
2009,ADK90,Canoe,oc2ammaster,1,3.187222222222222,63.8,0.028,3.28,2
2009,ADK90,Canoe,oc2am,1,3.1880555555555556,63.8,0.028,3.28,2
2015,ADK90,Canoe,oc4mix,1,3.1886111111111113,64.2,1.535,3.45,4
2022,ADK90,Canoe,oc4,6,3.1892222222222224,70.5,0,3.32,4
2022,ADK90,Canoe,oc4,5,3.1906944444444445,70.5,0,3.32,4
2011,ADK90,Canoe,oc4mix,4,3.1908333333333334,61.2,0,4.36,4
2009,ADK90,Canoe,oc4mix,2,3.1911111111111112,63.8,0.028,3.28,4
2011,ADK90,Canoe,oc4mix,1,3.1911111111111112,61.2,0,4.36,4
2017,ADK90,Canoe,oc4,2,3.1911111111111112,56.9,0,4,4
2017,ADK90,Canoe,oc4open,4,3.1919444444444443,56.9,0,4,4
2021,ADK90,Canoe,oc4,3,3.194166666666667,68.4,0.028,3.04,4
2013,ADK90,Canoe,oc4,2,3.1952777777777777,59.8,0.185,3.56,4
2019,ADK90,Canoe,oc4stockmix,1,3.1977777777777776,59,0.02,3.67,4
2008,ADK90,Voyageur,voyageur,3,3.2005555555555554,63.5,0.268,3.46,6
2008,ADK90,Canoe,oc2am,1,3.2025,63.5,0.268,3.46,2
2013,ADK90,Canoe,oc4,1,3.202777777777778,59.8,0.185,3.56,4
2008,ADK90,Canoe,oc2am,2,3.2044444444444444,63.5,0.268,3.46,2
2009,ADK90,Canoe,oc4mix,3,3.2083333333333335,63.8,0.028,3.28,4
2018,ADK90,Canoe,oc4open,2,3.210277777777778,54.4,0,3.2,4
2009,ADK90,Kayak,k2,1,3.2144444444444447,63.8,0.028,3.28,2
2012,ADK90,Canoe,oc4mix,3,3.2247222222222223,60.8,0.02,3.05,4
2008,ADK90,Canoe,oc4,2,3.2275,63.5,0.268,3.46,4
2013,ADK90,Canoe,oc4mix,7,3.2294444444444443,59.8,0.185,3.56,4
2023,ADK90,Canoe,oc4,2,3.2296666666666667,64.2,0.421,4.17,4
2019,ADK90,Canoe,oc4stockmix,2,3.2325,59,0.02,3.67,4
2014,ADK90,Canoe,oc4open,4,3.233611111111111,65,0,2.97,4
2011,ADK90,Canoe,oc4mix,7,3.235,61.2,0,4.36,4
2009,ADK90,Canoe,oc4mix,1,3.2352777777777777,63.8,0.028,3.28,4
2011,ADK90,Canoe,oc4mix,5,3.2375,61.2,0,4.36,4
2011,ADK90,Canoe,oc4mix,2,3.24,61.2,0,4.36,4
2017,ADK90,Canoe,oc4,3,3.242777777777778,56.9,0,4,4
2023,ADK90,Canoe,oc4mix,5,3.2485,64.2,0.421,4.17,4
2021,ADK90,Canoe,oc4stockmixmaster,1,3.2511111111111113,68.4,0.028,3.04,4
2014,ADK90,Kayak,k2mix,1,3.251388888888889,65,0,2.97,2
2017,ADK90,Kayak,k2mix,1,3.2533333333333334,56.9,0,4,2
2019,ADK90,Kayak,k2,1,3.255,59,0.02,3.67,2
2021,ADK90,Canoe,oc4stock,1,3.2555555555555555,68.4,0.028,3.04,4
2008,ADK90,Canoe,oc4,1,3.256111111111111,63.5,0.268,3.46,4
2012,ADK90,Canoe,oc4mix,4,3.2577777777777777,60.8,0.02,3.05,4
2011,ADK90,Canoe,oc4open,4,3.2580555555555555,61.2,0,4.36,4
2011,ADK90,Canoe,oc4mix,3,3.261388888888889,61.2,0,4.36,4
2022,ADK90,Canoe,oc4stock,1,3.2618055555555556,70.5,0,3.32,4
2019,ADK90,Canoe,oc4stockmix,3,3.2622222222222224,59,0.02,3.67,4
2008,ADK90,Kayak,k2,1,3.265277777777778,63.5,0.268,3.46,2
2017,ADK90,Canoe,oc4,5,3.265277777777778,56.9,0,4,4
2014,ADK90,Canoe,oc4,3,3.2655555555555558,65,0,2.97,4
2012,ADK90,Kayak,k1tour,1,3.2669444444444444,60.8,0.02,3.05,1
2013,ADK90,Canoe,oc4mix,8,3.267777777777778,59.8,0.185,3.56,4
2011,ADK90,Canoe,oc4mix,6,3.2688888888888887,61.2,0,4.36,4
2012,ADK90,Canoe,oc4mix,5,3.2713888888888887,60.8,0.02,3.05,4
2010,ADK90,Canoe,oc4mix,1,3.272222222222222,63.4,0,3.19,4
2012,ADK90,Canoe,oc4,2,3.272222222222222,60.8,0.02,3.05,4
2019,ADK90,Canoe,oc4open,4,3.2741666666666664,59,0.02,3.67,4
2023,ADK90,Canoe,oc4stock,2,3.2743055555555554,64.2,0.421,4.17,4
2008,ADK90,Canoe,oc2ammaster,1,3.2755555555555556,63.5,0.268,3.46,2
2018,ADK90,Canoe,oc4open,3,3.277222222222222,54.4,0,3.2,4
2023,ADK90,Canoe,oc4stockmix,1,3.2800833333333332,64.2,0.421,4.17,4
2008,ADK90,Kayak,k1unlimited,2,3.281111111111111,63.5,0.268,3.46,1
2022,ADK90,Canoe,oc4stockmix,1,3.2819166666666666,70.5,0,3.32,4
2008,ADK90,Kayak,k1tourveteran,1,3.283888888888889,63.5,0.268,3.46,1
2013,ADK90,Canoe,oc4,5,3.285833333333333,59.8,0.185,3.56,4
2015,ADK90,Canoe,oc4mix,2,3.286111111111111,64.2,1.535,3.45,4
2015,ADK90,Canoe,oc4open,4,3.286111111111111,64.2,1.535,3.45,4
2021,ADK90,Canoe,oc4stock,2,3.2866666666666666,68.4,0.028,3.04,4
2017,ADK90,Canoe,oc4mix,1,3.29,56.9,0,4,4
2011,ADK90,Canoe,oc2ammix,1,3.2908333333333335,61.2,0,4.36,2
2011,ADK90,Kayak,k2,2,3.2933333333333334,61.2,0,4.36,2
2011,ADK90,Kayak,k2,1,3.2944444444444443,61.2,0,4.36,2
2009,ADK90,Canoe,oc2ammaster,2,3.2977777777777777,63.8,0.028,3.28,2
2015,ADK90,Canoe,oc4mix,3,3.2980555555555555,64.2,1.535,3.45,4
2009,ADK90,Canoe,oc4,2,3.2980555555555555,63.8,0.028,3.28,4
2017,ADK90,Canoe,oc2amwomen,1,3.2994444444444446,56.9,0,4,2
2017,ADK90,Canoe,oc2ammix,1,3.3,56.9,0,4,2
2017,ADK90,Canoe,oc4,4,3.3005555555555555,56.9,0,4,4
2023,ADK90,Canoe,oc4stock,1,3.3007777777777774,64.2,0.421,4.17,4
2018,ADK90,Canoe,oc4stock,1,3.3019444444444446,54.4,0,3.2,4
2008,ADK90,Canoe,oc2ammaster,3,3.3019444444444446,63.5,0.268,3.46,2
2008,ADK90,Canoe,oc2ammaster,2,3.3025,63.5,0.268,3.46,2
2017,ADK90,Canoe,oc4mix,3,3.3030555555555554,56.9,0,4,4
2015,ADK90,Voyageur,voyageur,2,3.303611111111111,64.2,1.535,3.45,6
2019,ADK90,Kayak,k1tourmaster,1,3.306111111111111,59,0.02,3.67,1
2012,ADK90,Canoe,oc4open,6,3.307777777777778,60.8,0.02,3.05,4
2010,ADK90,Canoe,open,NA,3.3088888888888888,63.4,0,3.19,6
2019,ADK90,Kayak,k1unlimited,3,3.3113888888888887,59,0.02,3.67,1
2017,ADK90,Canoe,oc4,6,3.313888888888889,56.9,0,4,4
2013,ADK90,Canoe,oc4,3,3.3155555555555556,59.8,0.185,3.56,4
2013,ADK90,Kayak,k1unlimited,1,3.3155555555555556,59.8,0.185,3.56,1
2018,ADK90,Canoe,oc4open,4,3.317222222222222,54.4,0,3.2,4
2008,ADK90,Kayak,k2,2,3.318611111111111,63.5,0.268,3.46,2
2008,ADK90,Kayak,k1unlimited,3,3.3194444444444446,63.5,0.268,3.46,1
2011,ADK90,Canoe,oc2am,1,3.3202777777777777,61.2,0,4.36,2
2014,ADK90,Canoe,oc4mix,1,3.3205555555555555,65,0,2.97,4
2014,ADK90,Canoe,oc4mix,2,3.3208333333333333,65,0,2.97,4
2014,ADK90,Canoe,oc4mix,3,3.321388888888889,65,0,2.97,4
2012,ADK90,Kayak,k1unlimited,1,3.3225,60.8,0.02,3.05,1
2013,ADK90,Kayak,k2mix,2,3.3233333333333333,59.8,0.185,3.56,2
2009,ADK90,Canoe,oc2am,2,3.3241666666666667,63.8,0.028,3.28,2
2008,ADK90,Canoe,oc2am,3,3.325277777777778,63.5,0.268,3.46,2
2022,ADK90,Canoe,oc4,8,3.3268333333333335,70.5,0,3.32,4
2022,ADK90,Kayak,k1unlimitedveteran,1,3.327722222222222,70.5,0,3.32,1
2017,ADK90,Canoe,oc4mix,2,3.328333333333333,56.9,0,4,4
2009,ADK90,Kayak,k2,2,3.3344444444444443,63.8,0.028,3.28,2
2011,ADK90,Canoe,open,NA,3.334722222222222,61.2,0,4.36,6
2021,ADK90,Canoe,oc4stockmixmaster,2,3.3361111111111112,68.4,0.028,3.04,4
2022,ADK90,Canoe,oc4,7,3.3365,70.5,0,3.32,4
2010,ADK90,Voyageur,voyageur,2,3.338611111111111,63.4,0,3.19,6
2019,ADK90,Canoe,oc4stock,1,3.3405555555555555,59,0.02,3.67,4
2011,ADK90,Canoe,oc4mix,9,3.3408333333333333,61.2,0,4.36,4
2008,ADK90,Canoe,voyageuropen,1,3.3408333333333333,63.5,0.268,3.46,6
2013,ADK90,Canoe,oc4,7,3.341388888888889,59.8,0.185,3.56,4
2009,ADK90,Canoe,oc2stock,1,3.341388888888889,63.8,0.028,3.28,2
2019,ADK90,Canoe,oc4stock,2,3.343888888888889,59,0.02,3.67,4
2025,ADK90,Canoe,oc4stockmix,1,3.345527777777778,59.2,0,2.97,4
2017,ADK90,Kayak,k1tourveteran,1,3.345833333333333,56.9,0,4,1
2022,ADK90,Canoe,oc4stockmix,2,3.3466388888888887,70.5,0,3.32,4
2017,ADK90,Canoe,oc4mix,6,3.3494444444444444,56.9,0,4,4
2013,ADK90,Canoe,oc4,6,3.3505555555555557,59.8,0.185,3.56,4
2008,ADK90,Voyageur,voyageur,5,3.351111111111111,63.5,0.268,3.46,6
2010,ADK90,Canoe,oc4,1,3.3513888888888888,63.4,0,3.19,4
2013,ADK90,Kayak,k2mix,1,3.354722222222222,59.8,0.185,3.56,2
2009,ADK90,Canoe,oc4,3,3.3605555555555555,63.8,0.028,3.28,4
2012,ADK90,Kayak,k2,1,3.361388888888889,60.8,0.02,3.05,2
2011,ADK90,Voyageur,voyageur,4,3.3627777777777776,61.2,0,4.36,6
2018,ADK90,Canoe,oc4stockmix,1,3.3666666666666667,54.4,0,3.2,4
2009,ADK90,Canoe,oc4,4,3.3672222222222223,63.8,0.028,3.28,4
2025,ADK90,Canoe,oc4stock,1,3.3691666666666666,59.2,0,2.97,4
2011,ADK90,Canoe,oc2am,2,3.37,61.2,0,4.36,2
2010,ADK90,Canoe,oc4,2,3.3716666666666666,63.4,0,3.19,4
2008,ADK90,Canoe,oc4,3,3.375,63.5,0.268,3.46,4
2011,ADK90,Canoe,oc4mix,8,3.379722222222222,61.2,0,4.36,4
2010,ADK90,Voyageur,voyageur,3,3.379722222222222,63.4,0,3.19,6
2013,ADK90,Canoe,oc4mix,10,3.3805555555555555,59.8,0.185,3.56,4
2008,ADK90,Canoe,oc4mix,2,3.381111111111111,63.5,0.268,3.46,4
2019,ADK90,Kayak,k1tourmaster,3,3.382222222222222,59,0.02,3.67,1
2011,ADK90,Canoe,oc2am,3,3.383611111111111,61.2,0,4.36,2
2012,ADK90,Kayak,k1tour,2,3.3841666666666668,60.8,0.02,3.05,1
2019,ADK90,Kayak,k1tourmaster,2,3.3916666666666666,59,0.02,3.67,1
2023,ADK90,Canoe,oc4stock,3,3.3920000000000003,64.2,0.421,4.17,4
2012,ADK90,Canoe,oc2ammix,1,3.3922222222222222,60.8,0.02,3.05,2
2008,ADK90,Canoe,oc2ammixmaster,1,3.3925,63.5,0.268,3.46,2
2012,ADK90,Voyageur,voyageur,3,3.3930555555555557,60.8,0.02,3.05,6
2009,ADK90,Kayak,k1tourveteran,1,3.3933333333333335,63.8,0.028,3.28,1
2012,ADK90,Canoe,oc4mix,6,3.394722222222222,60.8,0.02,3.05,4
2013,ADK90,Canoe,oc4mix,9,3.394722222222222,59.8,0.185,3.56,4
2011,ADK90,Canoe,open,NA,3.3966666666666665,61.2,0,4.36,6
2022,ADK90,Canoe,oc4stock,2,3.397444444444444,70.5,0,3.32,4
2010,ADK90,Kayak,k2master,1,3.397777777777778,63.4,0,3.19,2
2008,ADK90,Canoe,oc2stockmaster,1,3.3986111111111112,63.5,0.268,3.46,2
2023,ADK90,Canoe,oc4stockmix,2,3.4045,64.2,0.421,4.17,4
2013,ADK90,Kayak,k1tour,1,3.405,59.8,0.185,3.56,1
2023,ADK90,Canoe,oc4stockgoldnc,1,3.4055833333333334,64.2,0.421,4.17,4
2017,ADK90,Canoe,oc4mix,4,3.4080555555555554,56.9,0,4,4
2017,ADK90,Kayak,k1tour,1,3.411388888888889,56.9,0,4,1
2014,ADK90,Canoe,oc4,4,3.4130555555555557,65,0,2.97,4
2008,ADK90,Kayak,k2,3,3.4163888888888887,63.5,0.268,3.46,2
2017,ADK90,Canoe,oc4mix,5,3.417222222222222,56.9,0,4,4
2008,ADK90,Canoe,oc2stockmaster,2,3.4180555555555556,63.5,0.268,3.46,2
2008,ADK90,Canoe,oc2stock,1,3.4183333333333334,63.5,0.268,3.46,2
2025,ADK90,Canoe,oc4stockmix,2,3.4185555555555553,59.2,0,2.97,4
2010,ADK90,Canoe,oc4,3,3.4205555555555556,63.4,0,3.19,4
2009,ADK90,Canoe,oc2ammix,1,3.4205555555555556,63.8,0.028,3.28,2
2019,ADK90,Kayak,k2,2,3.421388888888889,59,0.02,3.67,2
2015,ADK90,Canoe,oc4mix,4,3.4266666666666667,64.2,1.535,3.45,4
2018,ADK90,Kayak,k2,1,3.4272222222222224,54.4,0,3.2,2
2025,ADK90,Canoe,oc2openexhibmix,1,3.4280555555555554,59.2,0,2.97,2
2021,ADK90,Canoe,oc4stock,3,3.428888888888889,68.4,0.028,3.04,4
2023,ADK90,Kayak,k2,2,3.4295,64.2,0.421,4.17,2
2011,ADK90,Canoe,open,NA,3.4316666666666666,61.2,0,4.36,6
2012,ADK90,Canoe,oc4mix,7,3.4319444444444445,60.8,0.02,3.05,4
2008,ADK90,Canoe,oc4mix,3,3.432777777777778,63.5,0.268,3.46,4
2014,ADK90,Canoe,oc4mix,8,3.4330555555555557,65,0,2.97,4
2014,ADK90,Kayak,k1tourmaster,1,3.433333333333333,65,0,2.97,1
2014,ADK90,Canoe,oc4mix,4,3.437222222222222,65,0,2.97,4
2013,ADK90,Canoe,oc4,8,3.4375,59.8,0.185,3.56,4
2014,ADK90,Canoe,oc4,5,3.4380555555555556,65,0,2.97,4
2022,ADK90,Canoe,oc4stockmix,3,3.44125,70.5,0,3.32,4
2013,ADK90,Canoe,oc2stock,1,3.443611111111111,59.8,0.185,3.56,2
2012,ADK90,Canoe,oc4mix,8,3.4483333333333333,60.8,0.02,3.05,4
2008,ADK90,Canoe,oc2ammixmaster,2,3.4497222222222224,63.5,0.268,3.46,2
2023,ADK90,Canoe,oc4mix,6,3.4515277777777778,64.2,0.421,4.17,4
2008,ADK90,Kayak,k1tour,1,3.4525,63.5,0.268,3.46,1
2014,ADK90,Canoe,oc4mix,5,3.453333333333333,65,0,2.97,4
2015,ADK90,Canoe,oc4,2,3.453611111111111,64.2,1.535,3.45,4
2008,ADK90,Kayak,k1women,2,3.4541666666666666,63.5,0.268,3.46,1
2008,ADK90,Canoe,oc2family,1,3.455,63.5,0.268,3.46,2
2009,ADK90,Canoe,oc4mix,4,3.4563888888888887,63.8,0.028,3.28,4
2009,ADK90,Kayak,k1unlimted,1,3.4563888888888887,63.8,0.028,3.28,1
2008,ADK90,Kayak,k1tourveteran,2,3.457222222222222,63.5,0.268,3.46,1
2014,ADK90,Canoe,oc2stockmix,1,3.457777777777778,65,0,2.97,2
2009,ADK90,Canoe,oc4,7,3.46,63.8,0.028,3.28,4
2009,ADK90,Canoe,oc2ammix,2,3.460277777777778,63.8,0.028,3.28,2
2023,ADK90,Canoe,oc4stockmix,3,3.461333333333333,64.2,0.421,4.17,4
2017,ADK90,Canoe,oc4mix,7,3.4627777777777777,56.9,0,4,4
2008,ADK90,Canoe,oc4mix,4,3.463611111111111,63.5,0.268,3.46,4
2009,ADK90,Canoe,oc4,5,3.463611111111111,63.8,0.028,3.28,4
2008,ADK90,Canoe,oc4mix,5,3.464166666666667,63.5,0.268,3.46,4
2021,ADK90,Canoe,oc4stockmaster,1,3.4655555555555555,68.4,0.028,3.04,4
2015,ADK90,Kayak,k1tourmaster,1,3.466388888888889,64.2,1.535,3.45,1
2021,ADK90,Canoe,oc4stockmaster,2,3.466666666666667,68.4,0.028,3.04,4
2011,ADK90,Kayak,k1tour,1,3.4677777777777776,61.2,0,4.36,1
2012,ADK90,Canoe,oc2stockmaster,1,3.4680555555555554,60.8,0.02,3.05,2
2009,ADK90,Voyageur,voyageur,4,3.4705555555555554,63.8,0.028,3.28,6
2009,ADK90,Voyageur,voyageur,5,3.4705555555555554,63.8,0.028,3.28,6
2017,ADK90,Canoe,oc1rec,1,3.471388888888889,56.9,0,4,1
2010,ADK90,Canoe,oc4mix,2,3.4716666666666667,63.4,0,3.19,4
2017,ADK90,Canoe,oc1recmaster,1,3.4716666666666667,56.9,0,4,1
2012,ADK90,Canoe,oc2amwomen,1,3.4719444444444445,60.8,0.02,3.05,2
2017,ADK90,Canoe,open,NA,3.4766666666666666,56.9,0,4,6
2011,ADK90,Canoe,oc4,4,3.4766666666666666,61.2,0,4.36,4
2008,ADK90,Kayak,k1tour,2,3.4775,63.5,0.268,3.46,1
2012,ADK90,Canoe,oc4,3,3.4775,60.8,0.02,3.05,4
2015,ADK90,Canoe,oc4mix,8,3.4780555555555557,64.2,1.535,3.45,4
2014,ADK90,Canoe,oc4mix,6,3.4808333333333334,65,0,2.97,4
2009,ADK90,Canoe,oc2stockwomen,1,3.481388888888889,63.8,0.028,3.28,2
2008,ADK90,Canoe,oc2ammixmaster,3,3.4827777777777778,63.5,0.268,3.46,2
2011,ADK90,Canoe,oc1rec,1,3.4844444444444442,61.2,0,4.36,1
2009,ADK90,Canoe,open,NA,3.486111111111111,63.8,0.028,3.28,6
2025,ADK90,Canoe,oc4stockmixmaster,1,3.4882500000000003,59.2,0,2.97,4
2008,ADK90,Canoe,oc2stockmaster,3,3.4891666666666667,63.5,0.268,3.46,2
2012,ADK90,Kayak,k2mix,1,3.4905555555555554,60.8,0.02,3.05,2
2008,ADK90,Voyageur,voyageur,6,3.4919444444444445,63.5,0.268,3.46,6
2023,ADK90,Canoe,oc4stockmix,4,3.493583333333333,64.2,0.421,4.17,4
2010,ADK90,Voyageur,voyageur,4,3.493888888888889,63.4,0,3.19,6
2017,ADK90,Canoe,oc2ammix,2,3.4955555555555557,56.9,0,4,2
2013,ADK90,Canoe,oc4,4,3.497777777777778,59.8,0.185,3.56,4
2011,ADK90,Canoe,open,NA,3.4983333333333335,61.2,0,4.36,6
2011,ADK90,Canoe,oc4,5,3.5,61.2,0,4.36,4
2012,ADK90,Canoe,open,NA,3.5005555555555556,60.8,0.02,3.05,6
2009,ADK90,Kayak,k2mix,1,3.5011111111111113,63.8,0.028,3.28,2
2021,ADK90,Canoe,oc4mix,2,3.501388888888889,68.4,0.028,3.04,4
2011,ADK90,Canoe,open,NA,3.5033333333333334,61.2,0,4.36,6
2008,ADK90,Canoe,oc4mix,6,3.503888888888889,63.5,0.268,3.46,4
2023,ADK90,Kayak,k1master,1,3.504472222222222,64.2,0.421,4.17,1
2023,ADK90,Kayak,k1unlimited,2,3.504472222222222,64.2,0.421,4.17,1
2009,ADK90,Canoe,oc2stockmix,1,3.505,63.8,0.028,3.28,2
2008,ADK90,Kayak,k1women,3,3.5058333333333334,63.5,0.268,3.46,1
2012,ADK90,Kayak,k1unlimited,2,3.506388888888889,60.8,0.02,3.05,1
2009,ADK90,Kayak,k1unlimted,2,3.507222222222222,63.8,0.028,3.28,1
2017,ADK90,Canoe,oc2stockmixmaster,1,3.5080555555555555,56.9,0,4,2
2023,ADK90,Canoe,oc1stockveteran,1,3.5082500000000003,64.2,0.421,4.17,1
2011,ADK90,Canoe,oc2stock,1,3.5097222222222224,61.2,0,4.36,2
2014,ADK90,Canoe,oc4,6,3.51,65,0,2.97,4
2022,ADK90,Canoe,oc4stockmaster,1,3.5107222222222223,70.5,0,3.32,4
2012,ADK90,Canoe,oc2stockveteran,1,3.511111111111111,60.8,0.02,3.05,2
2012,ADK90,Canoe,open,NA,3.511111111111111,60.8,0.02,3.05,6
2018,ADK90,Canoe,oc4stock,2,3.511388888888889,54.4,0,3.2,4
2021,ADK90,Kayak,k2,1,3.511388888888889,68.4,0.028,3.04,2
2012,ADK90,Canoe,oc2stockmaster,2,3.5116666666666667,60.8,0.02,3.05,2
2009,ADK90,Canoe,oc2stockmaster,1,3.512777777777778,63.8,0.028,3.28,2
2019,ADK90,Canoe,oc4stock,3,3.513333333333333,59,0.02,3.67,4
2009,ADK90,Canoe,oc2stockmaster,2,3.513333333333333,63.8,0.028,3.28,2
2015,ADK90,Voyageur,voyageur,3,3.513333333333333,64.2,1.535,3.45,6
2022,ADK90,Canoe,oc4stock,3,3.513805555555556,70.5,0,3.32,4
2015,ADK90,Canoe,oc2stockmaster,1,3.5169444444444444,64.2,1.535,3.45,2
2009,ADK90,Canoe,oc2ammixmaster,1,3.5175,63.8,0.028,3.28,2
2014,ADK90,Canoe,oc1rec,2,3.517777777777778,65,0,2.97,1
2017,ADK90,Canoe,oc2stock,1,3.5180555555555557,56.9,0,4,2
2008,ADK90,Canoe,oc2stock,2,3.5180555555555557,63.5,0.268,3.46,2
2009,ADK90,Canoe,oc2stockmaster,4,3.518611111111111,63.8,0.028,3.28,2
2014,ADK90,Canoe,oc1rec,1,3.5191666666666666,65,0,2.97,1
2008,ADK90,Canoe,oc1am,1,3.5194444444444444,63.5,0.268,3.46,1
2019,ADK90,Canoe,oc2stockveteran,1,3.5219444444444443,59,0.02,3.67,2
2014,ADK90,Canoe,oc4,7,3.5219444444444443,65,0,2.97,4
2009,ADK90,Canoe,oc4mix,8,3.525,63.8,0.028,3.28,4
2008,ADK90,Canoe,oc4,4,3.5252777777777777,63.5,0.268,3.46,4
2011,ADK90,Kayak,k1unlimited,1,3.5258333333333334,61.2,0,4.36,1
2017,ADK90,Canoe,oc2stock,2,3.526666666666667,56.9,0,4,2
2022,ADK90,Canoe,oc1stockmaster,1,3.527138888888889,70.5,0,3.32,1
2008,ADK90,Kayak,k1unlimited,4,3.5275,63.5,0.268,3.46,1
2022,ADK90,Kayak,k1tourmaster,1,3.528638888888889,70.5,0,3.32,1
2025,ADK90,Canoe,oc4openmix,4,3.529,59.2,0,2.97,4
2019,ADK90,Canoe,oc2stock,1,3.5302777777777776,59,0.02,3.67,2
2017,ADK90,Canoe,open,NA,3.531111111111111,56.9,0,4,6
2014,ADK90,Canoe,oc4,10,3.5322222222222224,65,0,2.97,4
2009,ADK90,Canoe,oc4mix,5,3.5322222222222224,63.8,0.028,3.28,4
2021,ADK90,Canoe,oc4mix,1,3.5322222222222224,68.4,0.028,3.04,4
2009,ADK90,Canoe,oc2ammix,3,3.5325,63.8,0.028,3.28,2
2011,ADK90,Voyageur,voyageur,5,3.5327777777777776,61.2,0,4.36,6
2025,ADK90,Canoe,oc4openmix,5,3.533138888888889,59.2,0,2.97,4
2021,ADK90,Canoe,oc4stock,4,3.535833333333333,68.4,0.028,3.04,4
2019,ADK90,Canoe,oc4stockmix,5,3.5375,59,0.02,3.67,4
2008,ADK90,Canoe,oc2stockveteran,1,3.537777777777778,63.5,0.268,3.46,2
2012,ADK90,Kayak,k2mix,2,3.5391666666666666,60.8,0.02,3.05,2
2012,ADK90,Canoe,oc2stock,3,3.5394444444444444,60.8,0.02,3.05,2
2015,ADK90,Kayak,k1tourveteran,1,3.54,64.2,1.535,3.45,1
2011,ADK90,Canoe,oc2ammix,2,3.540277777777778,61.2,0,4.36,2
2012,ADK90,Canoe,oc2am,1,3.5408333333333335,60.8,0.02,3.05,2
2012,ADK90,Canoe,oc4mix,12,3.5425,60.8,0.02,3.05,4
2025,ADK90,Canoe,oc4stockmix,3,3.5430277777777777,59.2,0,2.97,4
2011,ADK90,Canoe,open,NA,3.5430555555555556,61.2,0,4.36,6
2019,ADK90,Canoe,oc2stockveteran,2,3.5433333333333334,59,0.02,3.67,2
2012,ADK90,Canoe,oc4mix,11,3.543888888888889,60.8,0.02,3.05,4
2008,ADK90,Canoe,oc1rec,1,3.5441666666666665,63.5,0.268,3.46,1
2009,ADK90,Canoe,oc4,6,3.544722222222222,63.8,0.028,3.28,4
2014,ADK90,Kayak,k1tourveteran,1,3.546388888888889,65,0,2.97,1
2012,ADK90,Canoe,oc2ammix,2,3.546666666666667,60.8,0.02,3.05,2
2015,ADK90,Canoe,oc4mix,7,3.547222222222222,64.2,1.535,3.45,4
2009,ADK90,Canoe,oc2stockmaster,3,3.5477777777777777,63.8,0.028,3.28,2
2021,ADK90,Canoe,oc4stockmix,1,3.5480555555555555,68.4,0.028,3.04,4
2011,ADK90,Canoe,oc2ammix,5,3.5494444444444446,61.2,0,4.36,2
2014,ADK90,Kayak,k1tour,1,3.5494444444444446,65,0,2.97,1
2011,ADK90,Kayak,k1unlimited,2,3.5505555555555555,61.2,0,4.36,1
2010,ADK90,Canoe,oc4,6,3.5508333333333333,63.4,0,3.19,4
2008,ADK90,Canoe,open,NA,3.5508333333333333,63.5,0.268,3.46,6
2008,ADK90,Canoe,oc2stockmaster,4,3.5508333333333333,63.5,0.268,3.46,2
2008,ADK90,Canoe,oc2ammixmaster,5,3.5525,63.5,0.268,3.46,2
2010,ADK90,Canoe,oc4,4,3.5530555555555554,63.4,0,3.19,4
2015,ADK90,Canoe,oc2stockmaster,3,3.5547222222222223,64.2,1.535,3.45,2
2022,ADK90,Canoe,oc4stockmix,4,3.5547222222222223,70.5,0,3.32,4
2025,ADK90,Canoe,oc1open,1,3.555277777777778,59.2,0,2.97,1
2008,ADK90,Canoe,oc4,5,3.555833333333333,63.5,0.268,3.46,4
2022,ADK90,Kayak,k2,1,3.5568333333333335,70.5,0,3.32,2
2015,ADK90,Canoe,oc2stockmaster,2,3.5569444444444445,64.2,1.535,3.45,2
2014,ADK90,Canoe,oc4,8,3.5569444444444445,65,0,2.97,4
2014,ADK90,Canoe,open,NA,3.5580555555555557,65,0,2.97,6
2008,ADK90,Canoe,oc2stock,3,3.558333333333333,63.5,0.268,3.46,2
2009,ADK90,Canoe,oc4mix,10,3.558611111111111,63.8,0.028,3.28,4
2018,ADK90,Canoe,oc4stockmix,2,3.5588888888888888,54.4,0,3.2,4
2012,ADK90,Voyageur,voyageur,5,3.5588888888888888,60.8,0.02,3.05,6
2010,ADK90,Voyageur,voyageur,5,3.5588888888888888,63.4,0,3.19,6
2013,ADK90,Voyageur,voyageur,2,3.5605555555555557,59.8,0.185,3.56,6
2014,ADK90,Canoe,oc4mix,7,3.5605555555555557,65,0,2.97,4
2015,ADK90,Kayak,k1tourmaster,3,3.5613888888888887,64.2,1.535,3.45,1
2012,ADK90,Canoe,oc4mix,10,3.5616666666666665,60.8,0.02,3.05,4
2019,ADK90,Canoe,oc2am,1,3.562222222222222,59,0.02,3.67,2
2025,ADK90,Kayak,k1sportmaster,1,3.5641944444444444,59.2,0,2.97,1
2009,ADK90,Canoe,oc4mix,9,3.566388888888889,63.8,0.028,3.28,4
2009,ADK90,Canoe,oc2stockmixmaster,2,3.566388888888889,63.8,0.028,3.28,2
2008,ADK90,Canoe,oc4mix,7,3.5669444444444443,63.5,0.268,3.46,4
2022,ADK90,Kayak,k1tourmaster,2,3.567472222222222,70.5,0,3.32,1
2013,ADK90,Canoe,oc2stockmaster,1,3.5675,59.8,0.185,3.56,2
2011,ADK90,Canoe,oc4mix,10,3.568611111111111,61.2,0,4.36,4
2021,ADK90,Canoe,oc4stockmix,3,3.5694444444444446,68.4,0.028,3.04,4
2008,ADK90,Kayak,k1unlimited,5,3.57,63.5,0.268,3.46,1
2012,ADK90,Kayak,k1unlimited,3,3.5702777777777777,60.8,0.02,3.05,1
2022,ADK90,Canoe,oc4stockmix,5,3.571361111111111,70.5,0,3.32,4
2015,ADK90,Canoe,oc4mix,5,3.571388888888889,64.2,1.535,3.45,4
2014,ADK90,Canoe,open,NA,3.5722222222222224,65,0,2.97,6
2009,ADK90,Canoe,open,NA,3.5722222222222224,63.8,0.028,3.28,6
2011,ADK90,Canoe,oc2am,4,3.5725,61.2,0,4.36,2
2009,ADK90,Canoe,oc2stockmixmaster,1,3.5744444444444445,63.8,0.028,3.28,2
2008,ADK90,Canoe,oc1stock,1,3.575,63.5,0.268,3.46,1
2008,ADK90,Kayak,k1women,4,3.5766666666666667,63.5,0.268,3.46,1
2009,ADK90,Canoe,oc2stock,4,3.5775,63.8,0.028,3.28,2
2012,ADK90,Canoe,oc4mix,9,3.5794444444444444,60.8,0.02,3.05,4
2011,ADK90,Canoe,oc4,6,3.5797222222222222,61.2,0,4.36,4
2011,ADK90,Canoe,oc2stockmaster,1,3.580277777777778,61.2,0,4.36,2
2015,ADK90,Canoe,oc4,3,3.5805555555555557,64.2,1.535,3.45,4
2012,ADK90,Voyageur,voyageur,4,3.5808333333333335,60.8,0.02,3.05,6
2008,ADK90,Canoe,oc2ammixmaster,6,3.581111111111111,63.5,0.268,3.46,2
2023,ADK90,Canoe,oc4stockmix,5,3.5815555555555556,64.2,0.421,4.17,4
2014,ADK90,Canoe,open,NA,3.5816666666666666,65,0,2.97,6
2025,ADK90,Canoe,oc4stockmixmaster,2,3.5816666666666666,59.2,0,2.97,4
2021,ADK90,Canoe,oc4stockmix,2,3.582222222222222,68.4,0.028,3.04,4
2009,ADK90,Canoe,oc2stock,2,3.5830555555555557,63.8,0.028,3.28,2
2019,ADK90,Canoe,oc2stock,3,3.5838888888888887,59,0.02,3.67,2
2008,ADK90,Canoe,oc2stockveteran,4,3.584722222222222,63.5,0.268,3.46,2
2010,ADK90,Voyageur,voyageur,6,3.585277777777778,63.4,0,3.19,6
2012,ADK90,Canoe,oc2stock,2,3.5858333333333334,60.8,0.02,3.05,2
2015,ADK90,Canoe,oc4mix,6,3.5858333333333334,64.2,1.535,3.45,4
2011,ADK90,Canoe,oc2stockmixmaster,1,3.5861111111111112,61.2,0,4.36,2
2014,ADK90,Canoe,oc2stockmaster,1,3.587222222222222,65,0,2.97,2
2013,ADK90,Canoe,oc2am,1,3.587222222222222,59.8,0.185,3.56,2
2014,ADK90,Canoe,oc2ammaster,1,3.5875,65,0,2.97,2
2010,ADK90,Canoe,oc2am,1,3.5875,63.4,0,3.19,2
2012,ADK90,Canoe,oc2stockmixmaster,1,3.5880555555555556,60.8,0.02,3.05,2
2022,ADK90,Kayak,k1unlimited,1,3.588888888888889,70.5,0,3.32,1
2011,ADK90,Canoe,open,NA,3.588888888888889,61.2,0,4.36,6
2012,ADK90,Canoe,open,NA,3.5894444444444447,60.8,0.02,3.05,6
2009,ADK90,Canoe,oc2stock,3,3.5905555555555555,63.8,0.028,3.28,2
2008,ADK90,Kayak,k1tour,3,3.591666666666667,63.5,0.268,3.46,1
2022,ADK90,Canoe,oc4stock,4,3.5920555555555556,70.5,0,3.32,4
2009,ADK90,Canoe,oc2stockmaster,6,3.5927777777777776,63.8,0.028,3.28,2
2008,ADK90,Canoe,oc2stockmaster,5,3.5933333333333333,63.5,0.268,3.46,2
2011,ADK90,Canoe,oc2stock,4,3.593888888888889,61.2,0,4.36,2
2014,ADK90,Canoe,open,NA,3.5944444444444446,65,0,2.97,6
2008,ADK90,Canoe,oc4,6,3.5947222222222224,63.5,0.268,3.46,4
2021,ADK90,Kayak,k1tourwomenmaster,1,3.595,68.4,0.028,3.04,1
2010,ADK90,Canoe,oc4,5,3.5952777777777776,63.4,0,3.19,4
2013,ADK90,Canoe,oc4,9,3.595833333333333,59.8,0.185,3.56,4
2022,ADK90,Canoe,oc2stockmixmaster,1,3.596,70.5,0,3.32,2
2013,ADK90,Canoe,open,NA,3.596111111111111,59.8,0.185,3.56,6
2018,ADK90,Kayak,k1tour,1,3.596388888888889,54.4,0,3.2,1
2009,ADK90,Canoe,oc4mix,7,3.596388888888889,63.8,0.028,3.28,4
2013,ADK90,Canoe,open,NA,3.596388888888889,59.8,0.185,3.56,6
2014,ADK90,Canoe,oc1rec,3,3.5975,65,0,2.97,1
2019,ADK90,Canoe,oc2stockmaster,1,3.5994444444444444,59,0.02,3.67,2
2008,ADK90,Canoe,oc2stockmaster,6,3.5997222222222223,63.5,0.268,3.46,2
2012,ADK90,Canoe,oc2stockveteran,2,3.5997222222222223,60.8,0.02,3.05,2
2008,ADK90,Canoe,oc2stock,4,3.6008333333333336,63.5,0.268,3.46,2
2017,ADK90,Canoe,oc2stockmaster,1,3.6016666666666666,56.9,0,4,2
2009,ADK90,Kayak,k1unlimted,5,3.6016666666666666,63.8,0.028,3.28,1
2009,ADK90,Canoe,open,NA,3.6019444444444444,63.8,0.028,3.28,6
2013,ADK90,Canoe,oc2stock,2,3.6033333333333335,59.8,0.185,3.56,2
2015,ADK90,Kayak,k1tourmaster,2,3.6036111111111113,64.2,1.535,3.45,1
2009,ADK90,Canoe,oc2stockveteran,1,3.6038888888888887,63.8,0.028,3.28,2
2012,ADK90,Canoe,oc2stock,5,3.6038888888888887,60.8,0.02,3.05,2
2025,ADK90,Canoe,oc4stock,2,3.6044444444444443,59.2,0,2.97,4
2023,ADK90,Canoe,oc4stockmix,8,3.604944444444444,64.2,0.421,4.17,4
2011,ADK90,Canoe,oc4mix,11,3.605,61.2,0,4.36,4
2015,ADK90,Canoe,oc2stock,1,3.6061111111111113,64.2,1.535,3.45,2
2011,ADK90,Canoe,oc2ammix,3,3.6066666666666665,61.2,0,4.36,2
2018,ADK90,Canoe,oc4stockmix,3,3.6069444444444443,54.4,0,3.2,4
2019,ADK90,Canoe,oc4stockmix,4,3.6075,59,0.02,3.67,4
2008,ADK90,Canoe,oc2stockveteran,2,3.608611111111111,63.5,0.268,3.46,2
2010,ADK90,Canoe,oc4mix,3,3.6094444444444442,63.4,0,3.19,4
2014,ADK90,Canoe,oc2stock,1,3.609722222222222,65,0,2.97,2
2022,ADK90,Canoe,oc4stock,5,3.609777777777778,70.5,0,3.32,4
2012,ADK90,Canoe,oc2am,3,3.61,60.8,0.02,3.05,2
2014,ADK90,Canoe,oc4,11,3.6105555555555555,65,0,2.97,4
2012,ADK90,Canoe,oc2am,4,3.6108333333333333,60.8,0.02,3.05,2
2013,ADK90,Canoe,oc2stockmaster,2,3.611388888888889,59.8,0.185,3.56,2
2008,ADK90,Canoe,oc2stockveteran,3,3.6125,63.5,0.268,3.46,2
2011,ADK90,Canoe,oc2ammix,6,3.6125,61.2,0,4.36,2
2014,ADK90,Canoe,oc4mix,10,3.6125,65,0,2.97,4
2015,ADK90,Canoe,open,NA,3.6144444444444446,64.2,1.535,3.45,6
2009,ADK90,Canoe,oc2stockmaster,5,3.615,63.8,0.028,3.28,2
2015,ADK90,Canoe,oc2stock,5,3.6155555555555554,64.2,1.535,3.45,2
2011,ADK90,Canoe,oc2stockveteran,1,3.616111111111111,61.2,0,4.36,2
2017,ADK90,Canoe,open,NA,3.616111111111111,56.9,0,4,6
2012,ADK90,Canoe,oc2stock,1,3.6175,60.8,0.02,3.05,2
2014,ADK90,Canoe,oc2stockmix,3,3.617777777777778,65,0,2.97,2
2011,ADK90,Canoe,oc2stock,3,3.6180555555555554,61.2,0,4.36,2
2011,ADK90,Canoe,oc4mix,12,3.6180555555555554,61.2,0,4.36,4
2014,ADK90,Canoe,oc2stockmix,2,3.618333333333333,65,0,2.97,2
2013,ADK90,Kayak,k2master,1,3.618888888888889,59.8,0.185,3.56,2
2008,ADK90,Canoe,oc2ammixmaster,4,3.618888888888889,63.5,0.268,3.46,2
2009,ADK90,Kayak,k1unlimted,3,3.6197222222222223,63.8,0.028,3.28,1
2008,ADK90,Canoe,oc1rec,2,3.62,63.5,0.268,3.46,1
2017,ADK90,Canoe,oc2stock,3,3.62,56.9,0,4,2
2013,ADK90,Voyageur,voyageur,3,3.6213888888888888,59.8,0.185,3.56,6
2013,ADK90,Kayak,k1tourveteran,1,3.6225,59.8,0.185,3.56,1
2023,ADK90,Canoe,oc4stockmix,7,3.62325,64.2,0.421,4.17,4
2008,ADK90,Canoe,oc1stock,2,3.623611111111111,63.5,0.268,3.46,1
2011,ADK90,Canoe,oc2stockmaster,2,3.6238888888888887,61.2,0,4.36,2
2012,ADK90,Canoe,oc2stockmixmaster,4,3.624722222222222,60.8,0.02,3.05,2
2008,ADK90,Canoe,oc2stockmixmaster,1,3.6255555555555556,63.5,0.268,3.46,2
2023,ADK90,Kayak,k1master,2,3.6258055555555555,64.2,0.421,4.17,1
2012,ADK90,Kayak,k2,3,3.6261111111111113,60.8,0.02,3.05,2
2011,ADK90,Canoe,oc1rec,2,3.626388888888889,61.2,0,4.36,1
2011,ADK90,Canoe,oc2ammix,4,3.6269444444444443,61.2,0,4.36,2
2017,ADK90,Canoe,oc2amwomen,2,3.627222222222222,56.9,0,4,2
2018,ADK90,Kayak,k1tour,2,3.6275,54.4,0,3.2,1
2023,ADK90,Canoe,oc4stockmix,11,3.6279722222222226,64.2,0.421,4.17,4
2022,ADK90,Kayak,k2,2,3.6280277777777776,70.5,0,3.32,2
2013,ADK90,Kayak,k1unlimited,3,3.6280555555555556,59.8,0.185,3.56,1
2012,ADK90,Canoe,oc2stockmixmaster,2,3.6286111111111112,60.8,0.02,3.05,2
2017,ADK90,Canoe,open,NA,3.629722222222222,56.9,0,4,6
2008,ADK90,Canoe,oc2stockmixmaster,2,3.6305555555555555,63.5,0.268,3.46,2
2008,ADK90,Canoe,oc1am,2,3.631111111111111,63.5,0.268,3.46,1
2009,ADK90,Kayak,k2,3,3.6327777777777777,63.8,0.028,3.28,2
2014,ADK90,Canoe,oc4,9,3.6341666666666668,65,0,2.97,4
2013,ADK90,Canoe,oc4,12,3.6344444444444446,59.8,0.185,3.56,4
2021,ADK90,Canoe,oc2stock,1,3.6344444444444446,68.4,0.028,3.04,2
2017,ADK90,Canoe,oc4mix,8,3.6347222222222224,56.9,0,4,4
2011,ADK90,Kayak,k2mix,1,3.635,61.2,0,4.36,2
2009,ADK90,Kayak,k1tourmaster,1,3.6358333333333333,63.8,0.028,3.28,1
2015,ADK90,Canoe,oc1rec,1,3.6366666666666667,64.2,1.535,3.45,1
2015,ADK90,Canoe,oc1recmaster,1,3.6369444444444445,64.2,1.535,3.45,1
2015,ADK90,Canoe,oc1recmaster,2,3.6369444444444445,64.2,1.535,3.45,1
2012,ADK90,Canoe,oc4,5,3.6369444444444445,60.8,0.02,3.05,4
2013,ADK90,Canoe,oc4mix,11,3.6372222222222224,59.8,0.185,3.56,4
2010,ADK90,Kayak,k1tour,1,3.6375,63.4,0,3.19,1
2012,ADK90,Canoe,oc4,4,3.6375,60.8,0.02,3.05,4
2023,ADK90,Canoe,oc4stockwomen,1,3.6385555555555555,64.2,0.421,4.17,4
2013,ADK90,Canoe,oc2stockmaster,3,3.638611111111111,59.8,0.185,3.56,2
2013,ADK90,Kayak,k1tour,2,3.638611111111111,59.8,0.185,3.56,1
2012,ADK90,Canoe,open,NA,3.64,60.8,0.02,3.05,6
2017,ADK90,Canoe,oc4women,1,3.64,56.9,0,4,4
2010,ADK90,Voyageur,voyageur,7,3.640277777777778,63.4,0,3.19,6
2012,ADK90,Canoe,open,NA,3.6405555555555558,60.8,0.02,3.05,6
2009,ADK90,Canoe,oc2stockmix,2,3.641111111111111,63.8,0.028,3.28,2
2014,ADK90,Canoe,oc4mix,11,3.645277777777778,65,0,2.97,4
2014,ADK90,Kayak,k2mix,2,3.6458333333333335,65,0,2.97,2
2011,ADK90,Canoe,oc2stockmixmaster,2,3.647222222222222,61.2,0,4.36,2
2025,ADK90,Canoe,oc4stockmix,4,3.647388888888889,59.2,0,2.97,4
2013,ADK90,Voyageur,voyageur,5,3.647777777777778,59.8,0.185,3.56,6
2013,ADK90,Kayak,k2mix,3,3.6480555555555556,59.8,0.185,3.56,2
2019,ADK90,Canoe,oc1rec,1,3.6491666666666664,59,0.02,3.67,1
2011,ADK90,Canoe,oc2stockveteran,2,3.65,61.2,0,4.36,2
2019,ADK90,Canoe,oc4stockmix,7,3.6505555555555556,59,0.02,3.67,4
2013,ADK90,Canoe,open,NA,3.6505555555555556,59.8,0.185,3.56,6
2009,ADK90,Canoe,oc1stock,1,3.6508333333333334,63.8,0.028,3.28,1
2011,ADK90,Canoe,oc2stockmixmaster,3,3.651388888888889,61.2,0,4.36,2
2017,ADK90,Canoe,oc4mix,9,3.651666666666667,56.9,0,4,4
2023,ADK90,Canoe,oc4stock,4,3.653833333333333,64.2,0.421,4.17,4
2013,ADK90,Kayak,k1unlimited,2,3.6552777777777776,59.8,0.185,3.56,1
2008,ADK90,Canoe,open,NA,3.6555555555555554,63.5,0.268,3.46,6
2023,ADK90,Canoe,oc2stock,1,3.6558055555555553,64.2,0.421,4.17,2
2010,ADK90,Canoe,oc4mix,4,3.656111111111111,63.4,0,3.19,4
2014,ADK90,Canoe,open,NA,3.656111111111111,65,0,2.97,6
2008,ADK90,Canoe,oc2stock,5,3.6569444444444446,63.5,0.268,3.46,2
2011,ADK90,Canoe,oc2stockmix,1,3.6580555555555554,61.2,0,4.36,2
2017,ADK90,Canoe,open,NA,3.658333333333333,56.9,0,4,6
2019,ADK90,Kayak,k2,3,3.658888888888889,59,0.02,3.67,2
2015,ADK90,Canoe,oc4women,1,3.6594444444444445,64.2,1.535,3.45,4
2017,ADK90,Canoe,open,NA,3.6594444444444445,56.9,0,4,6
2017,ADK90,Kayak,k1tourveteran,2,3.661111111111111,56.9,0,4,1
2019,ADK90,Kayak,k1unlimited,4,3.661388888888889,59,0.02,3.67,1
2021,ADK90,Canoe,oc4stockmix,4,3.6633333333333336,68.4,0.028,3.04,4
2021,ADK90,Canoe,oc2stockmixveterans,1,3.6633333333333336,68.4,0.028,3.04,2
2022,ADK90,Canoe,oc4stockmaster,2,3.663527777777778,70.5,0,3.32,4
2008,ADK90,Canoe,oc4mix,8,3.663611111111111,63.5,0.268,3.46,4
2018,ADK90,Canoe,open,NA,3.6638888888888888,54.4,0,3.2,6
2012,ADK90,Canoe,oc2stockmaster,3,3.6661111111111113,60.8,0.02,3.05,2
2009,ADK90,Kayak,k1tourveteran,2,3.6661111111111113,63.8,0.028,3.28,1
2008,ADK90,Canoe,open,NA,3.6663888888888887,63.5,0.268,3.46,6
2025,ADK90,Canoe,oc2open,1,3.6670555555555553,59.2,0,2.97,2
2009,ADK90,Kayak,k1tourmaster,2,3.667222222222222,63.8,0.028,3.28,1
2010,ADK90,Canoe,oc2ammaster,1,3.6686111111111113,63.4,0,3.19,2
2009,ADK90,Canoe,oc2stockmixmaster,3,3.6686111111111113,63.8,0.028,3.28,2
2009,ADK90,Kayak,k2women,1,3.67,63.8,0.028,3.28,2
2009,ADK90,Kayak,k1tourmaster,3,3.6702777777777778,63.8,0.028,3.28,1
2021,ADK90,Canoe,oc4stockmixmaster,3,3.671111111111111,68.4,0.028,3.04,4
2008,ADK90,Canoe,oc2stockmixmaster,3,3.671111111111111,63.5,0.268,3.46,2
2022,ADK90,Canoe,oc4stockwomen,1,3.671277777777778,70.5,0,3.32,4
2022,ADK90,Canoe,oc2stockmixveteran,1,3.6715833333333334,70.5,0,3.32,2
2017,ADK90,Canoe,oc2stock,4,3.671666666666667,56.9,0,4,2
2013,ADK90,Canoe,oc2am,2,3.673888888888889,59.8,0.185,3.56,2
2010,ADK90,Canoe,oc2stockmaster,1,3.6752777777777776,63.4,0,3.19,2
2022,ADK90,Canoe,oc4stocktour,1,3.6755277777777775,70.5,0,3.32,4
2012,ADK90,Canoe,oc1rec,1,3.676111111111111,60.8,0.02,3.05,1
2011,ADK90,Canoe,oc4,7,3.6772222222222224,61.2,0,4.36,4
2010,ADK90,Kayak,k1tour,2,3.6772222222222224,63.4,0,3.19,1
2022,ADK90,Canoe,oc4stockmix,6,3.678138888888889,70.5,0,3.32,4
2015,ADK90,Canoe,oc2stock,2,3.678611111111111,64.2,1.535,3.45,2
2010,ADK90,Canoe,oc4,7,3.6791666666666667,63.4,0,3.19,4
2012,ADK90,Canoe,open,NA,3.6791666666666667,60.8,0.02,3.05,6
2023,ADK90,Canoe,oc2stockmixmaster,1,3.6796111111111114,64.2,0.421,4.17,2
2011,ADK90,Guideboat,g2,1,3.68,61.2,0,4.36,2
2014,ADK90,Canoe,oc2stockmaster,3,3.68,65,0,2.97,2
2015,ADK90,Canoe,oc2stock,3,3.680277777777778,64.2,1.535,3.45,2
2019,ADK90,Canoe,oc2stockwomen,1,3.6805555555555554,59,0.02,3.67,2
2011,ADK90,Canoe,oc2stockmixmaster,4,3.680833333333333,61.2,0,4.36,2
2021,ADK90,Canoe,oc2mix,1,3.6816666666666666,68.4,0.028,3.04,2
2014,ADK90,Kayak,k1tourmaster,2,3.6825,65,0,2.97,1
2017,ADK90,Canoe,open,NA,3.682777777777778,56.9,0,4,6
2015,ADK90,Canoe,oc4mix,9,3.6847222222222222,64.2,1.535,3.45,4
2025,ADK90,Kayak,k2,2,3.685166666666667,59.2,0,2.97,2
2008,ADK90,Canoe,oc2stockmaster,7,3.685277777777778,63.5,0.268,3.46,2
2017,ADK90,Canoe,oc2stockmaster,2,3.6858333333333335,56.9,0,4,2
2012,ADK90,Canoe,oc2am,2,3.6858333333333335,60.8,0.02,3.05,2
2008,ADK90,Canoe,open,NA,3.6858333333333335,63.5,0.268,3.46,6
2009,ADK90,Canoe,oc4,8,3.6863888888888887,63.8,0.028,3.28,4
2013,ADK90,Canoe,oc4mix,13,3.6863888888888887,59.8,0.185,3.56,4
2014,ADK90,Canoe,oc2stockmaster,2,3.6875,65,0,2.97,2
2009,ADK90,Canoe,oc4mix,6,3.687777777777778,63.8,0.028,3.28,4
2012,ADK90,Canoe,oc2ammix,3,3.6880555555555556,60.8,0.02,3.05,2
2010,ADK90,Canoe,oc2ammix,1,3.6886111111111113,63.4,0,3.19,2
2014,ADK90,Canoe,oc2stock,2,3.6891666666666665,65,0,2.97,2
2009,ADK90,Canoe,oc1rec,1,3.689722222222222,63.8,0.028,3.28,1
2022,ADK90,Canoe,oc2stockmaster,1,3.6898055555555556,70.5,0,3.32,2
2012,ADK90,Canoe,oc1rec,2,3.69,60.8,0.02,3.05,1
2023,ADK90,Kayak,k1master,4,3.690222222222222,64.2,0.421,4.17,1
2014,ADK90,Canoe,open,NA,3.6902777777777778,65,0,2.97,6
2012,ADK90,Canoe,oc2stockmixmaster,6,3.6902777777777778,60.8,0.02,3.05,2
2011,ADK90,Canoe,open,NA,3.6911111111111112,61.2,0,4.36,6
2013,ADK90,Canoe,oc2stock,3,3.6911111111111112,59.8,0.185,3.56,2
2025,ADK90,Canoe,oc2stockmix,1,3.6918888888888888,59.2,0,2.97,2
2015,ADK90,Voyageur,voyageur,4,3.692222222222222,64.2,1.535,3.45,6
2021,ADK90,Kayak,k1tourmaster,1,3.6930555555555555,68.4,0.028,3.04,1
2011,ADK90,Canoe,open,NA,3.6933333333333334,61.2,0,4.36,6
2012,ADK90,Canoe,oc2stockmixmaster,3,3.693611111111111,60.8,0.02,3.05,2
2022,ADK90,Canoe,oc4stock,6,3.6956111111111114,70.5,0,3.32,4
2013,ADK90,Canoe,oc4,10,3.6958333333333333,59.8,0.185,3.56,4
2011,ADK90,Canoe,open,NA,3.6966666666666668,61.2,0,4.36,6
2008,ADK90,Canoe,open,NA,3.6966666666666668,63.5,0.268,3.46,6
2012,ADK90,Canoe,oc2stockmaster,4,3.698611111111111,60.8,0.02,3.05,2
2019,ADK90,Canoe,oc2stock,2,3.698611111111111,59,0.02,3.67,2
2012,ADK90,Canoe,oc2stockmaster,5,3.698888888888889,60.8,0.02,3.05,2
2008,ADK90,Canoe,open,NA,3.700277777777778,63.5,0.268,3.46,6
2011,ADK90,Canoe,oc2stockmaster,3,3.700277777777778,61.2,0,4.36,2
2012,ADK90,Canoe,open,NA,3.7005555555555554,60.8,0.02,3.05,6
2014,ADK90,Canoe,open,NA,3.7005555555555554,65,0,2.97,6
2011,ADK90,Canoe,open,NA,3.701111111111111,61.2,0,4.36,6
2021,ADK90,Canoe,oc2mix,2,3.7022222222222223,68.4,0.028,3.04,2
2011,ADK90,Canoe,open,NA,3.7022222222222223,61.2,0,4.36,6
2009,ADK90,Voyageur,voyageur,6,3.7030555555555558,63.8,0.028,3.28,6
2025,ADK90,Canoe,oc2stockmixmaster,1,3.703361111111111,59.2,0,2.97,2
2025,ADK90,Canoe,oc4stock,3,3.7045000000000003,59.2,0,2.97,4
2014,ADK90,Canoe,oc2am,1,3.7063888888888887,65,0,2.97,2
2015,ADK90,Canoe,oc2stock,6,3.7069444444444444,64.2,1.535,3.45,2
2019,ADK90,Canoe,oc4stockmix,6,3.707222222222222,59,0.02,3.67,4
2012,ADK90,Canoe,open,NA,3.707222222222222,60.8,0.02,3.05,6
2025,ADK90,Canoe,oc1stockexhibwomen,1,3.70825,59.2,0,2.97,1
2009,ADK90,Canoe,oc4,9,3.7086111111111113,63.8,0.028,3.28,4
2025,ADK90,Canoe,oc4stock,5,3.7092222222222224,59.2,0,2.97,4
2012,ADK90,Canoe,oc2am,6,3.7116666666666664,60.8,0.02,3.05,2
2012,ADK90,Canoe,open,NA,3.7125,60.8,0.02,3.05,6
2022,ADK90,Canoe,oc4stockmix,7,3.713777777777778,70.5,0,3.32,4
2013,ADK90,Canoe,open,NA,3.713888888888889,59.8,0.185,3.56,6
2019,ADK90,Canoe,oc4stockmix,10,3.7144444444444447,59,0.02,3.67,4
2013,ADK90,Canoe,oc4mix,12,3.7144444444444447,59.8,0.185,3.56,4
2023,ADK90,Kayak,k1master,3,3.7145277777777777,64.2,0.421,4.17,1
2015,ADK90,Canoe,open,NA,3.7152777777777777,64.2,1.535,3.45,6
2018,ADK90,Kayak,k1unlimited,2,3.7158333333333333,54.4,0,3.2,1
2017,ADK90,Canoe,open,NA,3.7172222222222224,56.9,0,4,6
2014,ADK90,Canoe,oc2stock,3,3.7175,65,0,2.97,2
2010,ADK90,Kayak,k2master,2,3.7183333333333333,63.4,0,3.19,2
2009,ADK90,Canoe,oc2stockmixmaster,4,3.718888888888889,63.8,0.028,3.28,2
2009,ADK90,Canoe,oc2ammixmaster,2,3.7197222222222224,63.8,0.028,3.28,2
2014,ADK90,Canoe,oc2ammaster,3,3.7197222222222224,65,0,2.97,2
2023,ADK90,Canoe,oc4stockmix,9,3.7201666666666666,64.2,0.421,4.17,4
2014,ADK90,Canoe,oc2stock,4,3.7202777777777776,65,0,2.97,2
2021,ADK90,Canoe,oc4stockmix,6,3.7225,68.4,0.028,3.04,4
2023,ADK90,Canoe,oc4stockwomen,2,3.7241666666666666,64.2,0.421,4.17,4
2022,ADK90,Canoe,oc2stockopen,1,3.7242777777777776,70.5,0,3.32,2
2015,ADK90,Canoe,oc4women,2,3.725,64.2,1.535,3.45,4
2012,ADK90,Canoe,oc2stock,4,3.726111111111111,60.8,0.02,3.05,2
2012,ADK90,Canoe,oc2stockveteran,3,3.7263888888888888,60.8,0.02,3.05,2
2014,ADK90,Canoe,open,NA,3.7283333333333335,65,0,2.97,6
2011,ADK90,Canoe,oc4mix,13,3.7286111111111113,61.2,0,4.36,4
2008,ADK90,Canoe,oc2am,5,3.729722222222222,63.5,0.268,3.46,2
2025,ADK90,Canoe,oc4stockmix,5,3.729777777777778,59.2,0,2.97,4
2011,ADK90,Canoe,oc2am,5,3.73,61.2,0,4.36,2
2009,ADK90,Canoe,open,NA,3.7311111111111113,63.8,0.028,3.28,6
2021,ADK90,Canoe,oc2stockmixmaster,1,3.7325,68.4,0.028,3.04,2
2009,ADK90,Canoe,oc4mix,11,3.7327777777777778,63.8,0.028,3.28,4
2017,ADK90,Canoe,open,NA,3.734166666666667,56.9,0,4,6
2025,ADK90,Kayak,k1sportmaster,2,3.7351666666666667,59.2,0,2.97,1
2009,ADK90,Canoe,oc2stock,6,3.736388888888889,63.8,0.028,3.28,2
2011,ADK90,Canoe,open,NA,3.736666666666667,61.2,0,4.36,6
2011,ADK90,Guideboat,g2,3,3.737222222222222,61.2,0,4.36,2
2015,ADK90,Canoe,oc2stock,4,3.7375,64.2,1.535,3.45,2
2009,ADK90,Canoe,oc2stockmixmaster,7,3.738611111111111,63.8,0.028,3.28,2
2025,ADK90,Canoe,oc4stocknc,1,3.7396666666666665,59.2,0,2.97,4
2014,ADK90,Canoe,oc2ammaster,2,3.74,65,0,2.97,2
2009,ADK90,Canoe,oc2stock,5,3.74,63.8,0.028,3.28,2
2018,ADK90,Canoe,oc1stock,1,3.74,54.4,0,3.2,1
2008,ADK90,Canoe,oc2am,4,3.7408333333333332,63.5,0.268,3.46,2
2023,ADK90,Kayak,k1veteran,1,3.741055555555555,64.2,0.421,4.17,1
2014,ADK90,Voyageur,voyageur,3,3.741111111111111,65,0,2.97,6
2014,ADK90,Canoe,open,NA,3.7422222222222223,65,0,2.97,6
2015,ADK90,Canoe,oc2stockmixmaster,2,3.7422222222222223,64.2,1.535,3.45,2
2011,ADK90,Canoe,oc2stockmaster,4,3.742777777777778,61.2,0,4.36,2
2025,ADK90,Canoe,oc3stocktour,1,3.7432777777777777,59.2,0,2.97,3
2009,ADK90,Canoe,open,NA,3.743611111111111,63.8,0.028,3.28,6
2011,ADK90,Canoe,oc2stockveteran,5,3.743611111111111,61.2,0,4.36,2
2009,ADK90,Canoe,oc2stockmix,5,3.7444444444444445,63.8,0.028,3.28,2
2013,ADK90,Canoe,oc1rec,1,3.7444444444444445,59.8,0.185,3.56,1
2025,ADK90,Canoe,oc4stock,7,3.7445833333333334,59.2,0,2.97,4
2011,ADK90,Canoe,oc2rec,1,3.7447222222222223,61.2,0,4.36,2
2008,ADK90,Guideboat,g2,1,3.7447222222222223,63.5,0.268,3.46,2
2011,ADK90,Canoe,oc1stock,1,3.745,61.2,0,4.36,1
2019,ADK90,Canoe,oc1rec,2,3.7455555555555557,59,0.02,3.67,1
2015,ADK90,Canoe,oc4mix,10,3.7466666666666666,64.2,1.535,3.45,4
2013,ADK90,Canoe,open,NA,3.7466666666666666,59.8,0.185,3.56,6
2023,ADK90,Canoe,oc2,1,3.7469722222222224,64.2,0.421,4.17,2
2022,ADK90,Canoe,oc2stockopen,2,3.747388888888889,70.5,0,3.32,2
2012,ADK90,Canoe,oc2stockmaster,6,3.747777777777778,60.8,0.02,3.05,2
2011,ADK90,Canoe,open,NA,3.7491666666666665,61.2,0,4.36,6
2023,ADK90,Canoe,oc2stockmixmaster,2,3.749722222222222,64.2,0.421,4.17,2
2025,ADK90,Canoe,oc4stockmix,6,3.750166666666667,59.2,0,2.97,4
2013,ADK90,Canoe,oc1rec,2,3.7505555555555556,59.8,0.185,3.56,1
2022,ADK90,Canoe,oc2stockopen,4,3.751027777777778,70.5,0,3.32,2
2008,ADK90,Canoe,oc2stockmaster,8,3.7527777777777778,63.5,0.268,3.46,2
2009,ADK90,Canoe,oc2stockmixmaster,5,3.7530555555555556,63.8,0.028,3.28,2
2011,ADK90,Canoe,open,NA,3.753888888888889,61.2,0,4.36,6
2009,ADK90,Canoe,oc2stockmix,3,3.755,63.8,0.028,3.28,2
2014,ADK90,Canoe,oc4,12,3.7555555555555555,65,0,2.97,4
2012,ADK90,Canoe,oc2stockveteran,4,3.7555555555555555,60.8,0.02,3.05,2
2009,ADK90,Canoe,open,NA,3.756111111111111,63.8,0.028,3.28,6
2017,ADK90,Canoe,oc4mix,10,3.756111111111111,56.9,0,4,4
2015,ADK90,Canoe,oc2stockmixmaster,1,3.756388888888889,64.2,1.535,3.45,2
2011,ADK90,Canoe,oc2stockmixmaster,5,3.756666666666667,61.2,0,4.36,2
2013,ADK90,Canoe,oc4,11,3.757222222222222,59.8,0.185,3.56,4
2015,ADK90,Canoe,oc4,4,3.7577777777777777,64.2,1.535,3.45,4
2010,ADK90,Canoe,oc2am,2,3.7583333333333333,63.4,0,3.19,2
2009,ADK90,Kayak,k1unlimted,4,3.758611111111111,63.8,0.028,3.28,1
2011,ADK90,Canoe,open,NA,3.758888888888889,61.2,0,4.36,6
2009,ADK90,Canoe,open,NA,3.7597222222222224,63.8,0.028,3.28,6
2011,ADK90,Canoe,oc4mix,16,3.7597222222222224,61.2,0,4.36,4
2023,ADK90,Canoe,oc4stockmixnc,1,3.7600277777777777,64.2,0.421,4.17,4
2010,ADK90,Canoe,oc4mix,7,3.7608333333333333,63.4,0,3.19,4
2011,ADK90,Canoe,oc2stock,2,3.761111111111111,61.2,0,4.36,2
2025,ADK90,Canoe,oc4stock,4,3.7625555555555557,59.2,0,2.97,4
2015,ADK90,Canoe,open,NA,3.762777777777778,64.2,1.535,3.45,6
2011,ADK90,Kayak,k2women,1,3.763611111111111,61.2,0,4.36,2
2010,ADK90,Canoe,oc2am,3,3.763888888888889,63.4,0,3.19,2
2023,ADK90,Canoe,oc4stock,6,3.7640555555555557,64.2,0.421,4.17,4
2014,ADK90,Canoe,open,NA,3.7641666666666667,65,0,2.97,6
2013,ADK90,Canoe,open,NA,3.7647222222222223,59.8,0.185,3.56,6
2023,ADK90,Canoe,oc2stock,2,3.765,64.2,0.421,4.17,2
2017,ADK90,Canoe,open,NA,3.765,56.9,0,4,6
2008,ADK90,Canoe,oc2stockveteran,6,3.765277777777778,63.5,0.268,3.46,2
2009,ADK90,Canoe,oc2ammaster,3,3.765277777777778,63.8,0.028,3.28,2
2018,ADK90,Canoe,open,NA,3.766388888888889,54.4,0,3.2,6
2011,ADK90,Canoe,oc2stockveteran,4,3.7666666666666666,61.2,0,4.36,2
2008,ADK90,Canoe,oc1am,3,3.7669444444444444,63.5,0.268,3.46,1
2008,ADK90,Voyageur,voyageur,7,3.7669444444444444,63.5,0.268,3.46,6
2012,ADK90,Canoe,oc2stockmixmaster,5,3.7669444444444444,60.8,0.02,3.05,2
2015,ADK90,Canoe,oc4,5,3.7688888888888887,64.2,1.535,3.45,4
2022,ADK90,Canoe,oc4stockmix,8,3.7693333333333334,70.5,0,3.32,4
2022,ADK90,Canoe,oc4stockmix,9,3.7708333333333335,70.5,0,3.32,4
2015,ADK90,Canoe,open,NA,3.7708333333333335,64.2,1.535,3.45,6
2017,ADK90,Canoe,open,NA,3.7716666666666665,56.9,0,4,6
2011,ADK90,Canoe,open,NA,3.772222222222222,61.2,0,4.36,6
2009,ADK90,Canoe,oc2stockmix,4,3.7725,63.8,0.028,3.28,2
2011,ADK90,Canoe,oc2stockveteran,7,3.7730555555555556,61.2,0,4.36,2
2013,ADK90,Canoe,oc4women,1,3.7736111111111112,59.8,0.185,3.56,4
2025,ADK90,Canoe,oc2stock,1,3.7742222222222224,59.2,0,2.97,2
2011,ADK90,Canoe,oc4women,1,3.775,61.2,0,4.36,4
2017,ADK90,Canoe,open,NA,3.775,56.9,0,4,6
2012,ADK90,Canoe,oc4,6,3.775,60.8,0.02,3.05,4
2011,ADK90,Canoe,oc4mix,14,3.7755555555555556,61.2,0,4.36,4
2021,ADK90,Canoe,oc2stockmix,1,3.7780555555555555,68.4,0.028,3.04,2
2023,ADK90,Canoe,oc2stockmixmaster,3,3.778833333333333,64.2,0.421,4.17,2
2011,ADK90,Canoe,oc2stockmaster,5,3.778888888888889,61.2,0,4.36,2
2022,ADK90,Canoe,oc2stockopen,5,3.778916666666667,70.5,0,3.32,2
2009,ADK90,Canoe,open,NA,3.779166666666667,63.8,0.028,3.28,6
2023,ADK90,Canoe,oc2stockmix,1,3.779638888888889,64.2,0.421,4.17,2
2008,ADK90,Guideboat,g2,2,3.781111111111111,63.5,0.268,3.46,2
2011,ADK90,Canoe,oc2stockveteran,3,3.7819444444444446,61.2,0,4.36,2
2023,ADK90,Canoe,oc2stockgoldnc,1,3.7824444444444443,64.2,0.421,4.17,2
2017,ADK90,Canoe,open,NA,3.7827777777777776,56.9,0,4,6
2025,ADK90,Canoe,oc2stock,2,3.7832777777777777,59.2,0,2.97,2
2019,ADK90,Canoe,oc2am,2,3.783333333333333,59,0.02,3.67,2
2011,ADK90,Canoe,oc2stockmixmaster,6,3.7841666666666667,61.2,0,4.36,2
2017,ADK90,Canoe,oc2stock,5,3.785,56.9,0,4,2
2013,ADK90,Canoe,oc2stockmixmaster,2,3.7855555555555553,59.8,0.185,3.56,2
2021,ADK90,SUP,solorec,1,3.785833333333333,68.4,0.028,3.04,1
2023,ADK90,Canoe,oc2stock,3,3.7865833333333336,64.2,0.421,4.17,2
2021,ADK90,Canoe,oc4stockwomenmaster,1,3.7866666666666666,68.4,0.028,3.04,4
2012,ADK90,Canoe,oc2am,5,3.7866666666666666,60.8,0.02,3.05,2
2011,ADK90,Canoe,oc2stockmix,3,3.7872222222222223,61.2,0,4.36,2
2009,ADK90,Canoe,oc1stock,2,3.787777777777778,63.8,0.028,3.28,1
2017,ADK90,Canoe,oc2stockveteran,1,3.7883333333333336,56.9,0,4,2
2015,ADK90,Canoe,open,NA,3.7888888888888888,64.2,1.535,3.45,6
2009,ADK90,Canoe,open,NA,3.7891666666666666,63.8,0.028,3.28,6
2021,ADK90,Canoe,oc4stockmix,5,3.789722222222222,68.4,0.028,3.04,4
2012,ADK90,Canoe,oc2stockveteran,5,3.790277777777778,60.8,0.02,3.05,2
2012,ADK90,Canoe,oc2ammix,4,3.790277777777778,60.8,0.02,3.05,2
2013,ADK90,Canoe,open,NA,3.7905555555555557,59.8,0.185,3.56,6
2012,ADK90,Canoe,open,NA,3.7913888888888887,60.8,0.02,3.05,6
2025,ADK90,Canoe,oc4stockmix,8,3.7918333333333334,59.2,0,2.97,4
2009,ADK90,Canoe,open,NA,3.792222222222222,63.8,0.028,3.28,6
2009,ADK90,Canoe,oc2stockmixmaster,6,3.7925,63.8,0.028,3.28,2
2025,ADK90,Canoe,oc2stockmixveteran,1,3.7933055555555555,59.2,0,2.97,2
2017,ADK90,Canoe,oc2stockmix,1,3.793888888888889,56.9,0,4,2
2019,ADK90,Canoe,oc4stockmix,8,3.793888888888889,59,0.02,3.67,4
2025,ADK90,Canoe,oc2stockmixmaster,2,3.7940833333333335,59.2,0,2.97,2
2025,ADK90,Canoe,oc2open,2,3.7943333333333333,59.2,0,2.97,2
2008,ADK90,Canoe,open,NA,3.7944444444444443,63.5,0.268,3.46,6
2019,ADK90,Canoe,oc4stockmix,9,3.7952777777777778,59,0.02,3.67,4
2008,ADK90,Canoe,oc4mix,9,3.7958333333333334,63.5,0.268,3.46,4
2017,ADK90,Canoe,oc4women,2,3.796111111111111,56.9,0,4,4
2014,ADK90,Canoe,open,NA,3.796111111111111,65,0,2.97,6
2012,ADK90,Canoe,oc2stock,6,3.796388888888889,60.8,0.02,3.05,2
2019,ADK90,Canoe,oc4open,5,3.796388888888889,59,0.02,3.67,4
2022,ADK90,Canoe,oc4stocktournc,1,3.7964166666666666,70.5,0,3.32,4
2025,ADK90,Canoe,oc4stock,6,3.796527777777778,59.2,0,2.97,4
2013,ADK90,Canoe,open,NA,3.7969444444444442,59.8,0.185,3.56,6
2009,ADK90,Canoe,oc2am,3,3.7975,63.8,0.028,3.28,2
2011,ADK90,Canoe,oc2stockveteran,6,3.7977777777777777,61.2,0,4.36,2
2011,ADK90,Canoe,oc2stock,6,3.7983333333333333,61.2,0,4.36,2
2015,ADK90,Canoe,open,NA,3.7983333333333333,64.2,1.535,3.45,6
2011,ADK90,Canoe,oc2stock,5,3.798611111111111,61.2,0,4.36,2
2008,ADK90,Canoe,oc4,7,3.798888888888889,63.5,0.268,3.46,4
2019,ADK90,Canoe,oc4stockwomen,2,3.799166666666667,59,0.02,3.67,4
2023,ADK90,Kayak,k1master,5,3.7993888888888887,64.2,0.421,4.17,1
2014,ADK90,Canoe,open,NA,3.7994444444444446,65,0,2.97,6
2009,ADK90,Canoe,oc2ammix,5,3.799722222222222,63.8,0.028,3.28,2
2025,ADK90,Canoe,oc3stockmix,1,3.799722222222222,59.2,0,2.97,3
2025,ADK90,Canoe,oc2stock,3,3.8007222222222223,59.2,0,2.97,2
2014,ADK90,Kayak,k1tourveteran,2,3.801111111111111,65,0,2.97,1
2019,ADK90,Canoe,oc2ammix,1,3.8016666666666667,59,0.02,3.67,2
2015,ADK90,Canoe,open,NA,3.8027777777777776,64.2,1.535,3.45,6
2008,ADK90,Canoe,oc2rec,1,3.8030555555555554,63.5,0.268,3.46,2
2014,ADK90,Canoe,oc4mix,9,3.8033333333333332,65,0,2.97,4
2012,ADK90,Guideboat,g2,2,3.803611111111111,60.8,0.02,3.05,2
2013,ADK90,Canoe,open,NA,3.8044444444444445,59.8,0.185,3.56,6
2011,ADK90,Canoe,oc4mix,17,3.8044444444444445,61.2,0,4.36,4
2018,ADK90,Kayak,k1tour,3,3.8047222222222223,54.4,0,3.2,1
2012,ADK90,Canoe,oc2rec,3,3.805277777777778,60.8,0.02,3.05,2
2017,ADK90,Voyageur,voyageur,3,3.8055555555555554,56.9,0,4,6
2010,ADK90,Canoe,oc4mix,6,3.806111111111111,63.4,0,3.19,4
2008,ADK90,Canoe,oc2stockveteran,5,3.8066666666666666,63.5,0.268,3.46,2
2025,ADK90,Canoe,oc4stock,9,3.8075,59.2,0,2.97,4
2015,ADK90,Voyageur,voyageur,6,3.807777777777778,64.2,1.535,3.45,6
2013,ADK90,Voyageur,voyageur,4,3.807777777777778,59.8,0.185,3.56,6
2023,ADK90,Canoe,oc2stock,6,3.807861111111111,64.2,0.421,4.17,2
2013,ADK90,Canoe,oc4,14,3.8080555555555557,59.8,0.185,3.56,4
2017,ADK90,Canoe,open,NA,3.808333333333333,56.9,0,4,6
2012,ADK90,Guideboat,g2,1,3.8091666666666666,60.8,0.02,3.05,2
2009,ADK90,Canoe,oc2rec,1,3.8097222222222222,63.8,0.028,3.28,2
2017,ADK90,Canoe,open,NA,3.8108333333333335,56.9,0,4,6
2023,ADK90,Canoe,oc1stockmaster,1,3.8115555555555556,64.2,0.421,4.17,1
2008,ADK90,Canoe,oc1am,4,3.8116666666666665,63.5,0.268,3.46,1
2011,ADK90,Canoe,open,NA,3.8116666666666665,61.2,0,4.36,6
2014,ADK90,Canoe,oc2stockmaster,4,3.812777777777778,65,0,2.97,2
2010,ADK90,Canoe,oc4mix,5,3.8133333333333335,63.4,0,3.19,4
2025,ADK90,Canoe,oc2stockmaster,1,3.816388888888889,59.2,0,2.97,2
2014,ADK90,Canoe,open,NA,3.816388888888889,65,0,2.97,6
2015,ADK90,Canoe,oc2ammix,1,3.816666666666667,64.2,1.535,3.45,2
2013,ADK90,Canoe,oc2stockmixmaster,1,3.8169444444444443,59.8,0.185,3.56,2
2014,ADK90,Canoe,open,NA,3.817222222222222,65,0,2.97,6
2019,ADK90,Canoe,oc4open,6,3.817222222222222,59,0.02,3.67,4
2008,ADK90,Canoe,open,NA,3.8175,63.5,0.268,3.46,6
2019,ADK90,Canoe,oc4stock,5,3.8175,59,0.02,3.67,4
2011,ADK90,Canoe,open,NA,3.8175,61.2,0,4.36,6
2023,ADK90,Canoe,oc4stockgoldmixnc,1,3.8177777777777777,64.2,0.421,4.17,4
2015,ADK90,Guideboat,g2,2,3.8183333333333334,64.2,1.535,3.45,2
2014,ADK90,Canoe,oc2stockmix,4,3.8183333333333334,65,0,2.97,2
2010,ADK90,Canoe,open,NA,3.818611111111111,63.4,0,3.19,6
2022,ADK90,Canoe,oc2stockmaster,2,3.818861111111111,70.5,0,3.32,2
2008,ADK90,Canoe,open,NA,3.818888888888889,63.5,0.268,3.46,6
2009,ADK90,Canoe,open,NA,3.819166666666667,63.8,0.028,3.28,6
2014,ADK90,Canoe,oc2stock,5,3.819166666666667,65,0,2.97,2
2015,ADK90,Kayak,k1tourveteran,2,3.819722222222222,64.2,1.535,3.45,1
2023,ADK90,Canoe,oc2stockmixmaster,4,3.821305555555556,64.2,0.421,4.17,2
2017,ADK90,Canoe,open,NA,3.8216666666666668,56.9,0,4,6
2015,ADK90,Canoe,oc2stockmixmaster,3,3.8216666666666668,64.2,1.535,3.45,2
2015,ADK90,Canoe,open,NA,3.8233333333333333,64.2,1.535,3.45,6
2014,ADK90,Canoe,oc2stockwomen,1,3.8247222222222224,65,0,2.97,2
2021,ADK90,Canoe,oc4stockmix,7,3.8255555555555554,68.4,0.028,3.04,4
2015,ADK90,Canoe,open,NA,3.8266666666666667,64.2,1.535,3.45,6
2008,ADK90,Canoe,oc2stock,7,3.8272222222222223,63.5,0.268,3.46,2
2025,ADK90,Kayak,k2,3,3.827472222222222,59.2,0,2.97,2
2015,ADK90,Canoe,oc2stock,7,3.828611111111111,64.2,1.535,3.45,2
2011,ADK90,Canoe,open,NA,3.828611111111111,61.2,0,4.36,6
2009,ADK90,Canoe,open,NA,3.828888888888889,63.8,0.028,3.28,6
2009,ADK90,Canoe,oc2rec,2,3.8291666666666666,63.8,0.028,3.28,2
2013,ADK90,Canoe,open,NA,3.8291666666666666,59.8,0.185,3.56,6
2022,ADK90,Canoe,oc2stockmixmaster,3,3.8291944444444446,70.5,0,3.32,2
2009,ADK90,Canoe,oc1rec,2,3.8294444444444444,63.8,0.028,3.28,1
2010,ADK90,Canoe,oc2ammaster,2,3.8294444444444444,63.4,0,3.19,2
2025,ADK90,Canoe,oc4stockmix,7,3.8301944444444445,59.2,0,2.97,4
2011,ADK90,Canoe,oc2stockmixveteran,1,3.8308333333333335,61.2,0,4.36,2
2023,ADK90,Canoe,oc2stockmaster,2,3.8314999999999997,64.2,0.421,4.17,2
2022,ADK90,Canoe,oc2stockopen,3,3.831888888888889,70.5,0,3.32,2
2008,ADK90,Canoe,oc1stock,3,3.8319444444444444,63.5,0.268,3.46,1
2015,ADK90,Canoe,oc2stock,8,3.8330555555555557,64.2,1.535,3.45,2
2017,ADK90,Canoe,oc2stock,7,3.8330555555555557,56.9,0,4,2
2019,ADK90,Canoe,oc2stock,4,3.8341666666666665,59,0.02,3.67,2
2013,ADK90,Canoe,open,NA,3.8344444444444443,59.8,0.185,3.56,6
2019,ADK90,Canoe,oc4stockwomen,3,3.8344444444444443,59,0.02,3.67,4
2011,ADK90,Canoe,oc2stock,8,3.834722222222222,61.2,0,4.36,2
2012,ADK90,Canoe,oc2stock,7,3.835,60.8,0.02,3.05,2
2018,ADK90,Canoe,open,NA,3.8355555555555556,54.4,0,3.2,6
2011,ADK90,Canoe,oc2stockmix,2,3.8355555555555556,61.2,0,4.36,2
2011,ADK90,Canoe,open,NA,3.8358333333333334,61.2,0,4.36,6
2011,ADK90,Canoe,oc2stockmaster,6,3.8361111111111112,61.2,0,4.36,2
2023,ADK90,Canoe,oc2stockmix,3,3.8364444444444445,64.2,0.421,4.17,2
2013,ADK90,Canoe,oc2stockveteran,1,3.8369444444444443,59.8,0.185,3.56,2
2015,ADK90,Canoe,open,NA,3.8369444444444443,64.2,1.535,3.45,6
2008,ADK90,Guideboat,g2,3,3.8369444444444443,63.5,0.268,3.46,2
2015,ADK90,Canoe,open,NA,3.8375,64.2,1.535,3.45,6
2008,ADK90,Canoe,oc2stockwomen,1,3.8375,63.5,0.268,3.46,2
2021,ADK90,Kayak,k1unlimited,1,3.8375,68.4,0.028,3.04,1
2018,ADK90,Canoe,open,NA,3.8377777777777777,54.4,0,3.2,6
2012,ADK90,Canoe,oc4women,2,3.8394444444444447,60.8,0.02,3.05,4
2017,ADK90,Canoe,open,NA,3.839722222222222,56.9,0,4,6
2010,ADK90,Canoe,oc2ammix,3,3.841388888888889,63.4,0,3.19,2
2013,ADK90,Canoe,oc2stockwomenmaster,2,3.841388888888889,59.8,0.185,3.56,2
2014,ADK90,Canoe,open,NA,3.841666666666667,65,0,2.97,6
2012,ADK90,Canoe,open,NA,3.8427777777777776,60.8,0.02,3.05,6
2012,ADK90,Canoe,open,NA,3.8430555555555554,60.8,0.02,3.05,6
2009,ADK90,Guideboat,g2,2,3.8433333333333333,63.8,0.028,3.28,2
2022,ADK90,Canoe,oc2stockmix,1,3.843444444444444,70.5,0,3.32,2
2019,ADK90,Canoe,oc2stockmix,1,3.843611111111111,59,0.02,3.67,2
2025,ADK90,Canoe,oc2stockmaster,3,3.843861111111111,59.2,0,2.97,2
2009,ADK90,Canoe,oc2recmix,1,3.843888888888889,63.8,0.028,3.28,2
2022,ADK90,Canoe,oc4stockmix,10,3.843944444444445,70.5,0,3.32,4
2019,ADK90,Canoe,oc2jrsr,1,3.8441666666666667,59,0.02,3.67,2
2013,ADK90,Canoe,oc2stockmaster,4,3.845833333333333,59.8,0.185,3.56,2
2008,ADK90,Guideboat,g2,5,3.845833333333333,63.5,0.268,3.46,2
2008,ADK90,Kayak,k2,4,3.846388888888889,63.5,0.268,3.46,2
2022,ADK90,Canoe,oc2stockmixveteran,2,3.8467499999999997,70.5,0,3.32,2
2014,ADK90,Canoe,open,NA,3.8475,65,0,2.97,6
2018,ADK90,Canoe,oc1rec,1,3.848333333333333,54.4,0,3.2,1
2017,ADK90,Canoe,open,NA,3.848333333333333,56.9,0,4,6
2013,ADK90,Canoe,oc2stockmaster,5,3.8491666666666666,59.8,0.185,3.56,2
2012,ADK90,Kayak,k2women,1,3.8497222222222223,60.8,0.02,3.05,2
2022,ADK90,Canoe,oc2stockmixmaster,2,3.8501944444444445,70.5,0,3.32,2
2009,ADK90,Kayak,k2women,2,3.8505555555555557,63.8,0.028,3.28,2
2012,ADK90,Canoe,open,NA,3.8508333333333336,60.8,0.02,3.05,6
2014,ADK90,Canoe,open,NA,3.8519444444444444,65,0,2.97,6
2014,ADK90,Canoe,oc2stock,6,3.852222222222222,65,0,2.97,2
2014,ADK90,Canoe,oc2stock,7,3.852777777777778,65,0,2.97,2
2013,ADK90,Canoe,oc4mix,14,3.8530555555555557,59.8,0.185,3.56,4
2017,ADK90,Canoe,oc2stockmix,2,3.8536111111111113,56.9,0,4,2
2017,ADK90,Canoe,oc4mix,11,3.8536111111111113,56.9,0,4,4
2023,ADK90,Canoe,oc4stockmix,6,3.85375,64.2,0.421,4.17,4
2019,ADK90,Canoe,oc4stockwomen,1,3.8538888888888887,59,0.02,3.67,4
2012,ADK90,Canoe,oc2rec,1,3.8538888888888887,60.8,0.02,3.05,2
2022,ADK90,Kayak,k1unlimitedmaster,2,3.8540833333333335,70.5,0,3.32,1
2009,ADK90,Canoe,oc2stockveteran,2,3.8541666666666665,63.8,0.028,3.28,2
2011,ADK90,Canoe,oc2amwomen,1,3.8541666666666665,61.2,0,4.36,2
2025,ADK90,Canoe,oc4stock,10,3.85425,59.2,0,2.97,4
2011,ADK90,Guideboat,g2,2,3.8544444444444443,61.2,0,4.36,2
2015,ADK90,Canoe,oc1am,1,3.854722222222222,64.2,1.535,3.45,1
2022,ADK90,Canoe,oc4stockwomen,2,3.855222222222222,70.5,0,3.32,4
2011,ADK90,Canoe,oc2stockmaster,7,3.855277777777778,61.2,0,4.36,2
2025,ADK90,Canoe,oc4stockwomen,1,3.8558611111111114,59.2,0,2.97,4
2017,ADK90,Canoe,oc2rec,1,3.8561111111111113,56.9,0,4,2
2013,ADK90,Canoe,open,NA,3.8566666666666665,59.8,0.185,3.56,6
2017,ADK90,Canoe,open,NA,3.8575,56.9,0,4,6
2013,ADK90,Canoe,open,NA,3.8580555555555556,59.8,0.185,3.56,6
2013,ADK90,Canoe,oc4,13,3.8583333333333334,59.8,0.185,3.56,4
2008,ADK90,Canoe,oc2rec,2,3.8583333333333334,63.5,0.268,3.46,2
2010,ADK90,Kayak,k1tour,3,3.859722222222222,63.4,0,3.19,1
2017,ADK90,Canoe,open,NA,3.86,56.9,0,4,6
2011,ADK90,Canoe,oc2stockmixveteran,2,3.8605555555555555,61.2,0,4.36,2
2012,ADK90,Canoe,oc1stock,1,3.8605555555555555,60.8,0.02,3.05,1
2009,ADK90,Kayak,k2mix,3,3.8605555555555555,63.8,0.028,3.28,2
2025,ADK90,Kayak,k1open,2,3.8608333333333333,59.2,0,2.97,1
2023,ADK90,Canoe,oc4stockmix,10,3.861111111111111,64.2,0.421,4.17,4
2021,ADK90,Canoe,oc2stock,2,3.861111111111111,68.4,0.028,3.04,2
2025,ADK90,Canoe,oc2stockmaster,2,3.861111111111111,59.2,0,2.97,2
2023,ADK90,Canoe,oc4stock,5,3.861138888888889,64.2,0.421,4.17,4
2021,ADK90,Kayak,k2veteran,1,3.861666666666667,68.4,0.028,3.04,2
2010,ADK90,Canoe,oc4,8,3.8619444444444446,63.4,0,3.19,4
2025,ADK90,Kayak,k1sportmaster,3,3.8620555555555556,59.2,0,2.97,1
2015,ADK90,Canoe,open,NA,3.8625,64.2,1.535,3.45,6
2018,ADK90,Canoe,oc2stockmaster,1,3.8625,54.4,0,3.2,2
2013,ADK90,Canoe,oc2stockveteran,2,3.863611111111111,59.8,0.185,3.56,2
2014,ADK90,Canoe,oc2stockmaster,5,3.8641666666666667,65,0,2.97,2
2023,ADK90,Canoe,oc2stock,5,3.8657500000000002,64.2,0.421,4.17,2
2011,ADK90,Canoe,open,NA,3.8658333333333332,61.2,0,4.36,6
2014,ADK90,Canoe,oc2stockwomen,2,3.8666666666666667,65,0,2.97,2
2010,ADK90,Canoe,oc2stock,1,3.8666666666666667,63.4,0,3.19,2
2012,ADK90,Kayak,k2women,2,3.8669444444444445,60.8,0.02,3.05,2
2009,ADK90,Canoe,open,NA,3.8672222222222223,63.8,0.028,3.28,6
2018,ADK90,Canoe,oc2stock,1,3.8672222222222223,54.4,0,3.2,2
2025,ADK90,Kayak,k2mixmaster,1,3.8675277777777777,59.2,0,2.97,2
2018,ADK90,Canoe,open,NA,3.8680555555555554,54.4,0,3.2,6
2009,ADK90,Kayak,k1tourveteran,3,3.868611111111111,63.8,0.028,3.28,1
2012,ADK90,Canoe,open,NA,3.868611111111111,60.8,0.02,3.05,6
2025,ADK90,Kayak,k1sport,1,3.8691944444444446,59.2,0,2.97,1
2008,ADK90,Guideboat,g2,4,3.8694444444444445,63.5,0.268,3.46,2
2018,ADK90,Canoe,open,NA,3.8713888888888888,54.4,0,3.2,6
2017,ADK90,Canoe,oc2stockwomen,1,3.8738888888888887,56.9,0,4,2
2019,ADK90,Canoe,oc2stockmaster,2,3.8741666666666665,59,0.02,3.67,2
2025,ADK90,Canoe,oc4stockmix,10,3.8743055555555554,59.2,0,2.97,4
2023,ADK90,Canoe,oc2stock,4,3.8745833333333333,64.2,0.421,4.17,2
2011,ADK90,Canoe,oc2rec,2,3.874722222222222,61.2,0,4.36,2
2014,ADK90,Canoe,oc2stockmaster,6,3.8755555555555556,65,0,2.97,2
2023,ADK90,Canoe,oc4stock,11,3.8760555555555554,64.2,0.421,4.17,4
2011,ADK90,Canoe,oc2stockveteran,8,3.8761111111111113,61.2,0,4.36,2
2015,ADK90,Kayak,k1unlimited,1,3.876388888888889,64.2,1.535,3.45,1
2015,ADK90,Kayak,k1unlimited,2,3.876388888888889,64.2,1.535,3.45,1
2010,ADK90,Canoe,oc1am,1,3.876388888888889,63.4,0,3.19,1
2008,ADK90,Kayak,k1women,5,3.8775,63.5,0.268,3.46,1
2009,ADK90,Canoe,open,NA,3.8780555555555556,63.8,0.028,3.28,6
2025,ADK90,Canoe,oc3stockmix,2,3.8783055555555555,59.2,0,2.97,3
2010,ADK90,Kayak,k2mix,1,3.8786111111111112,63.4,0,3.19,2
2017,ADK90,Guideboat,g1,1,3.8786111111111112,56.9,0,4,1
2013,ADK90,Canoe,open,NA,3.879722222222222,59.8,0.185,3.56,6
2010,ADK90,Canoe,open,NA,3.879722222222222,63.4,0,3.19,6
2011,ADK90,Canoe,open,NA,3.88,61.2,0,4.36,6
2019,ADK90,Canoe,oc4stock,4,3.8805555555555555,59,0.02,3.67,4
2022,ADK90,Canoe,oc2,1,3.8809444444444443,70.5,0,3.32,2
2025,ADK90,Canoe,oc3stockmix,3,3.881555555555556,59.2,0,2.97,3
2025,ADK90,Canoe,oc4open,5,3.8819166666666667,59.2,0,2.97,4
2019,ADK90,Canoe,oc2stockmaster,3,3.8819444444444446,59,0.02,3.67,2
2008,ADK90,Canoe,oc2stock,8,3.882222222222222,63.5,0.268,3.46,2
2018,ADK90,Canoe,oc2stock,2,3.883611111111111,54.4,0,3.2,2
2023,ADK90,Canoe,oc4stock,8,3.883861111111111,64.2,0.421,4.17,4
2008,ADK90,Kayak,k1tour,6,3.8844444444444446,63.5,0.268,3.46,1
2015,ADK90,Voyageur,voyageur,5,3.885,64.2,1.535,3.45,6
2013,ADK90,Canoe,oc2stockwomenmaster,1,3.8855555555555554,59.8,0.185,3.56,2
2008,ADK90,Canoe,oc4,8,3.8858333333333333,63.5,0.268,3.46,4
2010,ADK90,Canoe,oc2stockveteran,1,3.8866666666666667,63.4,0,3.19,2
2011,ADK90,Canoe,oc2stock,7,3.8872222222222224,61.2,0,4.36,2
2013,ADK90,Canoe,oc2stock,4,3.8875,59.8,0.185,3.56,2
2025,ADK90,Canoe,oc4stockmix,9,3.887777777777778,59.2,0,2.97,4
2017,ADK90,Canoe,open,NA,3.8894444444444445,56.9,0,4,6
2011,ADK90,Canoe,open,NA,3.8897222222222223,61.2,0,4.36,6
2022,ADK90,Canoe,oc2stockmaster,5,3.8904722222222223,70.5,0,3.32,2
2011,ADK90,Canoe,oc2rec,3,3.890833333333333,61.2,0,4.36,2
2014,ADK90,Voyageur,voyageur,4,3.8916666666666666,65,0,2.97,6
2008,ADK90,Canoe,open,NA,3.8919444444444444,63.5,0.268,3.46,6
2012,ADK90,Canoe,oc4mix,13,3.8922222222222222,60.8,0.02,3.05,4
2008,ADK90,Canoe,oc2am,6,3.892777777777778,63.5,0.268,3.46,2
2018,ADK90,Canoe,oc2am,1,3.8933333333333335,54.4,0,3.2,2
2014,ADK90,Canoe,oc2stockmix,5,3.8938888888888887,65,0,2.97,2
2011,ADK90,Canoe,open,NA,3.8938888888888887,61.2,0,4.36,6
2015,ADK90,Canoe,oc2rec,2,3.8941666666666666,64.2,1.535,3.45,2
2014,ADK90,Canoe,open,NA,3.8955555555555557,65,0,2.97,6
2012,ADK90,Canoe,open,NA,3.8961111111111113,60.8,0.02,3.05,6
2023,ADK90,Canoe,oc4stock,9,3.896611111111111,64.2,0.421,4.17,4
2021,ADK90,Canoe,oc4stockwomenmaster,3,3.8966666666666665,68.4,0.028,3.04,4
2023,ADK90,Canoe,oc2stockmaster,3,3.89725,64.2,0.421,4.17,2
2015,ADK90,Canoe,open,NA,3.8975,64.2,1.535,3.45,6
2021,ADK90,Canoe,oc2stockmaster,1,3.898888888888889,68.4,0.028,3.04,2
2014,ADK90,Canoe,oc2ammix,1,3.8994444444444443,65,0,2.97,2
2010,ADK90,Canoe,oc2stockmixmaster,1,3.899722222222222,63.4,0,3.19,2
2014,ADK90,Canoe,open,NA,3.9002777777777777,65,0,2.97,6
2009,ADK90,Canoe,oc2stock,7,3.9002777777777777,63.8,0.028,3.28,2
2013,ADK90,Canoe,open,NA,3.9005555555555556,59.8,0.185,3.56,6
2009,ADK90,Canoe,oc1am,1,3.9008333333333334,63.8,0.028,3.28,1
2022,ADK90,Canoe,oc2stockmaster,3,3.9008888888888893,70.5,0,3.32,2
2023,ADK90,Kayak,k2mix,1,3.9014444444444445,64.2,0.421,4.17,2
2015,ADK90,Canoe,oc2stockveteran,1,3.901666666666667,64.2,1.535,3.45,2
2010,ADK90,Canoe,oc1rec,1,3.9027777777777777,63.4,0,3.19,1
2022,ADK90,Canoe,oc2stockopen,6,3.9029444444444445,70.5,0,3.32,2
2010,ADK90,Canoe,oc1rec,2,3.9030555555555555,63.4,0,3.19,1
2010,ADK90,Canoe,oc1rec,3,3.9033333333333333,63.4,0,3.19,1
2017,ADK90,Canoe,open,NA,3.903611111111111,56.9,0,4,6
2012,ADK90,Canoe,open,NA,3.903888888888889,60.8,0.02,3.05,6
2023,ADK90,Canoe,oc2stockmaster,1,3.904027777777778,64.2,0.421,4.17,2
2012,ADK90,Canoe,oc2stockmix,1,3.904166666666667,60.8,0.02,3.05,2
2011,ADK90,Canoe,oc2stockveteran,9,3.9044444444444446,61.2,0,4.36,2
2012,ADK90,Canoe,oc2amwomen,2,3.9047222222222224,60.8,0.02,3.05,2
2018,ADK90,Canoe,oc2stockmaster,2,3.905,54.4,0,3.2,2
2010,ADK90,Canoe,open,NA,3.9055555555555554,63.4,0,3.19,6
2012,ADK90,Canoe,oc2stock,9,3.906388888888889,60.8,0.02,3.05,2
2017,ADK90,Canoe,open,NA,3.9075,56.9,0,4,6
2014,ADK90,Canoe,open,NA,3.9075,65,0,2.97,6
2017,ADK90,Canoe,oc2stockmix,3,3.908333333333333,56.9,0,4,2
2025,ADK90,Canoe,oc2stock,4,3.908333333333333,59.2,0,2.97,2
2012,ADK90,Canoe,open,NA,3.908611111111111,60.8,0.02,3.05,6
2015,ADK90,Canoe,oc2stockveteran,2,3.908611111111111,64.2,1.535,3.45,2
2011,ADK90,Canoe,oc2stockmixmaster,7,3.9091666666666667,61.2,0,4.36,2
2008,ADK90,Canoe,open,NA,3.9094444444444445,63.5,0.268,3.46,6
2015,ADK90,Canoe,oc2stock,9,3.91,64.2,1.535,3.45,2
2010,ADK90,Canoe,open,NA,3.91,63.4,0,3.19,6
2013,ADK90,Guideboat,g2,1,3.910277777777778,59.8,0.185,3.56,2
2022,ADK90,Canoe,oc4stock,7,3.9103055555555555,70.5,0,3.32,4
2011,ADK90,Canoe,open,NA,3.9105555555555553,61.2,0,4.36,6
2021,ADK90,Kayak,k2mixveteran,1,3.9116666666666666,68.4,0.028,3.04,2
2009,ADK90,Canoe,oc2rec,3,3.9125,63.8,0.028,3.28,2
2018,ADK90,Canoe,oc4stockmix,6,3.9138888888888888,54.4,0,3.2,4
2013,ADK90,Canoe,open,NA,3.9141666666666666,59.8,0.185,3.56,6
2013,ADK90,Canoe,oc4women,2,3.914722222222222,59.8,0.185,3.56,4
2013,ADK90,Guideboat,g2,2,3.9158333333333335,59.8,0.185,3.56,2
2009,ADK90,Canoe,oc2ammix,6,3.9166666666666665,63.8,0.028,3.28,2
2010,ADK90,Kayak,k1unlimited,1,3.9166666666666665,63.4,0,3.19,1
2013,ADK90,Canoe,oc2ammix,1,3.9166666666666665,59.8,0.185,3.56,2
2023,ADK90,Canoe,oc4stockmix,12,3.9168055555555554,64.2,0.421,4.17,4
2022,ADK90,Kayak,k1tourveteran,2,3.9169722222222223,70.5,0,3.32,1
2017,ADK90,Canoe,open,NA,3.9175,56.9,0,4,6
2008,ADK90,Canoe,open,NA,3.9180555555555556,63.5,0.268,3.46,6
2022,ADK90,Canoe,oc4stocktournc,3,3.9181388888888886,70.5,0,3.32,4
2018,ADK90,Kayak,k1tour,4,3.9183333333333334,54.4,0,3.2,1
2022,ADK90,Canoe,oc4stockwomen,3,3.919138888888889,70.5,0,3.32,4
2022,ADK90,Kayak,k1tourveteran,1,3.919138888888889,70.5,0,3.32,1
2009,ADK90,Canoe,oc2ammix,4,3.9194444444444443,63.8,0.028,3.28,2
2021,ADK90,Canoe,oc4stockmix,8,3.9208333333333334,68.4,0.028,3.04,4
2009,ADK90,Canoe,oc1stock,3,3.921111111111111,63.8,0.028,3.28,1
2011,ADK90,Canoe,oc4mix,15,3.921666666666667,61.2,0,4.36,4
2021,ADK90,Canoe,oc2womenmaster,1,3.923611111111111,68.4,0.028,3.04,2
2010,ADK90,Canoe,oc2am,4,3.9244444444444446,63.4,0,3.19,2
2014,ADK90,Canoe,open,NA,3.924722222222222,65,0,2.97,6
2012,ADK90,Guideboat,g2,3,3.925,60.8,0.02,3.05,2
2008,ADK90,Canoe,open,NA,3.9258333333333333,63.5,0.268,3.46,6
2022,ADK90,Canoe,oc2,2,3.926055555555555,70.5,0,3.32,2
2012,ADK90,Canoe,open,NA,3.926111111111111,60.8,0.02,3.05,6
2013,ADK90,Canoe,open,NA,3.926388888888889,59.8,0.185,3.56,6
2012,ADK90,Canoe,open,NA,3.9266666666666667,60.8,0.02,3.05,6
2012,ADK90,Canoe,oc2stockmixmaster,7,3.9266666666666667,60.8,0.02,3.05,2
2012,ADK90,Canoe,oc4mix,15,3.9272222222222224,60.8,0.02,3.05,4
2017,ADK90,Kayak,k1unlimited,1,3.9272222222222224,56.9,0,4,1
2012,ADK90,Canoe,oc2rec,2,3.9272222222222224,60.8,0.02,3.05,2
2023,ADK90,Kayak,k2mix,2,3.928583333333333,64.2,0.421,4.17,2
2023,ADK90,Canoe,oc2stockmixmaster,5,3.92875,64.2,0.421,4.17,2
2017,ADK90,Kayak,k1tour,2,3.928888888888889,56.9,0,4,1
2010,ADK90,Kayak,k1unlimited,2,3.9291666666666667,63.4,0,3.19,1
2017,ADK90,Canoe,oc2stockveteran,2,3.930277777777778,56.9,0,4,2
2013,ADK90,Canoe,open,NA,3.930277777777778,59.8,0.185,3.56,6
2021,ADK90,Canoe,oc4stockmix,9,3.931388888888889,68.4,0.028,3.04,4
2023,ADK90,Canoe,oc4stock,7,3.9314444444444447,64.2,0.421,4.17,4
2008,ADK90,Canoe,oc2stock,6,3.9316666666666666,63.5,0.268,3.46,2
2022,ADK90,Canoe,oc2stockmastertour,1,3.9316944444444446,70.5,0,3.32,2
2014,ADK90,Canoe,open,NA,3.9319444444444445,65,0,2.97,6
2025,ADK90,Canoe,oc4stocknc,2,3.9319722222222224,59.2,0,2.97,4
2021,ADK90,Canoe,oc2stockmaster,2,3.9325,68.4,0.028,3.04,2
2018,ADK90,Canoe,open,NA,3.9330555555555557,54.4,0,3.2,6
2008,ADK90,Canoe,open,NA,3.9341666666666666,63.5,0.268,3.46,6
2017,ADK90,Canoe,open,NA,3.9341666666666666,56.9,0,4,6
2017,ADK90,Canoe,oc2stockmixmaster,2,3.9341666666666666,56.9,0,4,2
2021,ADK90,Canoe,oc2stockmix,2,3.9341666666666666,68.4,0.028,3.04,2
2009,ADK90,Canoe,oc2stockveteran,3,3.9344444444444444,63.8,0.028,3.28,2
2013,ADK90,Canoe,oc2stockwomenmaster,3,3.9344444444444444,59.8,0.185,3.56,2
2025,ADK90,Canoe,oc2stockmix,2,3.934972222222222,59.2,0,2.97,2
2017,ADK90,Canoe,oc1am,1,3.935277777777778,56.9,0,4,1
2022,ADK90,Canoe,oc2stock,1,3.9359166666666665,70.5,0,3.32,2
2022,ADK90,Canoe,oc2stockveteran,1,3.9364444444444446,70.5,0,3.32,2
2014,ADK90,Canoe,oc4mix,12,3.9369444444444444,65,0,2.97,4
2015,ADK90,Canoe,open,NA,3.9375,64.2,1.535,3.45,6
2008,ADK90,Canoe,oc2stockmixmaster,4,3.9375,63.5,0.268,3.46,2
2011,ADK90,Canoe,open,NA,3.9375,61.2,0,4.36,6
2013,ADK90,Canoe,oc2rec,1,3.937777777777778,59.8,0.185,3.56,2
2015,ADK90,Canoe,open,NA,3.9380555555555556,64.2,1.535,3.45,6
2022,ADK90,Canoe,oc2stockmaster,4,3.9383611111111114,70.5,0,3.32,2
2017,ADK90,Canoe,open,NA,3.94,56.9,0,4,6
2011,ADK90,Canoe,open,NA,3.94,61.2,0,4.36,6
2015,ADK90,Canoe,open,NA,3.9402777777777778,64.2,1.535,3.45,6
2018,ADK90,Canoe,oc2stockmaster,3,3.9402777777777778,54.4,0,3.2,2
2014,ADK90,Canoe,open,NA,3.9405555555555556,65,0,2.97,6
2025,ADK90,Canoe,oc4stock,8,3.941638888888889,59.2,0,2.97,4
2012,ADK90,Canoe,oc2stockmixmaster,8,3.9419444444444443,60.8,0.02,3.05,2
2011,ADK90,Canoe,open,NA,3.9419444444444443,61.2,0,4.36,6
2018,ADK90,Canoe,oc2stockmix,1,3.942222222222222,54.4,0,3.2,2
2017,ADK90,Canoe,open,NA,3.942222222222222,56.9,0,4,6
2015,ADK90,Canoe,oc2rec,1,3.9425,64.2,1.535,3.45,2
2019,ADK90,Canoe,oc2stockmix,2,3.9433333333333334,59,0.02,3.67,2
2008,ADK90,Voyageur,voyageur,8,3.9433333333333334,63.5,0.268,3.46,6
2011,ADK90,Canoe,open,NA,3.943611111111111,61.2,0,4.36,6
2023,ADK90,Kayak,k1master,6,3.944055555555556,64.2,0.421,4.17,1
2023,ADK90,Canoe,oc2stock,7,3.9458333333333333,64.2,0.421,4.17,2
2017,ADK90,Kayak,k1tour,3,3.946111111111111,56.9,0,4,1
2017,ADK90,Canoe,oc2stock,6,3.946111111111111,56.9,0,4,2
2012,ADK90,Canoe,oc4women,1,3.9472222222222224,60.8,0.02,3.05,4
2013,ADK90,Canoe,open,NA,3.9472222222222224,59.8,0.185,3.56,6
2009,ADK90,Canoe,oc2stockwomen,2,3.9475,63.8,0.028,3.28,2
2010,ADK90,Canoe,oc2stockveteran,2,3.948611111111111,63.4,0,3.19,2
2009,ADK90,Canoe,oc2stockmixmaster,8,3.948888888888889,63.8,0.028,3.28,2
2012,ADK90,Canoe,oc2stock,8,3.948888888888889,60.8,0.02,3.05,2
2011,ADK90,Canoe,oc2family,1,3.9491666666666667,61.2,0,4.36,2
2009,ADK90,Kayak,k1unlimted,6,3.9491666666666667,63.8,0.028,3.28,1
2017,ADK90,Canoe,open,NA,3.9497222222222224,56.9,0,4,6
2014,ADK90,Canoe,open,NA,3.951388888888889,65,0,2.97,6
2008,ADK90,Kayak,k1women,8,3.9516666666666667,63.5,0.268,3.46,1
2008,ADK90,Canoe,oc2rec,3,3.9516666666666667,63.5,0.268,3.46,2
2011,ADK90,Canoe,oc4women,2,3.9522222222222223,61.2,0,4.36,4
2015,ADK90,Canoe,open,NA,3.9522222222222223,64.2,1.535,3.45,6
2008,ADK90,Kayak,k2,5,3.953611111111111,63.5,0.268,3.46,2
2015,ADK90,Kayak,k1tourveteran,3,3.953611111111111,64.2,1.535,3.45,1
2015,ADK90,Canoe,oc4mix,11,3.953888888888889,64.2,1.535,3.45,4
2019,ADK90,Canoe,oc2stock,5,3.9541666666666666,59,0.02,3.67,2
2015,ADK90,Canoe,open,NA,3.9541666666666666,64.2,1.535,3.45,6
2010,ADK90,Canoe,oc2ammix,2,3.9544444444444444,63.4,0,3.19,2
2019,ADK90,Canoe,oc1stock,1,3.9544444444444444,59,0.02,3.67,1
2008,ADK90,Kayak,k1tour,4,3.955,63.5,0.268,3.46,1
2019,ADK90,Canoe,oc2jrsr,2,3.955,59,0.02,3.67,2
2008,ADK90,Canoe,open,NA,3.9555555555555557,63.5,0.268,3.46,6
2013,ADK90,Canoe,open,NA,3.9555555555555557,59.8,0.185,3.56,6
2014,ADK90,Canoe,oc2stockmix,6,3.9563888888888887,65,0,2.97,2
2023,ADK90,Canoe,oc2stockmix,2,3.9566666666666666,64.2,0.421,4.17,2
2023,ADK90,Canoe,oc2stockveteran,3,3.9570555555555553,64.2,0.421,4.17,2
2013,ADK90,Guideboat,g1,1,3.957222222222222,59.8,0.185,3.56,1
2017,ADK90,Canoe,open,NA,3.957222222222222,56.9,0,4,6
2011,ADK90,Canoe,oc1stock,2,3.957222222222222,61.2,0,4.36,1
2023,ADK90,Canoe,oc2stockgoldnc,2,3.957888888888889,64.2,0.421,4.17,2
2022,ADK90,Kayak,k1tourmaster,3,3.9585555555555554,70.5,0,3.32,1
2018,ADK90,Canoe,oc2stockmix,2,3.9586111111111113,54.4,0,3.2,2
2025,ADK90,Canoe,oc2stockmixveteran,2,3.959138888888889,59.2,0,2.97,2
2015,ADK90,Guideboat,g2,1,3.9608333333333334,64.2,1.535,3.45,2
2021,ADK90,Canoe,oc2stock,5,3.9611111111111112,68.4,0.028,3.04,2
2014,ADK90,Canoe,open,NA,3.9619444444444443,65,0,2.97,6
2012,ADK90,Kayak,k1tour,3,3.9619444444444443,60.8,0.02,3.05,1
2023,ADK90,Canoe,oc2stockmixnc,1,3.9619722222222222,64.2,0.421,4.17,2
2011,ADK90,Canoe,open,NA,3.963888888888889,61.2,0,4.36,6
2009,ADK90,Canoe,oc2stockveteran,4,3.9644444444444447,63.8,0.028,3.28,2
2008,ADK90,Canoe,oc2stock,10,3.965,63.5,0.268,3.46,2
2023,ADK90,Canoe,oc1stock,1,3.965027777777778,64.2,0.421,4.17,1
2008,ADK90,Canoe,oc4mix,10,3.9652777777777777,63.5,0.268,3.46,4
2021,ADK90,Canoe,oc4stockmixmaster,4,3.9658333333333333,68.4,0.028,3.04,4
2017,ADK90,Canoe,open,NA,3.966111111111111,56.9,0,4,6
2014,ADK90,Canoe,oc1stockmaster,1,3.9672222222222224,65,0,2.97,1
2011,ADK90,Canoe,open,NA,3.9672222222222224,61.2,0,4.36,6
2011,ADK90,Canoe,open,NA,3.968611111111111,61.2,0,4.36,6
2009,ADK90,Canoe,oc2stockmixmaster,9,3.968611111111111,63.8,0.028,3.28,2
2015,ADK90,Canoe,open,NA,3.968611111111111,64.2,1.535,3.45,6
2014,ADK90,Canoe,oc1stockveteran,1,3.9691666666666667,65,0,2.97,1
2021,ADK90,Canoe,oc4stockmix,11,3.9694444444444446,68.4,0.028,3.04,4
2019,ADK90,Canoe,oc1recveteran,1,3.9694444444444446,59,0.02,3.67,1
2008,ADK90,Canoe,oc4mix,11,3.97,63.5,0.268,3.46,4
2008,ADK90,Canoe,oc2stock,11,3.9705555555555554,63.5,0.268,3.46,2
2017,ADK90,Canoe,open,NA,3.970833333333333,56.9,0,4,6
2019,ADK90,Kayak,k1unlimited,5,3.971111111111111,59,0.02,3.67,1
2025,ADK90,Canoe,oc4stock,11,3.97125,59.2,0,2.97,4
2009,ADK90,Canoe,oc2family,1,3.9719444444444445,63.8,0.028,3.28,2
2010,ADK90,Canoe,oc4mix,8,3.9722222222222223,63.4,0,3.19,4
2019,ADK90,Kayak,k2mix,1,3.973333333333333,59,0.02,3.67,2
2018,ADK90,Canoe,oc2stockmixmaster,1,3.973611111111111,54.4,0,3.2,2
2018,ADK90,Canoe,oc4stockmix,4,3.973888888888889,54.4,0,3.2,4
2009,ADK90,Guideboat,g2,1,3.973888888888889,63.8,0.028,3.28,2
2015,ADK90,Canoe,open,NA,3.9744444444444444,64.2,1.535,3.45,6
2018,ADK90,Canoe,open,NA,3.9747222222222223,54.4,0,3.2,6
2025,ADK90,Canoe,oc2stocknc,2,3.974833333333333,59.2,0,2.97,2
2019,ADK90,SUP,superveterans,1,3.975,59,0.02,3.67,1
2011,ADK90,Canoe,oc2rec,4,3.9755555555555557,61.2,0,4.36,2
2015,ADK90,Canoe,open,NA,3.9755555555555557,64.2,1.535,3.45,6
2017,ADK90,Canoe,open,NA,3.976111111111111,56.9,0,4,6
2025,ADK90,Canoe,oc2stockmixveteran,3,3.9765277777777777,59.2,0,2.97,2
2023,ADK90,Canoe,oc2stockmaster,4,3.9768333333333334,64.2,0.421,4.17,2
2013,ADK90,Canoe,oc2stock,5,3.977222222222222,59.8,0.185,3.56,2
2009,ADK90,Canoe,open,NA,3.977222222222222,63.8,0.028,3.28,6
2017,ADK90,Canoe,oc2stockmixmaster,3,3.9775,56.9,0,4,2
2008,ADK90,Canoe,oc2ammixmaster,7,3.977777777777778,63.5,0.268,3.46,2
2017,ADK90,Canoe,oc2rec,2,3.9780555555555557,56.9,0,4,2
2018,ADK90,Canoe,open,NA,3.9783333333333335,54.4,0,3.2,6
2009,ADK90,Kayak,k2mix,2,3.9788888888888887,63.8,0.028,3.28,2
2011,ADK90,Voyageur,voyageur,6,3.979722222222222,61.2,0,4.36,6
2013,ADK90,Kayak,k2women,1,3.979722222222222,59.8,0.185,3.56,2
2023,ADK90,Canoe,oc1stockmaster,2,3.9807777777777775,64.2,0.421,4.17,1
2008,ADK90,Kayak,k1tour,5,3.9808333333333334,63.5,0.268,3.46,1
2022,ADK90,Canoe,oc4stock,10,3.982083333333333,70.5,0,3.32,4
2010,ADK90,Canoe,oc2stockveteran,3,3.982222222222222,63.4,0,3.19,2
2018,ADK90,Canoe,oc4stockwomen,1,3.9825,54.4,0,3.2,4
2021,ADK90,Canoe,oc4stockmix,10,3.983888888888889,68.4,0.028,3.04,4
2012,ADK90,Canoe,oc1stock,2,3.983888888888889,60.8,0.02,3.05,1
2021,ADK90,Canoe,oc2stockmaster,3,3.9844444444444442,68.4,0.028,3.04,2
2011,ADK90,Guideboat,g1,1,3.9844444444444442,61.2,0,4.36,1
2008,ADK90,Canoe,oc2family,2,3.9852777777777777,63.5,0.268,3.46,2
2021,ADK90,Canoe,oc4stockwomenmaster,2,3.9855555555555555,68.4,0.028,3.04,4
2025,ADK90,Canoe,oc2stocknc,1,3.9855833333333335,59.2,0,2.97,2
2025,ADK90,Canoe,oc2stock,6,3.9858333333333333,59.2,0,2.97,2
2015,ADK90,Canoe,oc2stock,10,3.986111111111111,64.2,1.535,3.45,2
2011,ADK90,Canoe,open,NA,3.986111111111111,61.2,0,4.36,6
2013,ADK90,Canoe,oc2stockmix,1,3.986666666666667,59.8,0.185,3.56,2
2022,ADK90,Kayak,k1tournc,1,3.9868888888888887,70.5,0,3.32,1
2021,ADK90,Canoe,oc2mix,3,3.9869444444444446,68.4,0.028,3.04,2
2015,ADK90,Kayak,k1tourmaster,5,3.9877777777777776,64.2,1.535,3.45,1
2009,ADK90,Canoe,oc2stockmaster,7,3.9880555555555555,63.8,0.028,3.28,2
2012,ADK90,Canoe,open,NA,3.988611111111111,60.8,0.02,3.05,6
2019,ADK90,Guideboat,g1,1,3.9894444444444446,59,0.02,3.67,1
2019,ADK90,Canoe,oc4stockmix,11,3.99,59,0.02,3.67,4
2014,ADK90,Canoe,oc4open,5,3.9905555555555554,65,0,2.97,4
2015,ADK90,Canoe,oc2ammix,3,3.9916666666666667,64.2,1.535,3.45,2
2023,ADK90,Canoe,oc4stockgoldnc,2,3.9917222222222226,64.2,0.421,4.17,4
2015,ADK90,Canoe,oc2stockwomen,1,3.9919444444444445,64.2,1.535,3.45,2
2009,ADK90,Canoe,oc2rec,5,3.992777777777778,63.8,0.028,3.28,2
2014,ADK90,Canoe,open,NA,3.9930555555555554,65,0,2.97,6
2015,ADK90,Canoe,oc4,6,3.9930555555555554,64.2,1.535,3.45,4
2011,ADK90,Canoe,open,NA,3.993333333333333,61.2,0,4.36,6
2014,ADK90,Canoe,oc4women,2,3.993333333333333,65,0,2.97,4
2018,ADK90,Canoe,oc4stockmix,5,3.993888888888889,54.4,0,3.2,4
2023,ADK90,Canoe,oc2stock,9,3.9944722222222224,64.2,0.421,4.17,2
2009,ADK90,Canoe,oc2stockmix,6,3.9947222222222223,63.8,0.028,3.28,2
2025,ADK90,Canoe,oc4stockwomen,2,3.995027777777778,59.2,0,2.97,4
2025,ADK90,Canoe,oc4stockmix,11,3.9954444444444444,59.2,0,2.97,4
2010,ADK90,Canoe,oc2stockmixmaster,2,3.995833333333333,63.4,0,3.19,2
2013,ADK90,Canoe,oc2ammaster,1,3.995833333333333,59.8,0.185,3.56,2
2012,ADK90,Canoe,open,NA,3.996111111111111,60.8,0.02,3.05,6
2013,ADK90,Canoe,oc4mix,15,3.996111111111111,59.8,0.185,3.56,4
2012,ADK90,Canoe,open,NA,3.9966666666666666,60.8,0.02,3.05,6
2009,ADK90,Canoe,open,NA,3.9966666666666666,63.8,0.028,3.28,6
2025,ADK90,Kayak,k1sportmaster,4,3.9970555555555554,59.2,0,2.97,1
2021,ADK90,Canoe,oc4stockmaster,3,3.997777777777778,68.4,0.028,3.04,4
2019,ADK90,Canoe,oc2stockmix,3,3.9980555555555557,59,0.02,3.67,2
2021,ADK90,Canoe,oc2stock,3,3.9980555555555557,68.4,0.028,3.04,2
2025,ADK90,Canoe,oc2stock,8,3.9984444444444445,59.2,0,2.97,2
2023,ADK90,Canoe,oc2stockveteran,1,3.9992777777777775,64.2,0.421,4.17,2
2019,ADK90,Guideboat,g2,1,3.9994444444444444,59,0.02,3.67,2
2010,ADK90,Canoe,oc2stockmaster,3,4,63.4,0,3.19,2
2012,ADK90,Canoe,oc2rec,4,4.0008333333333335,60.8,0.02,3.05,2
2013,ADK90,Canoe,oc1rec,3,4.0008333333333335,59.8,0.185,3.56,1
2017,ADK90,Canoe,oc1recveteran,1,4.001388888888889,56.9,0,4,1
2025,ADK90,Canoe,oc1stock,1,4.001555555555556,59.2,0,2.97,1
2014,ADK90,Canoe,open,NA,4.002777777777778,65,0,2.97,6
2021,ADK90,Canoe,oc2stockmixveterans,2,4.002777777777778,68.4,0.028,3.04,2
2008,ADK90,Kayak,k1women,7,4.003333333333333,63.5,0.268,3.46,1
2008,ADK90,Kayak,k2,6,4.004722222222222,63.5,0.268,3.46,2
2014,ADK90,Canoe,oc2amwomen,1,4.005,65,0,2.97,2
2018,ADK90,Canoe,open,NA,4.005,54.4,0,3.2,6
2023,ADK90,Canoe,oc2stockmixmaster,6,4.006777777777778,64.2,0.421,4.17,2
2013,ADK90,Canoe,oc2ammaster,2,4.0072222222222225,59.8,0.185,3.56,2
2012,ADK90,Canoe,oc4,7,4.0075,60.8,0.02,3.05,4
2011,ADK90,Canoe,oc2recmix,1,4.009166666666666,61.2,0,4.36,2
2017,ADK90,Canoe,oc1recmaster,2,4.009166666666666,56.9,0,4,1
2010,ADK90,Canoe,oc4mix,9,4.009722222222222,63.4,0,3.19,4
2022,ADK90,Canoe,oc4stocktournc,2,4.009777777777778,70.5,0,3.32,4
2019,ADK90,Canoe,oc2stockmaster,5,4.010277777777778,59,0.02,3.67,2
2009,ADK90,Canoe,oc2rec,4,4.010277777777778,63.8,0.028,3.28,2
2025,ADK90,Canoe,oc2stockmix,3,4.0104999999999995,59.2,0,2.97,2
2015,ADK90,Canoe,oc2rec,3,4.010555555555555,64.2,1.535,3.45,2
2023,ADK90,Canoe,oc2recgold,1,4.010666666666666,64.2,0.421,4.17,2
2019,ADK90,Canoe,oc4stock,6,4.011111111111111,59,0.02,3.67,4
2012,ADK90,Canoe,oc4mix,14,4.011111111111111,60.8,0.02,3.05,4
2013,ADK90,Guideboat,g2,3,4.011666666666667,59.8,0.185,3.56,2
2018,ADK90,Canoe,oc2ammix,1,4.011666666666667,54.4,0,3.2,2
2018,ADK90,Canoe,open,NA,4.0119444444444445,54.4,0,3.2,6
2008,ADK90,Canoe,open,NA,4.0125,63.5,0.268,3.46,6
2021,ADK90,Kayak,k1unlimited,2,4.013333333333334,68.4,0.028,3.04,1
2012,ADK90,Canoe,oc1am,1,4.0136111111111115,60.8,0.02,3.05,1
2011,ADK90,Canoe,oc2stockmix,4,4.0136111111111115,61.2,0,4.36,2
2017,ADK90,Canoe,open,NA,4.014166666666667,56.9,0,4,6
2021,ADK90,Kayak,k1unlimited,3,4.014166666666667,68.4,0.028,3.04,1
2009,ADK90,Canoe,open,NA,4.014444444444444,63.8,0.028,3.28,6
2023,ADK90,Canoe,oc4stock,10,4.014472222222222,64.2,0.421,4.17,4
2014,ADK90,Canoe,oc2rec,1,4.015833333333333,65,0,2.97,2
2018,ADK90,Canoe,oc4stockwomen,2,4.016388888888889,54.4,0,3.2,4
2023,ADK90,Canoe,oc2stockveteran,2,4.017194444444445,64.2,0.421,4.17,2
2015,ADK90,Canoe,oc2stockmaster,5,4.017222222222222,64.2,1.535,3.45,2
2019,ADK90,Canoe,oc2stockmix,4,4.0175,59,0.02,3.67,2
2022,ADK90,Canoe,oc2rectourmaster,1,4.0176944444444445,70.5,0,3.32,2
2012,ADK90,Canoe,open,NA,4.018055555555556,60.8,0.02,3.05,6
2023,ADK90,Canoe,oc3stockmix,1,4.018555555555555,64.2,0.421,4.17,3
2023,ADK90,Canoe,oc3stockmix,2,4.018833333333333,64.2,0.421,4.17,3
2014,ADK90,Canoe,oc2stockmaster,7,4.019166666666667,65,0,2.97,2
2014,ADK90,Canoe,open,NA,4.02,65,0,2.97,6
2017,ADK90,Canoe,open,NA,4.021388888888889,56.9,0,4,6
2025,ADK90,Canoe,oc2stock,9,4.022083333333334,59.2,0,2.97,2
2022,ADK90,Canoe,oc2stockopen,8,4.0223611111111115,70.5,0,3.32,2
2017,ADK90,Canoe,open,NA,4.022777777777778,56.9,0,4,6
2015,ADK90,Canoe,open,NA,4.024166666666667,64.2,1.535,3.45,6
2022,ADK90,Canoe,oc4stockmix,11,4.024527777777777,70.5,0,3.32,4
2022,ADK90,Canoe,oc2stockmix,2,4.024638888888889,70.5,0,3.32,2
2013,ADK90,Canoe,open,NA,4.025277777777778,59.8,0.185,3.56,6
2010,ADK90,Canoe,oc2stockmaster,5,4.025555555555556,63.4,0,3.19,2
2025,ADK90,Canoe,oc2openmix,1,4.025916666666666,59.2,0,2.97,2
2014,ADK90,Canoe,oc1rec,4,4.026388888888889,65,0,2.97,1
2009,ADK90,Canoe,open,NA,4.026944444444444,63.8,0.028,3.28,6
2022,ADK90,Canoe,oc2stockveteran,3,4.027,70.5,0,3.32,2
2025,ADK90,Canoe,oc4stockwomen,3,4.027888888888889,59.2,0,2.97,4
2012,ADK90,Canoe,open,NA,4.028611111111111,60.8,0.02,3.05,6
2011,ADK90,Canoe,open,NA,4.028611111111111,61.2,0,4.36,6
2014,ADK90,Canoe,open,NA,4.029166666666667,65,0,2.97,6
2017,ADK90,Canoe,oc1recmaster,3,4.029444444444445,56.9,0,4,1
2010,ADK90,Canoe,oc1rec,4,4.030555555555556,63.4,0,3.19,1
2009,ADK90,Canoe,oc2stock,8,4.030555555555556,63.8,0.028,3.28,2
2015,ADK90,Canoe,oc2ammix,2,4.030555555555556,64.2,1.535,3.45,2
2012,ADK90,Guideboat,g2,4,4.0313888888888885,60.8,0.02,3.05,2
2008,ADK90,Canoe,open,NA,4.032222222222222,63.5,0.268,3.46,6
2022,ADK90,Canoe,oc4stocktour,2,4.032472222222222,70.5,0,3.32,4
2010,ADK90,Canoe,oc4,10,4.032777777777778,63.4,0,3.19,4
2017,ADK90,Canoe,oc2rec,3,4.033055555555555,56.9,0,4,2
2014,ADK90,Canoe,open,NA,4.033888888888889,65,0,2.97,6
2025,ADK90,Kayak,k1open,3,4.034111111111111,59.2,0,2.97,1
2021,ADK90,Canoe,oc4stock,5,4.034722222222222,68.4,0.028,3.04,4
2021,ADK90,Canoe,oc2stockmaster,4,4.036388888888889,68.4,0.028,3.04,2
2013,ADK90,Canoe,open,NA,4.036944444444444,59.8,0.185,3.56,6
2022,ADK90,Canoe,oc4stockmix,14,4.037055555555556,70.5,0,3.32,4
2022,ADK90,Canoe,oc2stockopen,9,4.037472222222222,70.5,0,3.32,2
2008,ADK90,Canoe,oc2stock,9,4.039444444444444,63.5,0.268,3.46,2
2015,ADK90,Canoe,oc2family,1,4.039444444444444,64.2,1.535,3.45,2
2009,ADK90,Canoe,oc1rec,3,4.039722222222222,63.8,0.028,3.28,1
2008,ADK90,Canoe,oc2amwomen,1,4.039722222222222,63.5,0.268,3.46,2
2012,ADK90,Canoe,open,NA,4.0408333333333335,60.8,0.02,3.05,6
2021,ADK90,Kayak,k1tourveteran,1,4.041388888888889,68.4,0.028,3.04,1
2010,ADK90,Voyageur,voyageur,8,4.041666666666667,63.4,0,3.19,6
2021,ADK90,Canoe,oc4stock,6,4.0425,68.4,0.028,3.04,4
2010,ADK90,Canoe,open,NA,4.043611111111111,63.4,0,3.19,6
2010,ADK90,Canoe,oc4mix,10,4.044444444444444,63.4,0,3.19,4
2022,ADK90,Canoe,oc2stockopen,7,4.045805555555556,70.5,0,3.32,2
2011,ADK90,Canoe,open,NA,4.046111111111111,61.2,0,4.36,6
2022,ADK90,Canoe,oc1stockmaster,2,4.046166666666667,70.5,0,3.32,1
2017,ADK90,Canoe,open,NA,4.046666666666667,56.9,0,4,6
2017,ADK90,Guideboat,g2,1,4.046944444444445,56.9,0,4,2
2009,ADK90,Kayak,k1unlimted,7,4.048333333333333,63.8,0.028,3.28,1
2013,ADK90,Canoe,oc2stockmaster,6,4.049166666666666,59.8,0.185,3.56,2
2022,ADK90,Canoe,oc2stockmastertour,3,4.049277777777777,70.5,0,3.32,2
2012,ADK90,Canoe,oc4mix,16,4.050277777777778,60.8,0.02,3.05,4
2021,ADK90,SUP,solorecmaster,1,4.050833333333333,68.4,0.028,3.04,1
2014,ADK90,Canoe,oc1rec,5,4.051388888888889,65,0,2.97,1
2014,ADK90,Canoe,oc1rec,8,4.051388888888889,65,0,2.97,1
2022,ADK90,Guideboat,g1,1,4.052138888888889,70.5,0,3.32,1
2014,ADK90,Canoe,open,NA,4.0525,65,0,2.97,6
2012,ADK90,Canoe,open,NA,4.0525,60.8,0.02,3.05,6
2018,ADK90,Kayak,k1tour,5,4.053888888888889,54.4,0,3.2,1
2015,ADK90,Canoe,open,NA,4.053888888888889,64.2,1.535,3.45,6
2022,ADK90,Canoe,oc2stockmastertour,2,4.053944444444444,70.5,0,3.32,2
2023,ADK90,Guideboat,g1,1,4.054055555555555,64.2,0.421,4.17,1
2014,ADK90,Canoe,open,NA,4.055555555555555,65,0,2.97,6
2022,ADK90,Guideboat,g2,1,4.055750000000001,70.5,0,3.32,2
2023,ADK90,Canoe,oc3stockwomen,1,4.0560833333333335,64.2,0.421,4.17,3
2013,ADK90,Canoe,open,NA,4.056111111111111,59.8,0.185,3.56,6
2023,ADK90,Guideboat,g2,1,4.056333333333333,64.2,0.421,4.17,2
2018,ADK90,Canoe,open,NA,4.059166666666667,54.4,0,3.2,6
2022,ADK90,Canoe,oc4stockmix,12,4.059916666666667,70.5,0,3.32,4
2010,ADK90,Canoe,oc2stockmixmaster,4,4.060833333333333,63.4,0,3.19,2
2025,ADK90,Canoe,oc2stock,5,4.061,59.2,0,2.97,2
2012,ADK90,Canoe,oc1stock,3,4.0616666666666665,60.8,0.02,3.05,1
2013,ADK90,Guideboat,g2women,2,4.062777777777778,59.8,0.185,3.56,2
2025,ADK90,Canoe,oc1stock,2,4.062916666666666,59.2,0,2.97,1
2022,ADK90,Canoe,oc4stockmix,13,4.063194444444444,70.5,0,3.32,4
2010,ADK90,Canoe,oc2stockmixmaster,3,4.063611111111111,63.4,0,3.19,2
2015,ADK90,Guideboat,g1,1,4.065,64.2,1.535,3.45,1
2011,ADK90,Canoe,oc2stockmaster,8,4.065,61.2,0,4.36,2
2008,ADK90,Canoe,oc1stock,4,4.065277777777778,63.5,0.268,3.46,1
2022,ADK90,Canoe,oc2stockveteran,2,4.065333333333333,70.5,0,3.32,2
2014,ADK90,Canoe,open,NA,4.065833333333333,65,0,2.97,6
2013,ADK90,Canoe,open,NA,4.066944444444444,59.8,0.185,3.56,6
2015,ADK90,Canoe,open,NA,4.067777777777778,64.2,1.535,3.45,6
2021,ADK90,Canoe,oc2stockmixveterans,3,4.067777777777778,68.4,0.028,3.04,2
2010,ADK90,Canoe,oc4,9,4.068333333333333,63.4,0,3.19,4
2008,ADK90,Canoe,open,NA,4.069166666666667,63.5,0.268,3.46,6
2012,ADK90,Canoe,open,NA,4.07,60.8,0.02,3.05,6
2022,ADK90,Canoe,oc2rec,1,4.071472222222222,70.5,0,3.32,2
2012,ADK90,Canoe,open,NA,4.071944444444444,60.8,0.02,3.05,6
2017,ADK90,Canoe,oc2stocksuperveteran,1,4.072222222222222,56.9,0,4,2
2025,ADK90,Canoe,oc2stockmix,4,4.072611111111111,59.2,0,2.97,2
2015,ADK90,Canoe,open,NA,4.073055555555555,64.2,1.535,3.45,6
2018,ADK90,Canoe,open,NA,4.073333333333333,54.4,0,3.2,6
2015,ADK90,Canoe,oc2stockmixmaster,4,4.074166666666667,64.2,1.535,3.45,2
2008,ADK90,Canoe,open,NA,4.0744444444444445,63.5,0.268,3.46,6
2013,ADK90,Canoe,open,NA,4.074722222222222,59.8,0.185,3.56,6
2023,ADK90,Canoe,oc2stock,8,4.076805555555556,64.2,0.421,4.17,2
2023,ADK90,Kayak,k1master,7,4.077611111111111,64.2,0.421,4.17,1
2012,ADK90,Canoe,open,NA,4.0777777777777775,60.8,0.02,3.05,6
2012,ADK90,Canoe,open,NA,4.078055555555555,60.8,0.02,3.05,6
2014,ADK90,Canoe,open,NA,4.078055555555555,65,0,2.97,6
2018,ADK90,Canoe,open,NA,4.078055555555555,54.4,0,3.2,6
2010,ADK90,Canoe,open,NA,4.078333333333333,63.4,0,3.19,6
2017,ADK90,Canoe,oc1stockmaster,1,4.078888888888889,56.9,0,4,1
2021,ADK90,Canoe,oc4stock,7,4.079444444444444,68.4,0.028,3.04,4
2025,ADK90,Canoe,oc2openmix,2,4.080055555555556,59.2,0,2.97,2
2014,ADK90,Canoe,open,NA,4.080555555555556,65,0,2.97,6
2009,ADK90,Canoe,open,NA,4.080555555555556,63.8,0.028,3.28,6
2013,ADK90,Canoe,oc2stockveteran,3,4.081111111111111,59.8,0.185,3.56,2
2014,ADK90,Canoe,open,NA,4.081388888888889,65,0,2.97,6
2022,ADK90,Canoe,oc2stockmastertour,4,4.081638888888889,70.5,0,3.32,2
2009,ADK90,Canoe,oc2stock,9,4.081666666666667,63.8,0.028,3.28,2
2009,ADK90,Canoe,open,NA,4.081666666666667,63.8,0.028,3.28,6
2011,ADK90,Canoe,oc1stock,3,4.082222222222223,61.2,0,4.36,1
2021,ADK90,Kayak,k1tourveteran,2,4.083888888888889,68.4,0.028,3.04,1
2015,ADK90,Canoe,open,NA,4.084722222222222,64.2,1.535,3.45,6
2014,ADK90,Canoe,oc2ammix,2,4.085277777777778,65,0,2.97,2
2025,ADK90,Canoe,oc4stock,13,4.085666666666667,59.2,0,2.97,4
2014,ADK90,Canoe,open,NA,4.086111111111111,65,0,2.97,6
2012,ADK90,Guideboat,g1,1,4.086666666666667,60.8,0.02,3.05,1
2011,ADK90,Canoe,open,NA,4.086666666666667,61.2,0,4.36,6
2010,ADK90,Kayak,k1tour,5,4.0872222222222225,63.4,0,3.19,1
2008,ADK90,Canoe,oc4,9,4.0872222222222225,63.5,0.268,3.46,4
2013,ADK90,Canoe,open,NA,4.087777777777778,59.8,0.185,3.56,6
2014,ADK90,Canoe,open,NA,4.088055555555556,65,0,2.97,6
2017,ADK90,Canoe,open,NA,4.088888888888889,56.9,0,4,6
2011,ADK90,Canoe,oc2stockwomen,1,4.089166666666666,61.2,0,4.36,2
2011,ADK90,Canoe,open,NA,4.089166666666666,61.2,0,4.36,6
2012,ADK90,Canoe,oc2stock,10,4.089444444444444,60.8,0.02,3.05,2
2025,ADK90,Canoe,oc2stock,10,4.089944444444444,59.2,0,2.97,2
2019,ADK90,Kayak,k2,4,4.09,59,0.02,3.67,2
2015,ADK90,Canoe,open,NA,4.09,64.2,1.535,3.45,6
2010,ADK90,Guideboat,g2,1,4.09,63.4,0,3.19,2
2025,ADK90,Canoe,oc2stock,11,4.0905,59.2,0,2.97,2
2022,ADK90,Canoe,oc2stockmixmaster,4,4.090638888888889,70.5,0,3.32,2
2023,ADK90,Canoe,oc4stockgoldnc,3,4.090916666666667,64.2,0.421,4.17,4
2010,ADK90,Canoe,oc2stock,3,4.091666666666667,63.4,0,3.19,2
2023,ADK90,Canoe,oc4stockwomen,3,4.091694444444444,64.2,0.421,4.17,4
2021,ADK90,Canoe,oc2stock,4,4.092222222222222,68.4,0.028,3.04,2
2010,ADK90,Canoe,oc2stock,2,4.0936111111111115,63.4,0,3.19,2
2022,ADK90,Canoe,oc4stockmaster,3,4.094138888888889,70.5,0,3.32,4
2025,ADK90,Canoe,oc2stock,7,4.094694444444444,59.2,0,2.97,2
2015,ADK90,Kayak,k1tourmaster,4,4.094722222222222,64.2,1.535,3.45,1
2022,ADK90,Canoe,oc4stock,8,4.0953888888888885,70.5,0,3.32,4
2022,ADK90,Canoe,oc2jrsr,1,4.095944444444444,70.5,0,3.32,2
2014,ADK90,Guideboat,g2mix,1,4.096388888888889,65,0,2.97,2
2011,ADK90,Kayak,k1tour,2,4.0969444444444445,61.2,0,4.36,1
2014,ADK90,Kayak,k1tour,2,4.097222222222222,65,0,2.97,1
2017,ADK90,Canoe,open,NA,4.098333333333334,56.9,0,4,6
2023,ADK90,Canoe,oc2stockmixmaster,7,4.098861111111111,64.2,0.421,4.17,2
2017,ADK90,Kayak,k1tour,5,4.098888888888889,56.9,0,4,1
2015,ADK90,Canoe,open,NA,4.1002777777777775,64.2,1.535,3.45,6
2009,ADK90,Guideboat,g1,1,4.100555555555555,63.8,0.028,3.28,1
2010,ADK90,Canoe,oc2stockmaster,2,4.100833333333333,63.4,0,3.19,2
2018,ADK90,Canoe,open,NA,4.101111111111111,54.4,0,3.2,6
2013,ADK90,Kayak,k1tour,3,4.101111111111111,59.8,0.185,3.56,1
2014,ADK90,Canoe,open,NA,4.101388888888889,65,0,2.97,6
2008,ADK90,Canoe,open,NA,4.101944444444444,63.5,0.268,3.46,6
2014,ADK90,Canoe,open,NA,4.1025,65,0,2.97,6
2010,ADK90,Canoe,open,NA,4.104166666666667,63.4,0,3.19,6
2009,ADK90,Canoe,open,NA,4.104722222222223,63.8,0.028,3.28,6
2013,ADK90,Canoe,oc2stock,7,4.105,59.8,0.185,3.56,2
2010,ADK90,Kayak,k2mix,2,4.105277777777777,63.4,0,3.19,2
2011,ADK90,Canoe,open,NA,4.106388888888889,61.2,0,4.36,6
2010,ADK90,Canoe,oc2stockmixmaster,5,4.1066666666666665,63.4,0,3.19,2
2023,ADK90,Canoe,oc1stock,2,4.107166666666666,64.2,0.421,4.17,1
2012,ADK90,Canoe,open,NA,4.108333333333333,60.8,0.02,3.05,6
2022,ADK90,Canoe,oc2,NA,4.108388888888889,70.5,0,3.32,2
2011,ADK90,Canoe,oc2rec,5,4.108888888888889,61.2,0,4.36,2
2013,ADK90,Canoe,oc4women,3,4.109444444444445,59.8,0.185,3.56,4
2015,ADK90,Canoe,open,NA,4.1097222222222225,64.2,1.535,3.45,6
2011,ADK90,Canoe,open,NA,4.11,61.2,0,4.36,6
2013,ADK90,Canoe,open,NA,4.11,59.8,0.185,3.56,6
2012,ADK90,Canoe,open,NA,4.110277777777778,60.8,0.02,3.05,6
2023,ADK90,Canoe,oc4stocknc,1,4.111055555555556,64.2,0.421,4.17,4
2017,ADK90,Kayak,k1tour,4,4.1113888888888885,56.9,0,4,1
2009,ADK90,Canoe,oc2ammix,7,4.111944444444444,63.8,0.028,3.28,2
2017,ADK90,Canoe,open,NA,4.111944444444444,56.9,0,4,6
2009,ADK90,Kayak,k1tourmaster,4,4.111944444444444,63.8,0.028,3.28,1
2022,ADK90,Canoe,oc4stock,9,4.1120833333333335,70.5,0,3.32,4
2015,ADK90,Voyageur,voyageur,7,4.1125,64.2,1.535,3.45,6
2008,ADK90,Canoe,open,NA,4.1125,63.5,0.268,3.46,6
2023,ADK90,Canoe,oc4stockmix,13,4.114166666666667,64.2,0.421,4.17,4
2008,ADK90,Kayak,k1women,6,4.115,63.5,0.268,3.46,1
2012,ADK90,Canoe,oc2stockwomen,1,4.116666666666666,60.8,0.02,3.05,2
2014,ADK90,Voyageur,voyageur,6,4.1175,65,0,2.97,6
2014,ADK90,Voyageur,voyageur,7,4.1177777777777775,65,0,2.97,6
2014,ADK90,Canoe,open,NA,4.118055555555555,65,0,2.97,6
2011,ADK90,Canoe,oc1rec,3,4.119166666666667,61.2,0,4.36,1
2017,ADK90,Canoe,open,NA,4.119722222222222,56.9,0,4,6
2014,ADK90,Canoe,open,NA,4.120555555555556,65,0,2.97,6
2009,ADK90,Voyageur,voyageur,7,4.120833333333334,63.8,0.028,3.28,6
2015,ADK90,Canoe,open,NA,4.121388888888889,64.2,1.535,3.45,6
2025,ADK90,Canoe,oc2stocknc,3,4.121388888888889,59.2,0,2.97,2
2017,ADK90,Canoe,oc2stockmix,4,4.1225,56.9,0,4,2
2023,ADK90,Canoe,oc2stockgoldmixnc,1,4.123555555555555,64.2,0.421,4.17,2
2014,ADK90,Voyageur,voyageur,5,4.123611111111111,65,0,2.97,6
2019,ADK90,Kayak,k1tourmaster,4,4.124444444444444,59,0.02,3.67,1
2017,ADK90,Canoe,open,NA,4.124722222222222,56.9,0,4,6
2012,ADK90,Canoe,open,NA,4.125,60.8,0.02,3.05,6
2022,ADK90,Kayak,k1tournc,3,4.125305555555555,70.5,0,3.32,1
2010,ADK90,Canoe,open,NA,4.125555555555556,63.4,0,3.19,6
2023,ADK90,Canoe,oc3stockmixnc,1,4.1257222222222225,64.2,0.421,4.17,3
2018,ADK90,Kayak,k1unlimited,3,4.128055555555555,54.4,0,3.2,1
2015,ADK90,Canoe,oc1recveteran,1,4.128888888888889,64.2,1.535,3.45,1
2014,ADK90,Canoe,oc4mix,13,4.128888888888889,65,0,2.97,4
2015,ADK90,Canoe,oc1recmaster,3,4.129166666666666,64.2,1.535,3.45,1
2008,ADK90,Canoe,oc4mix,13,4.129722222222222,63.5,0.268,3.46,4
2015,ADK90,Canoe,open,NA,4.129722222222222,64.2,1.535,3.45,6
2015,ADK90,Canoe,open,NA,4.129722222222222,64.2,1.535,3.45,6
2021,ADK90,Canoe,oc4stockmix,12,4.130277777777778,68.4,0.028,3.04,4
2014,ADK90,Canoe,open,NA,4.131111111111111,65,0,2.97,6
2008,ADK90,Canoe,oc1rec,4,4.131111111111111,63.5,0.268,3.46,1
2012,ADK90,Canoe,oc1stockveteran,1,4.131111111111111,60.8,0.02,3.05,1
2011,ADK90,Canoe,oc1am,1,4.131388888888889,61.2,0,4.36,1
2021,ADK90,Canoe,oc4stockmix,13,4.1322222222222225,68.4,0.028,3.04,4
2011,ADK90,Canoe,open,NA,4.1322222222222225,61.2,0,4.36,6
2013,ADK90,Canoe,open,NA,4.1325,59.8,0.185,3.56,6
2011,ADK90,Canoe,oc1am,2,4.1325,61.2,0,4.36,1
2018,ADK90,Canoe,open,NA,4.132777777777778,54.4,0,3.2,6
2011,ADK90,Canoe,open,NA,4.133055555555556,61.2,0,4.36,6
2025,ADK90,Canoe,oc4stock,12,4.133166666666667,59.2,0,2.97,4
2013,ADK90,Canoe,oc1stock,1,4.1338888888888885,59.8,0.185,3.56,1
2012,ADK90,Guideboat,g1,2,4.1338888888888885,60.8,0.02,3.05,1
2013,ADK90,Canoe,oc2stock,6,4.135,59.8,0.185,3.56,2
2011,ADK90,Canoe,oc1am,3,4.135,61.2,0,4.36,1
2017,ADK90,Canoe,open,NA,4.135277777777778,56.9,0,4,6
2010,ADK90,Canoe,oc4mix,11,4.135555555555555,63.4,0,3.19,4
2014,ADK90,Canoe,oc1rec,6,4.136111111111111,65,0,2.97,1
2012,ADK90,Canoe,oc2stock,11,4.136666666666667,60.8,0.02,3.05,2
2018,ADK90,Canoe,oc4stockmix,7,4.136666666666667,54.4,0,3.2,4
2012,ADK90,Voyageur,voyageur,6,4.137777777777778,60.8,0.02,3.05,6
2017,ADK90,Canoe,open,NA,4.138333333333334,56.9,0,4,6
2013,ADK90,Canoe,oc2stockmix,2,4.1386111111111115,59.8,0.185,3.56,2
2019,ADK90,Canoe,oc4stock,7,4.138888888888889,59,0.02,3.67,4
2008,ADK90,Canoe,open,NA,4.138888888888889,63.5,0.268,3.46,6
2019,ADK90,Canoe,oc2rec,1,4.139444444444444,59,0.02,3.67,2
2009,ADK90,Canoe,open,NA,4.139722222222222,63.8,0.028,3.28,6
2009,ADK90,Canoe,oc2stockmaster,9,4.139722222222222,63.8,0.028,3.28,2
2015,ADK90,Canoe,oc2stockmaster,4,4.14,64.2,1.535,3.45,2
2013,ADK90,Guideboat,g1,2,4.144166666666667,59.8,0.185,3.56,1
2023,ADK90,Canoe,oc4stock,12,4.144388888888889,64.2,0.421,4.17,4
2010,ADK90,Canoe,oc2stockmaster,4,4.144444444444445,63.4,0,3.19,2
2014,ADK90,Canoe,oc4,13,4.145277777777777,65,0,2.97,4
2014,ADK90,Canoe,open,NA,4.147222222222222,65,0,2.97,6
2018,ADK90,Canoe,open,NA,4.147777777777778,54.4,0,3.2,6
2023,ADK90,Guideboat,g2mix,1,4.147861111111111,64.2,0.421,4.17,2
2013,ADK90,Canoe,open,NA,4.148055555555556,59.8,0.185,3.56,6
2023,ADK90,Canoe,oc2stock,11,4.148138888888889,64.2,0.421,4.17,2
2023,ADK90,Guideboat,g2nc,1,4.149333333333334,64.2,0.421,4.17,2
2013,ADK90,Canoe,open,NA,4.149444444444445,59.8,0.185,3.56,6
2017,ADK90,Canoe,open,NA,4.149444444444445,56.9,0,4,6
2019,ADK90,Guideboat,g1,2,4.149444444444445,59,0.02,3.67,1
2013,ADK90,Canoe,open,NA,4.151666666666666,59.8,0.185,3.56,6
2008,ADK90,Canoe,open,NA,4.152222222222222,63.5,0.268,3.46,6
2013,ADK90,Canoe,oc2rec,2,4.1525,59.8,0.185,3.56,2
2008,ADK90,Canoe,open,NA,4.153611111111111,63.5,0.268,3.46,6
2017,ADK90,Canoe,oc2stock,8,4.154444444444445,56.9,0,4,2
2015,ADK90,Canoe,oc4women,3,4.155,64.2,1.535,3.45,4
2018,ADK90,Canoe,open,NA,4.155833333333334,54.4,0,3.2,6
2023,ADK90,Canoe,oc2stockgoldmixnc,2,4.156194444444444,64.2,0.421,4.17,2
2023,ADK90,Canoe,oc2stockmaster,5,4.156333333333333,64.2,0.421,4.17,2
2025,ADK90,Canoe,oc2stock,12,4.156444444444444,59.2,0,2.97,2
2017,ADK90,Canoe,open,NA,4.158611111111111,56.9,0,4,6
2013,ADK90,Guideboat,g2women,1,4.159166666666667,59.8,0.185,3.56,2
2013,ADK90,Canoe,open,NA,4.1594444444444445,59.8,0.185,3.56,6
2009,ADK90,Canoe,open,NA,4.159722222222222,63.8,0.028,3.28,6
2018,ADK90,Canoe,open,NA,4.160555555555556,54.4,0,3.2,6
2011,ADK90,Canoe,open,NA,4.161666666666667,61.2,0,4.36,6
2008,ADK90,Canoe,oc1recveteran,1,4.1627777777777775,63.5,0.268,3.46,1
2023,ADK90,Canoe,oc4stockmix,14,4.1627777777777775,64.2,0.421,4.17,4
2009,ADK90,Canoe,oc2stockmix,7,4.164444444444444,63.8,0.028,3.28,2
2008,ADK90,Canoe,oc2rec,4,4.165277777777778,63.5,0.268,3.46,2
2013,ADK90,Canoe,open,NA,4.1658333333333335,59.8,0.185,3.56,6
2017,ADK90,Canoe,open,NA,4.166111111111111,56.9,0,4,6
2013,ADK90,Canoe,open,NA,4.166666666666667,59.8,0.185,3.56,6
2008,ADK90,Canoe,oc2stockwomen,2,4.167222222222223,63.5,0.268,3.46,2
2014,ADK90,Canoe,open,NA,4.1675,65,0,2.97,6
2019,ADK90,Canoe,oc4stock,8,4.168055555555555,59,0.02,3.67,4
2017,ADK90,Voyageur,voyageur,4,4.168333333333333,56.9,0,4,6
2013,ADK90,Voyageur,voyageur,6,4.168611111111111,59.8,0.185,3.56,6
2008,ADK90,Canoe,open,NA,4.1691666666666665,63.5,0.268,3.46,6
2017,ADK90,Canoe,open,NA,4.17,56.9,0,4,6
2022,ADK90,Kayak,k1unlimitedveteran,2,4.170055555555556,70.5,0,3.32,1
2023,ADK90,Canoe,oc2recmix,1,4.170138888888889,64.2,0.421,4.17,2
2012,ADK90,Canoe,open,NA,4.170555555555556,60.8,0.02,3.05,6
2018,ADK90,Canoe,oc4stockmix,8,4.170555555555556,54.4,0,3.2,4
2019,ADK90,Canoe,oc2stockmaster,4,4.171388888888889,59,0.02,3.67,2
2015,ADK90,Kayak,k2,1,4.171388888888889,64.2,1.535,3.45,2
2008,ADK90,Canoe,oc1rec,3,4.1722222222222225,63.5,0.268,3.46,1
2018,ADK90,Canoe,oc2stockmixmaster,2,4.172777777777778,54.4,0,3.2,2
2015,ADK90,Guideboat,g2mix,1,4.172777777777778,64.2,1.535,3.45,2
2015,ADK90,Canoe,open,NA,4.173055555555556,64.2,1.535,3.45,6
2009,ADK90,Canoe,open,NA,4.173333333333333,63.8,0.028,3.28,6
2014,ADK90,Canoe,oc1rec,7,4.173611111111111,65,0,2.97,1
2022,ADK90,Canoe,oc2stockmixmaster,5,4.173805555555556,70.5,0,3.32,2
2021,ADK90,Canoe,oc2stockmixmaster,2,4.174444444444444,68.4,0.028,3.04,2
2017,ADK90,Canoe,open,NA,4.174444444444444,56.9,0,4,6
2010,ADK90,Canoe,oc4mix,14,4.174722222222222,63.4,0,3.19,4
2013,ADK90,Canoe,oc2stockmix,3,4.1755555555555555,59.8,0.185,3.56,2
2011,ADK90,Canoe,open,NA,4.175833333333333,61.2,0,4.36,6
2025,ADK90,Canoe,oc4stocktour,1,4.175833333333333,59.2,0,2.97,4
2023,ADK90,Kayak,k1,1,4.17625,64.2,0.421,4.17,1
2008,ADK90,Canoe,open,NA,4.176666666666667,63.5,0.268,3.46,6
2014,ADK90,Canoe,oc1rec,9,4.177777777777778,65,0,2.97,1
2010,ADK90,Guideboat,g2,2,4.177777777777778,63.4,0,3.19,2
2021,ADK90,Canoe,oc4stockmaster,4,4.178055555555556,68.4,0.028,3.04,4
2025,ADK90,Canoe,oc2stockmixveteran,4,4.178861111111111,59.2,0,2.97,2
2025,ADK90,Canoe,oc1stock,3,4.180111111111111,59.2,0,2.97,1
2008,ADK90,Canoe,oc4mix,12,4.1802777777777775,63.5,0.268,3.46,4
2023,ADK90,Canoe,oc1stockmaster,3,4.1802777777777775,64.2,0.421,4.17,1
2010,ADK90,Canoe,open,NA,4.180833333333333,63.4,0,3.19,6
2009,ADK90,Canoe,open,NA,4.181111111111111,63.8,0.028,3.28,6
2011,ADK90,Canoe,oc1stock,4,4.1819444444444445,61.2,0,4.36,1
2009,ADK90,Canoe,open,NA,4.182222222222222,63.8,0.028,3.28,6
2008,ADK90,Canoe,open,NA,4.183333333333334,63.5,0.268,3.46,6
2022,ADK90,Kayak,k1tournc,2,4.184027777777778,70.5,0,3.32,1
2010,ADK90,Canoe,oc1rec,5,4.184444444444445,63.4,0,3.19,1
2022,ADK90,Canoe,oc2stocktour,1,4.184555555555556,70.5,0,3.32,2
2022,ADK90,Kayak,k2,3,4.184861111111111,70.5,0,3.32,2
2012,ADK90,Canoe,oc1rec,4,4.185,60.8,0.02,3.05,1
2021,ADK90,Guideboat,g2,1,4.185,68.4,0.028,3.04,2
2015,ADK90,Canoe,oc2stockmix,1,4.185277777777777,64.2,1.535,3.45,2
2011,ADK90,Canoe,open,NA,4.185555555555555,61.2,0,4.36,6
2023,ADK90,Kayak,k2,3,4.185722222222222,64.2,0.421,4.17,2
2015,ADK90,Canoe,open,NA,4.185833333333333,64.2,1.535,3.45,6
2008,ADK90,Canoe,open,NA,4.185833333333333,63.5,0.268,3.46,6
2022,ADK90,Canoe,oc2stockopen,12,4.187027777777778,70.5,0,3.32,2
2015,ADK90,Canoe,oc1stock,1,4.187222222222222,64.2,1.535,3.45,1
2014,ADK90,Canoe,oc2am,2,4.188055555555556,65,0,2.97,2
2011,ADK90,Canoe,open,NA,4.1883333333333335,61.2,0,4.36,6
2013,ADK90,Kayak,k1tourwomen,1,4.1883333333333335,59.8,0.185,3.56,1
2017,ADK90,Canoe,oc1recmaster,4,4.189166666666667,56.9,0,4,1
2014,ADK90,Canoe,open,NA,4.189166666666667,65,0,2.97,6
2009,ADK90,Canoe,oc1amveteran,1,4.190555555555555,63.8,0.028,3.28,1
2011,ADK90,Canoe,oc2stock,9,4.190555555555555,61.2,0,4.36,2
2021,ADK90,Canoe,oc2stockmixmaster,3,4.191388888888889,68.4,0.028,3.04,2
2025,ADK90,Canoe,oc4stocktour,2,4.1914444444444445,59.2,0,2.97,4
2017,ADK90,Canoe,open,NA,4.1930555555555555,56.9,0,4,6
2010,ADK90,Kayak,k2master,3,4.193333333333333,63.4,0,3.19,2
2025,ADK90,Canoe,oc2stockmaster,6,4.193972222222222,59.2,0,2.97,2
2025,ADK90,Canoe,oc2stockmaster,4,4.194777777777778,59.2,0,2.97,2
2014,ADK90,Canoe,open,NA,4.195,65,0,2.97,6
2012,ADK90,Canoe,open,NA,4.197222222222222,60.8,0.02,3.05,6
2010,ADK90,Canoe,open,NA,4.197222222222222,63.4,0,3.19,6
2017,ADK90,Canoe,open,NA,4.199166666666667,56.9,0,4,6
2017,ADK90,Kayak,k1tourveteran,3,4.199166666666667,56.9,0,4,1
2009,ADK90,Kayak,k2mix,4,4.201666666666667,63.8,0.028,3.28,2
2008,ADK90,Canoe,open,NA,4.2027777777777775,63.5,0.268,3.46,6
2013,ADK90,Canoe,open,NA,4.203611111111111,59.8,0.185,3.56,6
2009,ADK90,Kayak,k2women,3,4.204166666666667,63.8,0.028,3.28,2
2008,ADK90,Canoe,oc2recmix,1,4.204444444444444,63.5,0.268,3.46,2
2021,ADK90,Guideboat,g2,4,4.206111111111111,68.4,0.028,3.04,2
2012,ADK90,Canoe,open,NA,4.206388888888889,60.8,0.02,3.05,6
2018,ADK90,Canoe,open,NA,4.206944444444445,54.4,0,3.2,6
2009,ADK90,Guideboat,g2,3,4.207222222222223,63.8,0.028,3.28,2
2012,ADK90,Canoe,oc2stockmix,2,4.208055555555555,60.8,0.02,3.05,2
2010,ADK90,Canoe,oc2stock,4,4.208611111111111,63.4,0,3.19,2
2015,ADK90,Canoe,open,NA,4.208888888888889,64.2,1.535,3.45,6
2023,ADK90,Canoe,oc1stockmaster,4,4.208944444444445,64.2,0.421,4.17,1
2011,ADK90,Canoe,oc4women,3,4.2091666666666665,61.2,0,4.36,4
2023,ADK90,Canoe,oc2rec,1,4.209638888888889,64.2,0.421,4.17,2
2013,ADK90,Canoe,open,NA,4.209722222222222,59.8,0.185,3.56,6
2009,ADK90,Canoe,oc4mix,12,4.210555555555556,63.8,0.028,3.28,4
2008,ADK90,Canoe,open,NA,4.210833333333333,63.5,0.268,3.46,6
2025,ADK90,Canoe,oc2stock,13,4.211361111111111,59.2,0,2.97,2
2011,ADK90,Canoe,open,NA,4.211666666666667,61.2,0,4.36,6
2015,ADK90,Canoe,open,NA,4.213055555555556,64.2,1.535,3.45,6
2023,ADK90,Canoe,oc2stock,10,4.213305555555555,64.2,0.421,4.17,2
2025,ADK90,Canoe,oc2stock,14,4.213388888888889,59.2,0,2.97,2
2025,ADK90,Canoe,oc4stockmix,13,4.214222222222222,59.2,0,2.97,4
2009,ADK90,Canoe,open,NA,4.214722222222222,63.8,0.028,3.28,6
2025,ADK90,Canoe,oc4stockwomen,4,4.215111111111111,59.2,0,2.97,4
2009,ADK90,Canoe,oc2family,2,4.215277777777778,63.8,0.028,3.28,2
2015,ADK90,Canoe,open,NA,4.2155555555555555,64.2,1.535,3.45,6
2023,ADK90,Canoe,oc2stocknc,1,4.216027777777778,64.2,0.421,4.17,2
2018,ADK90,Canoe,open,NA,4.217222222222222,54.4,0,3.2,6
2009,ADK90,Canoe,oc1stock,4,4.217777777777778,63.8,0.028,3.28,1
2011,ADK90,Guideboat,g1,2,4.219166666666666,61.2,0,4.36,1
2022,ADK90,Canoe,oc2jrsr,2,4.219388888888889,70.5,0,3.32,2
2023,ADK90,Canoe,oc2stock,12,4.22,64.2,0.421,4.17,2
2021,ADK90,Canoe,oc4stockwomenmaster,4,4.22,68.4,0.028,3.04,4
2022,ADK90,Canoe,oc2stockveteran,4,4.220111111111111,70.5,0,3.32,2
2009,ADK90,Canoe,open,NA,4.221111111111111,63.8,0.028,3.28,6
2022,ADK90,Canoe,oc2stockmix,3,4.221666666666667,70.5,0,3.32,2
2011,ADK90,Canoe,open,NA,4.222222222222222,61.2,0,4.36,6
2019,ADK90,Canoe,oc2stockmaster,6,4.223055555555556,59,0.02,3.67,2
2015,ADK90,Voyageur,voyageur,8,4.223888888888889,64.2,1.535,3.45,6
2017,ADK90,Guideboat,g2,2,4.223888888888889,56.9,0,4,2
2017,ADK90,Canoe,oc1rec,2,4.223888888888889,56.9,0,4,1
2019,ADK90,Canoe,oc2ammix,2,4.224166666666667,59,0.02,3.67,2
2008,ADK90,Canoe,oc2ammixmaster,8,4.225,63.5,0.268,3.46,2
2013,ADK90,Canoe,open,NA,4.225555555555555,59.8,0.185,3.56,6
2009,ADK90,Canoe,open,NA,4.225833333333333,63.8,0.028,3.28,6
2022,ADK90,Canoe,oc2stocktour,2,4.2268888888888885,70.5,0,3.32,2
2012,ADK90,Guideboat,g2,5,4.229166666666667,60.8,0.02,3.05,2
2011,ADK90,Canoe,oc2family,2,4.229444444444445,61.2,0,4.36,2
2012,ADK90,Canoe,open,NA,4.229444444444445,60.8,0.02,3.05,6
2025,ADK90,Kayak,k2tournc,1,4.23,59.2,0,2.97,2
2013,ADK90,Canoe,open,NA,4.23,59.8,0.185,3.56,6
2009,ADK90,Canoe,oc2stockmaster,8,4.23,63.8,0.028,3.28,2
2023,ADK90,Kayak,k1veteran,2,4.2300555555555555,64.2,0.421,4.17,1
2012,ADK90,Canoe,oc1stock,4,4.2316666666666665,60.8,0.02,3.05,1
2012,ADK90,Canoe,open,NA,4.231944444444444,60.8,0.02,3.05,6
2012,ADK90,Canoe,open,NA,4.231944444444444,60.8,0.02,3.05,6
2017,ADK90,Canoe,open,NA,4.2325,56.9,0,4,6
2023,ADK90,Kayak,k1womennc,1,4.232611111111111,64.2,0.421,4.17,1
2022,ADK90,Canoe,oc4stockwomen,4,4.23325,70.5,0,3.32,4
2022,ADK90,Canoe,oc2stockopen,10,4.233444444444444,70.5,0,3.32,2
2009,ADK90,Canoe,open,NA,4.234444444444445,63.8,0.028,3.28,6
2021,ADK90,SUP,solorecveteran,1,4.235555555555556,68.4,0.028,3.04,1
2022,ADK90,Canoe,oc1stockveteran,1,4.236083333333333,70.5,0,3.32,1
2022,ADK90,Canoe,oc2stock,2,4.236583333333334,70.5,0,3.32,2
2015,ADK90,Kayak,k1tourmaster,8,4.236666666666666,64.2,1.535,3.45,1
2015,ADK90,Kayak,k1tourmaster,6,4.237222222222222,64.2,1.535,3.45,1
2023,ADK90,Canoe,oc4,3,4.237833333333334,64.2,0.421,4.17,4
2021,ADK90,Canoe,oc2stock,6,4.2380555555555555,68.4,0.028,3.04,2
2017,ADK90,Canoe,oc2rec,4,4.238333333333333,56.9,0,4,2
2011,ADK90,Canoe,oc4,8,4.238888888888889,61.2,0,4.36,4
2025,ADK90,Canoe,oc2stockmixveteran,5,4.239472222222222,59.2,0,2.97,2
2025,ADK90,Kayak,k1sportnc,1,4.239972222222222,59.2,0,2.97,1
2010,ADK90,Canoe,oc2ammix,5,4.24,63.4,0,3.19,2
2014,ADK90,Canoe,open,NA,4.240833333333334,65,0,2.97,6
2021,ADK90,Canoe,oc2,2,4.241388888888889,68.4,0.028,3.04,2
2015,ADK90,Canoe,open,NA,4.2425,64.2,1.535,3.45,6
2013,ADK90,Canoe,open,NA,4.2425,59.8,0.185,3.56,6
2009,ADK90,Canoe,open,NA,4.243611111111111,63.8,0.028,3.28,6
2018,ADK90,Kayak,k1tour,7,4.243888888888889,54.4,0,3.2,1
2015,ADK90,Canoe,open,NA,4.243888888888889,64.2,1.535,3.45,6
2011,ADK90,Canoe,open,NA,4.243888888888889,61.2,0,4.36,6
2021,ADK90,Canoe,oc2stock,9,4.244722222222222,68.4,0.028,3.04,2
2018,ADK90,Kayak,k2,2,4.245277777777778,54.4,0,3.2,2
2009,ADK90,Canoe,oc1rec,4,4.245833333333334,63.8,0.028,3.28,1
2023,ADK90,Canoe,oc4stockmix,16,4.246166666666667,64.2,0.421,4.17,4
2023,ADK90,Canoe,oc3stocknc,1,4.246305555555556,64.2,0.421,4.17,3
2012,ADK90,Canoe,oc1stock,5,4.246944444444445,60.8,0.02,3.05,1
2009,ADK90,Canoe,oc2stockmixmaster,10,4.2475,63.8,0.028,3.28,2
2019,ADK90,Canoe,oc1recmaster,1,4.247777777777777,59,0.02,3.67,1
2013,ADK90,Canoe,oc4,15,4.248611111111111,59.8,0.185,3.56,4
2017,ADK90,Guideboat,g1,2,4.2491666666666665,56.9,0,4,1
2010,ADK90,Canoe,oc4mix,12,4.250277777777778,63.4,0,3.19,4
2009,ADK90,Guideboat,g1,2,4.2508333333333335,63.8,0.028,3.28,1
2017,ADK90,Canoe,open,NA,4.252222222222223,56.9,0,4,6
2018,ADK90,Canoe,open,NA,4.252222222222223,54.4,0,3.2,6
2022,ADK90,Canoe,oc2stockmix,4,4.252944444444444,70.5,0,3.32,2
2010,ADK90,Canoe,open,NA,4.253055555555555,63.4,0,3.19,6
2023,ADK90,Canoe,oc1stockveteran,2,4.253416666666666,64.2,0.421,4.17,1
2009,ADK90,Canoe,oc2stockmaster,10,4.254722222222222,63.8,0.028,3.28,2
2021,ADK90,Canoe,oc2stock,7,4.255,68.4,0.028,3.04,2
2022,ADK90,Guideboat,g2master,1,4.255888888888889,70.5,0,3.32,2
2011,ADK90,Canoe,open,NA,4.256111111111111,61.2,0,4.36,6
2013,ADK90,Guideboat,g2,4,4.256388888888889,59.8,0.185,3.56,2
2009,ADK90,Canoe,open,NA,4.256944444444445,63.8,0.028,3.28,6
2012,ADK90,Canoe,open,NA,4.258611111111111,60.8,0.02,3.05,6
2011,ADK90,Guideboat,g2,4,4.259166666666666,61.2,0,4.36,2
2011,ADK90,Guideboat,g2,5,4.259722222222222,61.2,0,4.36,2
2011,ADK90,Canoe,oc2recmix,2,4.259722222222222,61.2,0,4.36,2
2011,ADK90,Canoe,oc2rec,6,4.260555555555555,61.2,0,4.36,2
2008,ADK90,Canoe,oc2stockmixmaster,5,4.261111111111111,63.5,0.268,3.46,2
2014,ADK90,Canoe,open,NA,4.262222222222222,65,0,2.97,6
2023,ADK90,Canoe,oc2stockwomen,2,4.262222222222222,64.2,0.421,4.17,2
2022,ADK90,Canoe,oc2stocktour,3,4.262972222222222,70.5,0,3.32,2
2014,ADK90,Canoe,open,NA,4.265,65,0,2.97,6
2021,ADK90,Canoe,oc4stockmixmaster,5,4.2652777777777775,68.4,0.028,3.04,4
2017,ADK90,Canoe,open,NA,4.265833333333333,56.9,0,4,6
2019,ADK90,Guideboat,g2mix,1,4.266111111111111,59,0.02,3.67,2
2023,ADK90,Canoe,oc2stockmix,5,4.266944444444444,64.2,0.421,4.17,2
2017,ADK90,Canoe,open,NA,4.267222222222222,56.9,0,4,6
2025,ADK90,Canoe,oc2stockmix,5,4.268583333333333,59.2,0,2.97,2
2017,ADK90,Canoe,open,NA,4.268888888888889,56.9,0,4,6
2025,ADK90,Canoe,oc2stocktour,2,4.269527777777777,59.2,0,2.97,2
2023,ADK90,Canoe,oc2stockmix,4,4.270277777777777,64.2,0.421,4.17,2
2023,ADK90,Canoe,oc2stock,13,4.2716666666666665,64.2,0.421,4.17,2
2025,ADK90,Canoe,oc4stock,16,4.2724722222222224,59.2,0,2.97,4
2025,ADK90,Guideboat,g1,1,4.273055555555556,59.2,0,2.97,1
2014,ADK90,Canoe,open,NA,4.273333333333333,65,0,2.97,6
2025,ADK90,Canoe,oc2stocktour,1,4.276583333333334,59.2,0,2.97,2
2014,ADK90,Canoe,oc1stockmaster,3,4.276666666666666,65,0,2.97,1
2019,ADK90,Canoe,oc2stockmix,5,4.277222222222222,59,0.02,3.67,2
2008,ADK90,Canoe,open,NA,4.277777777777778,63.5,0.268,3.46,6
2019,ADK90,Canoe,oc2stockveteran,4,4.278333333333333,59,0.02,3.67,2
2023,ADK90,Guideboat,g2,2,4.280222222222222,64.2,0.421,4.17,2
2018,ADK90,Canoe,open,NA,4.280277777777778,54.4,0,3.2,6
2010,ADK90,Kayak,k1tour,4,4.280277777777778,63.4,0,3.19,1
2014,ADK90,Canoe,open,NA,4.280833333333334,65,0,2.97,6
2025,ADK90,Guideboat,g2mixmaster,1,4.281638888888889,59.2,0,2.97,2
2010,ADK90,Canoe,oc2stock,6,4.281666666666666,63.4,0,3.19,2
2011,ADK90,Canoe,open,NA,4.281666666666666,61.2,0,4.36,6
2008,ADK90,Guideboat,g2,6,4.281666666666666,63.5,0.268,3.46,2
2013,ADK90,Canoe,open,NA,4.282777777777778,59.8,0.185,3.56,6
2025,ADK90,Canoe,oc4stockmix,12,4.2836388888888886,59.2,0,2.97,4
2008,ADK90,Canoe,open,NA,4.284166666666667,63.5,0.268,3.46,6
2025,ADK90,Canoe,oc3stockmix,4,4.284944444444444,59.2,0,2.97,3
2025,ADK90,Canoe,oc2rec,1,4.285,59.2,0,2.97,2
2013,ADK90,Canoe,open,NA,4.285,59.8,0.185,3.56,6
2011,ADK90,Canoe,oc1rec,4,4.285,61.2,0,4.36,1
2010,ADK90,Canoe,oc2ammix,4,4.285833333333334,63.4,0,3.19,2
2015,ADK90,Kayak,k1tourmaster,7,4.286388888888889,64.2,1.535,3.45,1
2008,ADK90,Canoe,oc1stock,5,4.286388888888889,63.5,0.268,3.46,1
2025,ADK90,Canoe,oc2stockmix,6,4.2869166666666665,59.2,0,2.97,2
2018,ADK90,Canoe,open,NA,4.286944444444444,54.4,0,3.2,6
2012,ADK90,Canoe,open,NA,4.286944444444444,60.8,0.02,3.05,6
2009,ADK90,Canoe,oc2recmix,3,4.2877777777777775,63.8,0.028,3.28,2
2014,ADK90,Canoe,oc2stock,8,4.288333333333333,65,0,2.97,2
2019,ADK90,Canoe,oc2stockveteran,3,4.288888888888889,59,0.02,3.67,2
2011,ADK90,Canoe,open,NA,4.29,61.2,0,4.36,6
2025,ADK90,Canoe,oc4stockmix,14,4.290611111111112,59.2,0,2.97,4
2023,ADK90,Canoe,oc2stock,14,4.290972222222222,64.2,0.421,4.17,2
2009,ADK90,Canoe,open,NA,4.291111111111111,63.8,0.028,3.28,6
2017,ADK90,Canoe,oc1stockveteran,1,4.291388888888889,56.9,0,4,1
2017,ADK90,Canoe,oc1recwomen,1,4.291666666666667,56.9,0,4,1
2014,ADK90,Canoe,oc2ammix,3,4.2925,65,0,2.97,2
2014,ADK90,Canoe,open,NA,4.2925,65,0,2.97,6
2023,ADK90,Canoe,oc3stocknc,2,4.292694444444445,64.2,0.421,4.17,3
2021,ADK90,SUP,solorecveteran,2,4.292777777777777,68.4,0.028,3.04,1
2021,ADK90,SUP,solorec,2,4.293333333333333,68.4,0.028,3.04,1
2018,ADK90,Canoe,oc4stockmix,9,4.293333333333333,54.4,0,3.2,4
2017,ADK90,Kayak,k1unlimitedwomen,1,4.2941666666666665,56.9,0,4,1
2025,ADK90,Canoe,oc2stock,17,4.294583333333334,59.2,0,2.97,2
2008,ADK90,Canoe,oc1rec,5,4.294722222222222,63.5,0.268,3.46,1
2025,ADK90,Canoe,oc2stock,16,4.296083333333333,59.2,0,2.97,2
2010,ADK90,Canoe,oc2stockmix,1,4.296666666666667,63.4,0,3.19,2
2015,ADK90,Kayak,k1unlimited,3,4.2975,64.2,1.535,3.45,1
2010,ADK90,Kayak,k2women,1,4.297777777777778,63.4,0,3.19,2
2014,ADK90,Kayak,k1tourmaster,3,4.298333333333333,65,0,2.97,1
2010,ADK90,Canoe,open,NA,4.2988888888888885,63.4,0,3.19,6
2010,ADK90,Canoe,oc2rec,1,4.299166666666666,63.4,0,3.19,2
2025,ADK90,Canoe,oc2stockmaster,8,4.300055555555556,59.2,0,2.97,2
2022,ADK90,Canoe,oc1stock,1,4.300111111111111,70.5,0,3.32,1
2022,ADK90,Canoe,oc2recjrsr,1,4.300611111111111,70.5,0,3.32,2
2018,ADK90,Canoe,oc2rec,1,4.301111111111111,54.4,0,3.2,2
2025,ADK90,Canoe,oc4stocknc,3,4.301555555555556,59.2,0,2.97,4
2015,ADK90,Canoe,open,NA,4.301666666666667,64.2,1.535,3.45,6
2009,ADK90,Canoe,open,NA,4.302222222222222,63.8,0.028,3.28,6
2023,ADK90,Kayak,k1veteran,3,4.303361111111111,64.2,0.421,4.17,1
2023,ADK90,Canoe,oc2stockwomen,1,4.30375,64.2,0.421,4.17,2
2025,ADK90,Kayak,k2tournc,2,4.306138888888889,59.2,0,2.97,2
2021,ADK90,Canoe,oc2stockveteran,1,4.308333333333334,68.4,0.028,3.04,2
2025,ADK90,Canoe,oc2stockmaster,7,4.308611111111111,59.2,0,2.97,2
2013,ADK90,Canoe,open,NA,4.308611111111111,59.8,0.185,3.56,6
2010,ADK90,Kayak,k2women,2,4.308888888888889,63.4,0,3.19,2
2025,ADK90,Kayak,k2goldnc,1,4.309972222222222,59.2,0,2.97,2
2021,ADK90,Canoe,oc2stockmaster,7,4.31,68.4,0.028,3.04,2
2014,ADK90,Canoe,open,NA,4.310277777777777,65,0,2.97,6
2011,ADK90,Guideboat,g2,6,4.310833333333333,61.2,0,4.36,2
2008,ADK90,Guideboat,g2mix,1,4.311111111111111,63.5,0.268,3.46,2
2009,ADK90,Canoe,open,NA,4.311388888888889,63.8,0.028,3.28,6
2012,ADK90,Canoe,oc4mix,17,4.3116666666666665,60.8,0.02,3.05,4
2009,ADK90,Canoe,oc2recmix,2,4.312777777777778,63.8,0.028,3.28,2
2017,ADK90,Canoe,oc2ammix,3,4.312777777777778,56.9,0,4,2
2023,ADK90,Canoe,oc2rec,2,4.3132222222222225,64.2,0.421,4.17,2
2010,ADK90,Guideboat,g2,3,4.313888888888889,63.4,0,3.19,2
2015,ADK90,Canoe,open,NA,4.314166666666667,64.2,1.535,3.45,6
2018,ADK90,Canoe,open,NA,4.314722222222223,54.4,0,3.2,6
2013,ADK90,Canoe,open,NA,4.315277777777778,59.8,0.185,3.56,6
2012,ADK90,Canoe,oc2familt,1,4.315555555555555,60.8,0.02,3.05,2
2010,ADK90,Canoe,oc2stockmixveteran,1,4.316388888888889,63.4,0,3.19,2
2021,ADK90,SUP,solorecveteran,3,4.317222222222222,68.4,0.028,3.04,1
2022,ADK90,Canoe,oc2stockmixmaster,6,4.317694444444444,70.5,0,3.32,2
2013,ADK90,Canoe,open,NA,4.317777777777778,59.8,0.185,3.56,6
2021,ADK90,Canoe,oc4stockmix,14,4.3180555555555555,68.4,0.028,3.04,4
2018,ADK90,Canoe,oc2ammix,2,4.319166666666667,54.4,0,3.2,2
2018,ADK90,Canoe,open,NA,4.319444444444445,54.4,0,3.2,6
2017,ADK90,Guideboat,g2,3,4.3197222222222225,56.9,0,4,2
2017,ADK90,Canoe,oc2stockmix,5,4.320277777777778,56.9,0,4,2
2017,ADK90,Canoe,oc2stockmix,6,4.3213888888888885,56.9,0,4,2
2014,ADK90,Canoe,oc1stockveteran,2,4.321944444444444,65,0,2.97,1
2023,ADK90,Canoe,oc4stockmix,15,4.322527777777778,64.2,0.421,4.17,4
2010,ADK90,Guideboat,g2,5,4.322777777777778,63.4,0,3.19,2
2011,ADK90,Canoe,open,NA,4.323055555555555,61.2,0,4.36,6
2008,ADK90,Canoe,open,NA,4.323333333333333,63.5,0.268,3.46,6
2010,ADK90,Canoe,oc2stockmixmaster,6,4.323611111111111,63.4,0,3.19,2
2025,ADK90,Canoe,oc4stock,14,4.324694444444444,59.2,0,2.97,4
2012,ADK90,Canoe,open,NA,4.324722222222222,60.8,0.02,3.05,6
2025,ADK90,Guideboat,g2,1,4.325638888888888,59.2,0,2.97,2
2012,ADK90,Canoe,open,NA,4.325833333333334,60.8,0.02,3.05,6
2023,ADK90,Canoe,oc4stockwomen,4,4.326611111111111,64.2,0.421,4.17,4
2017,ADK90,Canoe,oc1stockmaster,2,4.326666666666667,56.9,0,4,1
2015,ADK90,Canoe,oc2rec,4,4.326944444444444,64.2,1.535,3.45,2
2011,ADK90,Canoe,open,NA,4.326944444444444,61.2,0,4.36,6
2012,ADK90,Canoe,oc4women,3,4.326944444444444,60.8,0.02,3.05,4
2018,ADK90,Canoe,oc1recmaster,2,4.3275,54.4,0,3.2,1
2017,ADK90,Guideboat,g2mix,1,4.328055555555555,56.9,0,4,2
2013,ADK90,Canoe,oc2stockmixmaster,3,4.328611111111111,59.8,0.185,3.56,2
2019,ADK90,Canoe,oc2stockmix,6,4.328611111111111,59,0.02,3.67,2
2014,ADK90,Canoe,open,NA,4.328888888888889,65,0,2.97,6
2014,ADK90,Canoe,oc1recwomen,1,4.329722222222222,65,0,2.97,1
2018,ADK90,Canoe,oc2stockmix,3,4.329722222222222,54.4,0,3.2,2
2017,ADK90,Canoe,open,NA,4.3308333333333335,56.9,0,4,6
2011,ADK90,Canoe,oc2stockmixveteran,3,4.331111111111111,61.2,0,4.36,2
2010,ADK90,Canoe,oc2ammaster,5,4.331388888888889,63.4,0,3.19,2
2008,ADK90,Canoe,oc2recmix,2,4.331944444444445,63.5,0.268,3.46,2
2012,ADK90,Canoe,oc1rec,3,4.331944444444445,60.8,0.02,3.05,1
2017,ADK90,Canoe,open,NA,4.3325,56.9,0,4,6
2018,ADK90,Canoe,open,NA,4.332777777777777,54.4,0,3.2,6
2018,ADK90,Canoe,open,NA,4.335833333333333,54.4,0,3.2,6
2009,ADK90,Guideboat,g2,5,4.336111111111111,63.8,0.028,3.28,2
2014,ADK90,Canoe,open,NA,4.336111111111111,65,0,2.97,6
2014,ADK90,Canoe,oc1stock,1,4.336111111111111,65,0,2.97,1
2018,ADK90,Kayak,k1tour,6,4.336666666666667,54.4,0,3.2,1
2018,ADK90,Canoe,open,NA,4.336666666666667,54.4,0,3.2,6
2014,ADK90,Canoe,open,NA,4.336666666666667,65,0,2.97,6
2009,ADK90,Canoe,oc2stockwomen,3,4.3372222222222225,63.8,0.028,3.28,2
2011,ADK90,Canoe,oc1stock,5,4.3375,61.2,0,4.36,1
2011,ADK90,Canoe,open,NA,4.3375,61.2,0,4.36,6
2012,ADK90,Guideboat,g2,7,4.338055555555556,60.8,0.02,3.05,2
2017,ADK90,Canoe,oc1recveteran,2,4.338333333333333,56.9,0,4,1
2021,ADK90,Canoe,oc2stock,8,4.339166666666666,68.4,0.028,3.04,2
2013,ADK90,Canoe,open,NA,4.339444444444444,59.8,0.185,3.56,6
2017,ADK90,Canoe,open,NA,4.34,56.9,0,4,6
2021,ADK90,SUP,solorecmaster,2,4.341666666666667,68.4,0.028,3.04,1
2022,ADK90,Canoe,oc4stock,11,4.342055555555556,70.5,0,3.32,4
2021,ADK90,Kayak,k1tourmaster,2,4.3425,68.4,0.028,3.04,1
2008,ADK90,Canoe,open,NA,4.342777777777778,63.5,0.268,3.46,6
2008,ADK90,Canoe,open,NA,4.343055555555556,63.5,0.268,3.46,6
2023,ADK90,Canoe,oc2mix,1,4.343416666666666,64.2,0.421,4.17,2
2025,ADK90,Canoe,oc2stockmix,8,4.343638888888889,59.2,0,2.97,2
2010,ADK90,Canoe,oc2stockmix,2,4.345555555555555,63.4,0,3.19,2
2012,ADK90,Canoe,oc1rec,7,4.346666666666667,60.8,0.02,3.05,1
2018,ADK90,Canoe,oc1recmaster,1,4.3475,54.4,0,3.2,1
2023,ADK90,Kayak,k2mix,3,4.349666666666667,64.2,0.421,4.17,2
2025,ADK90,Canoe,oc2stocktour,4,4.349666666666667,59.2,0,2.97,2
2018,ADK90,Canoe,open,NA,4.35,54.4,0,3.2,6
2010,ADK90,Canoe,oc2ammaster,3,4.351111111111111,63.4,0,3.19,2
2025,ADK90,Canoe,oc2stocktour,2,4.351444444444445,59.2,0,2.97,2
2023,ADK90,Canoe,oc2rec,3,4.351638888888889,64.2,0.421,4.17,2
2022,ADK90,Canoe,oc2stockopen,13,4.352194444444445,70.5,0,3.32,2
2009,ADK90,Canoe,open,NA,4.3525,63.8,0.028,3.28,6
2014,ADK90,Canoe,open,NA,4.352777777777778,65,0,2.97,6
2021,ADK90,Guideboat,g1,1,4.352777777777778,68.4,0.028,3.04,1
2022,ADK90,Canoe,oc2recjrsr,2,4.352888888888889,70.5,0,3.32,2
2023,ADK90,Guideboat,g2nc,2,4.353361111111111,64.2,0.421,4.17,2
2009,ADK90,Canoe,oc1rec,5,4.355,63.8,0.028,3.28,1
2010,ADK90,Canoe,oc2stockmaster,7,4.355833333333333,63.4,0,3.19,2
2015,ADK90,Canoe,oc1rec,2,4.357222222222222,64.2,1.535,3.45,1
2023,ADK90,Canoe,oc4stockmix,18,4.3573055555555555,64.2,0.421,4.17,4
2009,ADK90,Voyageur,voyageur,8,4.3575,63.8,0.028,3.28,6
2010,ADK90,Canoe,oc2stock,5,4.357777777777778,63.4,0,3.19,2
2013,ADK90,Guideboat,g1,3,4.358611111111111,59.8,0.185,3.56,1
2018,ADK90,Canoe,open,NA,4.358888888888889,54.4,0,3.2,6
2023,ADK90,Guideboat,g2,4,4.359083333333333,64.2,0.421,4.17,2
2013,ADK90,Canoe,oc2stockwomen,1,4.3597222222222225,59.8,0.185,3.56,2
2013,ADK90,Canoe,oc1recwomen,2,4.360833333333333,59.8,0.185,3.56,1
2012,ADK90,Canoe,open,NA,4.360833333333333,60.8,0.02,3.05,6
2011,ADK90,Canoe,open,NA,4.360833333333333,61.2,0,4.36,6
2022,ADK90,Canoe,oc2stockmix,5,4.362111111111111,70.5,0,3.32,2
2008,ADK90,Canoe,open,NA,4.362222222222222,63.5,0.268,3.46,6
2025,ADK90,Canoe,oc2stock,15,4.363888888888889,59.2,0,2.97,2
2014,ADK90,Canoe,oc1stockwomen,1,4.364166666666667,65,0,2.97,1
2022,ADK90,Canoe,oc4stockmix,15,4.3646666666666665,70.5,0,3.32,4
2022,ADK90,Guideboat,g2mix,3,4.365055555555556,70.5,0,3.32,2
2014,ADK90,Guideboat,g2,1,4.365555555555556,65,0,2.97,2
2025,ADK90,Canoe,oc4stockwomen,6,4.366444444444444,59.2,0,2.97,4
2025,ADK90,Canoe,oc1open,3,4.3665,59.2,0,2.97,1
2008,ADK90,Canoe,open,NA,4.366666666666666,63.5,0.268,3.46,6
2023,ADK90,Canoe,oc2stockmix,7,4.366833333333333,64.2,0.421,4.17,2
2025,ADK90,Canoe,oc4stocktour,4,4.3670277777777775,59.2,0,2.97,4
2014,ADK90,Canoe,oc1stock,2,4.367222222222222,65,0,2.97,1
2014,ADK90,Canoe,oc1stock,3,4.3675,65,0,2.97,1
2025,ADK90,Canoe,oc1open,2,4.367666666666667,59.2,0,2.97,1
2009,ADK90,Guideboat,g2,4,4.3677777777777775,63.8,0.028,3.28,2
2014,ADK90,Canoe,oc1stock,4,4.3677777777777775,65,0,2.97,1
2009,ADK90,Canoe,oc2stock,10,4.3677777777777775,63.8,0.028,3.28,2
2022,ADK90,Canoe,oc1stockveteran,2,4.368055555555555,70.5,0,3.32,1
2014,ADK90,Canoe,oc1stockmaster,2,4.368055555555555,65,0,2.97,1
2012,ADK90,Canoe,oc1rec,6,4.369166666666667,60.8,0.02,3.05,1
2025,ADK90,Canoe,oc2stockveteran,1,4.3693888888888885,59.2,0,2.97,2
2021,ADK90,SUP,solorecwomenmaster,1,4.37,68.4,0.028,3.04,1
2012,ADK90,Guideboat,g1,3,4.371111111111111,60.8,0.02,3.05,1
2025,ADK90,Canoe,oc2stocknc,4,4.3725,59.2,0,2.97,2
2021,ADK90,SUP,solorec,3,4.373888888888889,68.4,0.028,3.04,1
2012,ADK90,Canoe,open,NA,4.3741666666666665,60.8,0.02,3.05,6
2014,ADK90,Canoe,oc1rec,10,4.3741666666666665,65,0,2.97,1
2008,ADK90,Guideboat,g2,7,4.3741666666666665,63.5,0.268,3.46,2
2022,ADK90,Canoe,oc2,4,4.3742222222222225,70.5,0,3.32,2
2018,ADK90,Guideboat,g1,1,4.376111111111111,54.4,0,3.2,1
2015,ADK90,Canoe,open,NA,4.377222222222223,64.2,1.535,3.45,6
2018,ADK90,Canoe,open,NA,4.3775,54.4,0,3.2,6
2012,ADK90,Guideboat,g2,6,4.378888888888889,60.8,0.02,3.05,2
2018,ADK90,Canoe,oc2stockmaster,4,4.378888888888889,54.4,0,3.2,2
2025,ADK90,Guideboat,g2,2,4.380472222222222,59.2,0,2.97,2
2023,ADK90,Canoe,oc2recmaster,2,4.3805555555555555,64.2,0.421,4.17,2
2012,ADK90,Canoe,open,NA,4.3805555555555555,60.8,0.02,3.05,6
2013,ADK90,Canoe,open,NA,4.381666666666667,59.8,0.185,3.56,6
2015,ADK90,Canoe,opensuperveteran,1,4.381944444444445,64.2,1.535,3.45,6
2009,ADK90,Canoe,open,NA,4.383055555555556,63.8,0.028,3.28,6
2008,ADK90,Canoe,oc2recwomen,1,4.383333333333334,63.5,0.268,3.46,2
2015,ADK90,Canoe,open,NA,4.384722222222222,64.2,1.535,3.45,6
2021,ADK90,Canoe,oc4stock,9,4.384722222222222,68.4,0.028,3.04,4
2025,ADK90,Canoe,oc2stockmaster,5,4.384888888888889,59.2,0,2.97,2
2012,ADK90,Canoe,open,NA,4.385555555555555,60.8,0.02,3.05,6
2018,ADK90,Canoe,open,NA,4.386666666666667,54.4,0,3.2,6
2010,ADK90,Canoe,open,NA,4.387222222222222,63.4,0,3.19,6
2015,ADK90,Canoe,oc1stock,2,4.387222222222222,64.2,1.535,3.45,1
2009,ADK90,Canoe,open,NA,4.387777777777778,63.8,0.028,3.28,6
2009,ADK90,Canoe,open,NA,4.388055555555556,63.8,0.028,3.28,6
2011,ADK90,Canoe,open,NA,4.388333333333334,61.2,0,4.36,6
2010,ADK90,Canoe,oc2stockmix,5,4.389166666666667,63.4,0,3.19,2
2009,ADK90,Canoe,open,NA,4.389722222222222,63.8,0.028,3.28,6
2013,ADK90,Canoe,open,NA,4.39,59.8,0.185,3.56,6
2009,ADK90,Canoe,open,NA,4.3902777777777775,63.8,0.028,3.28,6
2009,ADK90,Canoe,open,NA,4.390555555555555,63.8,0.028,3.28,6
2009,ADK90,Canoe,open,NA,4.390833333333333,63.8,0.028,3.28,6
2010,ADK90,Canoe,open,NA,4.392222222222222,63.4,0,3.19,6
2011,ADK90,Canoe,oc2recmix,3,4.393055555555556,61.2,0,4.36,2
2011,ADK90,Canoe,open,NA,4.393611111111111,61.2,0,4.36,6
2008,ADK90,Canoe,open,NA,4.393888888888889,63.5,0.268,3.46,6
2022,ADK90,Canoe,oc2,3,4.393944444444444,70.5,0,3.32,2
2013,ADK90,Canoe,opensuperveteran,1,4.394722222222223,59.8,0.185,3.56,6
2013,ADK90,Canoe,open,NA,4.395,59.8,0.185,3.56,6
2015,ADK90,Canoe,open,NA,4.3966666666666665,64.2,1.535,3.45,6
2022,ADK90,Canoe,oc2stocktour,5,4.397,70.5,0,3.32,2
2022,ADK90,Canoe,oc2rectour,3,4.397972222222222,70.5,0,3.32,2
2017,ADK90,Canoe,open,NA,4.398055555555556,56.9,0,4,6
2023,ADK90,Canoe,oc2stockmix,6,4.398611111111111,64.2,0.421,4.17,2
2025,ADK90,Kayak,k1sportveteran,1,4.3991388888888885,59.2,0,2.97,1
2023,ADK90,Canoe,oc4stockwomen,5,4.400527777777778,64.2,0.421,4.17,4
2010,ADK90,Canoe,oc2stockmixveteran,2,4.400555555555556,63.4,0,3.19,2
2023,ADK90,Canoe,oc2stockmaster,6,4.40075,64.2,0.421,4.17,2
2013,ADK90,Canoe,oc1stockveteran,1,4.401944444444444,59.8,0.185,3.56,1
2019,ADK90,Canoe,oc2stockwomen,2,4.402222222222222,59,0.02,3.67,2
2017,ADK90,Canoe,oc2ammix,4,4.402222222222222,56.9,0,4,2
2022,ADK90,Canoe,oc1stockveteran,3,4.402777777777778,70.5,0,3.32,1
2018,ADK90,Canoe,oc2rec,2,4.4030555555555555,54.4,0,3.2,2
2025,ADK90,Canoe,oc2stockmixmaster,3,4.404166666666667,59.2,0,2.97,2
2009,ADK90,Canoe,open,NA,4.404166666666667,63.8,0.028,3.28,6
2013,ADK90,Canoe,oc2stockmaster,7,4.404722222222222,59.8,0.185,3.56,2
2021,ADK90,Canoe,oc4stockmix,17,4.405,68.4,0.028,3.04,4
2013,ADK90,Guideboat,g2mix,1,4.405,59.8,0.185,3.56,2
2009,ADK90,Canoe,oc2rec,6,4.405277777777778,63.8,0.028,3.28,2
2022,ADK90,Canoe,oc2stockmix,7,4.406083333333333,70.5,0,3.32,2
2008,ADK90,Kayak,k1tour,7,4.4061111111111115,63.5,0.268,3.46,1
2021,ADK90,Canoe,oc4stock,8,4.4063888888888885,68.4,0.028,3.04,4
2021,ADK90,Canoe,oc2stockmix,3,4.406944444444444,68.4,0.028,3.04,2
2025,ADK90,Guideboat,g1,2,4.4069722222222225,59.2,0,2.97,1
2025,ADK90,Canoe,oc2stockmaster,10,4.4070833333333335,59.2,0,2.97,2
2021,ADK90,Guideboat,g2,3,4.407222222222222,68.4,0.028,3.04,2
2022,ADK90,Canoe,oc2stockopen,11,4.407305555555555,70.5,0,3.32,2
2017,ADK90,Canoe,open,NA,4.4075,56.9,0,4,6
2022,ADK90,Canoe,oc2rec,2,4.407666666666667,70.5,0,3.32,2
2011,ADK90,Canoe,open,NA,4.407777777777778,61.2,0,4.36,6
2014,ADK90,Canoe,oc2stocksuperveteran,1,4.408055555555555,65,0,2.97,2
2022,ADK90,Canoe,oc2stockmaster,6,4.408055555555555,70.5,0,3.32,2
2022,ADK90,Canoe,oc2stock,3,4.408277777777777,70.5,0,3.32,2
2019,ADK90,Canoe,oc1rec,3,4.408333333333333,59,0.02,3.67,1
2014,ADK90,Kayak,k1tourmaster,4,4.409166666666667,65,0,2.97,1
2014,ADK90,Kayak,k1tourmaster,5,4.409166666666667,65,0,2.97,1
2025,ADK90,Canoe,oc2stockmaster,9,4.4095555555555555,59.2,0,2.97,2
2018,ADK90,Canoe,open,NA,4.41,54.4,0,3.2,6
2014,ADK90,Canoe,open,NA,4.410555555555556,65,0,2.97,6
2011,ADK90,Canoe,open,NA,4.410833333333334,61.2,0,4.36,6
2023,ADK90,Canoe,oc3stocknc,3,4.411305555555556,64.2,0.421,4.17,3
2014,ADK90,Canoe,open,NA,4.411388888888889,65,0,2.97,6
2022,ADK90,Canoe,oc2stockmix,6,4.412,70.5,0,3.32,2
2013,ADK90,Canoe,open,NA,4.4125,59.8,0.185,3.56,6
2025,ADK90,Canoe,oc4stockwomen,5,4.412805555555556,59.2,0,2.97,4
2009,ADK90,Canoe,open,NA,4.413611111111111,63.8,0.028,3.28,6
2012,ADK90,Canoe,open,NA,4.414444444444444,60.8,0.02,3.05,6
2013,ADK90,Canoe,open,NA,4.414722222222222,59.8,0.185,3.56,6
2013,ADK90,Canoe,open,NA,4.415,59.8,0.185,3.56,6
2015,ADK90,Canoe,open,NA,4.415277777777778,64.2,1.535,3.45,6
2025,ADK90,Canoe,oc2rec,2,4.415305555555555,59.2,0,2.97,2
2008,ADK90,Canoe,oc1stock,6,4.416666666666667,63.5,0.268,3.46,1
2010,ADK90,Canoe,open,NA,4.416666666666667,63.4,0,3.19,6
2012,ADK90,Canoe,open,NA,4.4175,60.8,0.02,3.05,6
2013,ADK90,Canoe,oc1rec,4,4.4175,59.8,0.185,3.56,1
2018,ADK90,Canoe,open,NA,4.418055555555555,54.4,0,3.2,6
2010,ADK90,Canoe,open,NA,4.418333333333333,63.4,0,3.19,6
2017,ADK90,Voyageur,voyageur,5,4.418888888888889,56.9,0,4,6
2022,ADK90,Canoe,oc2stockmix,8,4.4197500000000005,70.5,0,3.32,2
2008,ADK90,Canoe,open,NA,4.42,63.5,0.268,3.46,6
2018,ADK90,Canoe,open,NA,4.420555555555556,54.4,0,3.2,6
2014,ADK90,Canoe,open,NA,4.420833333333333,65,0,2.97,6
2015,ADK90,Canoe,oc1stock,3,4.423055555555556,64.2,1.535,3.45,1
2015,ADK90,Canoe,oc2stockmaster,6,4.423611111111111,64.2,1.535,3.45,2
2019,ADK90,Canoe,oc2stockveteran,5,4.4238888888888885,59,0.02,3.67,2
2023,ADK90,Canoe,oc4stockmix,17,4.424444444444444,64.2,0.421,4.17,4
2014,ADK90,Canoe,oc2rec,2,4.425277777777778,65,0,2.97,2
2012,ADK90,Canoe,oc1rec,5,4.425277777777778,60.8,0.02,3.05,1
2018,ADK90,Canoe,open,NA,4.426388888888889,54.4,0,3.2,6
2010,ADK90,Canoe,oc2stock,8,4.426944444444445,63.4,0,3.19,2
2014,ADK90,Canoe,open,NA,4.4275,65,0,2.97,6
2018,ADK90,Canoe,open,NA,4.428055555555556,54.4,0,3.2,6
2012,ADK90,Canoe,open,NA,4.428888888888889,60.8,0.02,3.05,6
2022,ADK90,Canoe,oc4stockmix,16,4.429666666666667,70.5,0,3.32,4
2008,ADK90,Canoe,oc2stockwomen,3,4.429722222222222,63.5,0.268,3.46,2
2015,ADK90,Canoe,oc2stockmixveteran,1,4.430833333333333,64.2,1.535,3.45,2
2011,ADK90,Canoe,open,NA,4.431666666666667,61.2,0,4.36,6
2010,ADK90,Canoe,open,NA,4.4319444444444445,63.4,0,3.19,6
2018,ADK90,Canoe,open,NA,4.432777777777778,54.4,0,3.2,6
2008,ADK90,Canoe,oc1rec,6,4.432777777777778,63.5,0.268,3.46,1
2010,ADK90,Canoe,oc2ammix,6,4.433055555555556,63.4,0,3.19,2
2008,ADK90,Canoe,oc2stockmaster,10,4.433055555555556,63.5,0.268,3.46,2
2023,ADK90,Canoe,oc4stockmix,19,4.433888888888889,64.2,0.421,4.17,4
2025,ADK90,Canoe,oc2stocktour,3,4.434138888888889,59.2,0,2.97,2
2008,ADK90,Canoe,oc2recmix,3,4.434166666666667,63.5,0.268,3.46,2
2017,ADK90,Kayak,k1tour,6,4.434166666666667,56.9,0,4,1
2014,ADK90,Canoe,open,NA,4.434444444444445,65,0,2.97,6
2015,ADK90,Canoe,open,NA,4.434722222222222,64.2,1.535,3.45,6
2012,ADK90,Canoe,open,NA,4.435277777777777,60.8,0.02,3.05,6
2019,ADK90,Canoe,oc2stock,6,4.435555555555555,59,0.02,3.67,2
2012,ADK90,Canoe,open,NA,4.435555555555555,60.8,0.02,3.05,6
2022,ADK90,Canoe,oc2stockmixmaster,7,4.435722222222222,70.5,0,3.32,2
2011,ADK90,Canoe,open,NA,4.436388888888889,61.2,0,4.36,6
2019,ADK90,Canoe,oc2recwomen,1,4.436944444444444,59,0.02,3.67,2
2014,ADK90,Canoe,open,NA,4.438611111111111,65,0,2.97,6
2017,ADK90,Canoe,open,NA,4.439444444444445,56.9,0,4,6
2009,ADK90,Kayak,k1tourwomen,1,4.44,63.8,0.028,3.28,1
2023,ADK90,Canoe,oc1stocknc,1,4.4415,64.2,0.421,4.17,1
2012,ADK90,Guideboat,g1,4,4.441666666666666,60.8,0.02,3.05,1
2015,ADK90,Guideboat,g2women,1,4.441944444444444,64.2,1.535,3.45,2
2012,ADK90,Canoe,oc2ammix,5,4.441944444444444,60.8,0.02,3.05,2
2013,ADK90,Canoe,oc1rec,5,4.442777777777778,59.8,0.185,3.56,1
2009,ADK90,Canoe,open,NA,4.443611111111111,63.8,0.028,3.28,6
2013,ADK90,Canoe,open,NA,4.443611111111111,59.8,0.185,3.56,6
2014,ADK90,Canoe,open,NA,4.443888888888889,65,0,2.97,6
2025,ADK90,Canoe,oc2stocktour,1,4.4439166666666665,59.2,0,2.97,2
2023,ADK90,Canoe,oc2recmaster,1,4.445444444444445,64.2,0.421,4.17,2
2015,ADK90,Canoe,open,NA,4.446111111111111,64.2,1.535,3.45,6
2012,ADK90,Canoe,open,NA,4.446111111111111,60.8,0.02,3.05,6
2021,ADK90,Kayak,k1unlimitedveteran,1,4.446111111111111,68.4,0.028,3.04,1
2023,ADK90,Canoe,oc2recnc,1,4.4471944444444444,64.2,0.421,4.17,2
2012,ADK90,Canoe,open,NA,4.448055555555555,60.8,0.02,3.05,6
2018,ADK90,Canoe,oc2stockmixmaster,3,4.448333333333333,54.4,0,3.2,2
2015,ADK90,Canoe,oc2stock,11,4.448333333333333,64.2,1.535,3.45,2
2008,ADK90,Canoe,oc2stockmaster,9,4.448611111111111,63.5,0.268,3.46,2
2013,ADK90,Voyageur,voyageur,7,4.448611111111111,59.8,0.185,3.56,6
2011,ADK90,Canoe,oc1rec,6,4.449166666666667,61.2,0,4.36,1
2022,ADK90,Canoe,oc2stockopen,15,4.449194444444444,70.5,0,3.32,2
2023,ADK90,Canoe,oc2,2,4.450555555555556,64.2,0.421,4.17,2
2011,ADK90,Canoe,open,NA,4.450833333333334,61.2,0,4.36,6
2010,ADK90,Canoe,oc2stockmaster,6,4.4511111111111115,63.4,0,3.19,2
2015,ADK90,Canoe,open,NA,4.451944444444444,64.2,1.535,3.45,6
2021,ADK90,Canoe,oc2rec,1,4.452222222222222,68.4,0.028,3.04,2
2009,ADK90,Canoe,oc1recveteran,1,4.4527777777777775,63.8,0.028,3.28,1
2013,ADK90,Canoe,oc1recwomen,1,4.453611111111111,59.8,0.185,3.56,1
2025,ADK90,Kayak,k1sportveteran,2,4.4542222222222225,59.2,0,2.97,1
2015,ADK90,Canoe,open,NA,4.454444444444444,64.2,1.535,3.45,6
2015,ADK90,Canoe,open,NA,4.455,64.2,1.535,3.45,6
2013,ADK90,Canoe,open,NA,4.4558333333333335,59.8,0.185,3.56,6
2023,ADK90,Guideboat,g2,3,4.457083333333333,64.2,0.421,4.17,2
2017,ADK90,Canoe,oc2stockwomen,2,4.457777777777777,56.9,0,4,2
2010,ADK90,Canoe,open,NA,4.458333333333333,63.4,0,3.19,6
2025,ADK90,Canoe,oc3stock,1,4.458333333333333,59.2,0,2.97,3
2014,ADK90,Guideboat,g2,2,4.458611111111111,65,0,2.97,2
2021,ADK90,SUP,solorec,4,4.458611111111111,68.4,0.028,3.04,1
2015,ADK90,Canoe,open,NA,4.4591666666666665,64.2,1.535,3.45,6
2009,ADK90,Canoe,oc4women,1,4.459444444444444,63.8,0.028,3.28,4
2018,ADK90,Canoe,oc2stock,3,4.459722222222222,54.4,0,3.2,2
2008,ADK90,Canoe,open,NA,4.460277777777778,63.5,0.268,3.46,6
2012,ADK90,Canoe,open,NA,4.460555555555556,60.8,0.02,3.05,6
2011,ADK90,Canoe,oc1rec,5,4.461666666666667,61.2,0,4.36,1
2008,ADK90,Guideboat,g1,1,4.461944444444445,63.5,0.268,3.46,1
2008,ADK90,Canoe,open,NA,4.4622222222222225,63.5,0.268,3.46,6
2009,ADK90,Guideboat,g2,6,4.464166666666666,63.8,0.028,3.28,2
2019,ADK90,Kayak,k1tourmaster,5,4.464444444444444,59,0.02,3.67,1
2019,ADK90,Canoe,oc1recveteran,2,4.4655555555555555,59,0.02,3.67,1
2015,ADK90,Guideboat,g2,3,4.4655555555555555,64.2,1.535,3.45,2
2014,ADK90,Canoe,open,NA,4.466388888888889,65,0,2.97,6
2023,ADK90,Canoe,oc2stock,15,4.466916666666666,64.2,0.421,4.17,2
2013,ADK90,Guideboat,g2,5,4.468055555555556,59.8,0.185,3.56,2
2019,ADK90,Canoe,oc1recmaster,2,4.468333333333334,59,0.02,3.67,1
2022,ADK90,Canoe,oc2rectour,2,4.4687777777777775,70.5,0,3.32,2
2012,ADK90,Canoe,open,NA,4.470833333333333,60.8,0.02,3.05,6
2025,ADK90,Canoe,oc4stock,15,4.47125,59.2,0,2.97,4
2013,ADK90,Canoe,oc2family,1,4.471666666666667,59.8,0.185,3.56,2
2013,ADK90,Canoe,open,NA,4.473333333333334,59.8,0.185,3.56,6
2011,ADK90,Canoe,open,NA,4.473333333333334,61.2,0,4.36,6
2018,ADK90,Canoe,open,NA,4.473888888888889,54.4,0,3.2,6
2011,ADK90,Canoe,oc2stockwomen,2,4.474166666666667,61.2,0,4.36,2
2014,ADK90,Guideboat,g2,5,4.474166666666667,65,0,2.97,2
2019,ADK90,Canoe,oc1stock,2,4.474722222222222,59,0.02,3.67,1
2013,ADK90,Canoe,open,NA,4.474722222222222,59.8,0.185,3.56,6
2012,ADK90,Canoe,open,NA,4.475833333333333,60.8,0.02,3.05,6
2009,ADK90,Canoe,oc2family,3,4.477222222222222,63.8,0.028,3.28,2
2022,ADK90,Kayak,k1unlimitedveteran,3,4.481805555555556,70.5,0,3.32,1
2018,ADK90,Canoe,open,NA,4.482777777777778,54.4,0,3.2,6
2009,ADK90,Canoe,open,NA,4.4847222222222225,63.8,0.028,3.28,6
2022,ADK90,Canoe,oc2stock,4,4.485027777777778,70.5,0,3.32,2
2010,ADK90,Canoe,oc2rec,2,4.486666666666666,63.4,0,3.19,2
2018,ADK90,Canoe,open,NA,4.486666666666666,54.4,0,3.2,6
2009,ADK90,Canoe,oc2stockwomen,4,4.487777777777778,63.8,0.028,3.28,2
2008,ADK90,Canoe,open,NA,4.4880555555555555,63.5,0.268,3.46,6
2009,ADK90,Canoe,open,NA,4.4880555555555555,63.8,0.028,3.28,6
2017,ADK90,Canoe,oc1rec,3,4.4880555555555555,56.9,0,4,1
2014,ADK90,Canoe,oc2stockmixsuperveteran,1,4.489444444444445,65,0,2.97,2
2015,ADK90,Canoe,open,NA,4.49,64.2,1.535,3.45,6
2009,ADK90,Canoe,open,NA,4.490555555555556,63.8,0.028,3.28,6
2017,ADK90,Canoe,open,NA,4.490833333333334,56.9,0,4,6
2009,ADK90,Canoe,open,NA,4.491666666666666,63.8,0.028,3.28,6
2025,ADK90,Kayak,k1sportnc,2,4.492055555555555,59.2,0,2.97,1
2012,ADK90,Canoe,open,NA,4.492222222222222,60.8,0.02,3.05,6
2012,ADK90,Canoe,oc1stock,6,4.492222222222222,60.8,0.02,3.05,1
2013,ADK90,Canoe,open,NA,4.4925,59.8,0.185,3.56,6
2017,ADK90,Canoe,open,NA,4.4927777777777775,56.9,0,4,6
2014,ADK90,Canoe,oc2stockmixveteran,1,4.493333333333333,65,0,2.97,2
2009,ADK90,Canoe,open,NA,4.493611111111111,63.8,0.028,3.28,6
2017,ADK90,Canoe,open,NA,4.495,56.9,0,4,6
2010,ADK90,Canoe,open,NA,4.495277777777778,63.4,0,3.19,6
2017,ADK90,Canoe,oc1stock,1,4.495555555555556,56.9,0,4,1
2017,ADK90,Canoe,oc1stock,2,4.495555555555556,56.9,0,4,1
2023,ADK90,Canoe,oc2stockwomen,3,4.496027777777778,64.2,0.421,4.17,2
2011,ADK90,Canoe,open,NA,4.496388888888889,61.2,0,4.36,6
2025,ADK90,Kayak,k1sportwomen,1,4.497694444444445,59.2,0,2.97,1
2012,ADK90,Kayak,k1tourwomen,1,4.498055555555555,60.8,0.02,3.05,1
2011,ADK90,Canoe,oc4women,4,4.498333333333333,61.2,0,4.36,4
2013,ADK90,Canoe,open,NA,4.498333333333333,59.8,0.185,3.56,6
2021,ADK90,Canoe,oc2stock,10,4.498888888888889,68.4,0.028,3.04,2
2017,ADK90,Canoe,open,NA,4.5,56.9,0,4,6
2013,ADK90,Kayak,k2mix,4,4.5,59.8,0.185,3.56,2
2025,ADK90,Canoe,oc2stockwomen,3,4.500166666666667,59.2,0,2.97,2
2013,ADK90,Canoe,open,NA,4.500555555555556,59.8,0.185,3.56,6
2014,ADK90,Canoe,oc1stockmaster,4,4.500555555555556,65,0,2.97,1
2012,ADK90,Canoe,open,NA,4.501666666666667,60.8,0.02,3.05,6
2013,ADK90,Canoe,open,NA,4.5025,59.8,0.185,3.56,6
2021,ADK90,Canoe,oc2,1,4.502777777777778,68.4,0.028,3.04,2
2022,ADK90,Guideboat,g2master,2,4.504222222222222,70.5,0,3.32,2
2018,ADK90,Canoe,open,NA,4.504444444444444,54.4,0,3.2,6
2017,ADK90,Guideboat,g2,4,4.504722222222222,56.9,0,4,2
2013,ADK90,Canoe,open,NA,4.505277777777778,59.8,0.185,3.56,6
2008,ADK90,Canoe,open,NA,4.506944444444445,63.5,0.268,3.46,6
2021,ADK90,Canoe,oc2stockmaster,5,4.506944444444445,68.4,0.028,3.04,2
2023,ADK90,Canoe,oc2recnc,3,4.507055555555556,64.2,0.421,4.17,2
2014,ADK90,Canoe,open,NA,4.5072222222222225,65,0,2.97,6
2011,ADK90,Canoe,open,NA,4.507777777777778,61.2,0,4.36,6
2015,ADK90,Canoe,open,NA,4.508611111111111,64.2,1.535,3.45,6
2008,ADK90,Canoe,open,NA,4.5088888888888885,63.5,0.268,3.46,6
2025,ADK90,Canoe,oc4stockmix,15,4.509,59.2,0,2.97,4
2013,ADK90,Canoe,open,NA,4.509166666666666,59.8,0.185,3.56,6
2013,ADK90,Canoe,open,NA,4.51,59.8,0.185,3.56,6
2019,ADK90,Canoe,oc1recveteran,3,4.510555555555555,59,0.02,3.67,1
2017,ADK90,Canoe,open,NA,4.510555555555555,56.9,0,4,6
2019,ADK90,Kayak,k1tourmaster,6,4.5125,59,0.02,3.67,1
2022,ADK90,Guideboat,g2mix,1,4.512722222222222,70.5,0,3.32,2
2014,ADK90,Canoe,open,NA,4.513333333333334,65,0,2.97,6
2010,ADK90,Canoe,oc2stockmix,3,4.5136111111111115,63.4,0,3.19,2
2019,ADK90,Canoe,oc2recmix,1,4.515,59,0.02,3.67,2
2010,ADK90,Canoe,open,NA,4.515555555555555,63.4,0,3.19,6
2009,ADK90,Kayak,k1tourveteran,4,4.516388888888889,63.8,0.028,3.28,1
2019,ADK90,Guideboat,g2,2,4.517222222222222,59,0.02,3.67,2
2018,ADK90,Canoe,oc1am,1,4.517777777777778,54.4,0,3.2,1
2022,ADK90,Canoe,oc1,1,4.517888888888889,70.5,0,3.32,1
2023,ADK90,Kayak,k1nc,1,4.518,64.2,0.421,4.17,1
2013,ADK90,Canoe,open,NA,4.518888888888889,59.8,0.185,3.56,6
2017,ADK90,Canoe,oc2stockveteran,3,4.519166666666667,56.9,0,4,2
2018,ADK90,Canoe,oc1stock,3,4.519166666666667,54.4,0,3.2,1
2008,ADK90,Canoe,open,NA,4.519444444444445,63.5,0.268,3.46,6
2017,ADK90,Canoe,open,NA,4.519444444444445,56.9,0,4,6
2010,ADK90,Canoe,oc2stock,7,4.52,63.4,0,3.19,2
2021,ADK90,Canoe,oc4stockmix,15,4.521944444444444,68.4,0.028,3.04,4
2025,ADK90,Canoe,oc3stockmix,5,4.521944444444444,59.2,0,2.97,3
2021,ADK90,Canoe,oc4stockmix,18,4.522222222222222,68.4,0.028,3.04,4
2013,ADK90,Canoe,open,NA,4.522222222222222,59.8,0.185,3.56,6
2013,ADK90,Canoe,open,NA,4.5225,59.8,0.185,3.56,6
2011,ADK90,Canoe,open,NA,4.522777777777778,61.2,0,4.36,6
2015,ADK90,Canoe,open,NA,4.524166666666667,64.2,1.535,3.45,6
2017,ADK90,Canoe,open,NA,4.524444444444445,56.9,0,4,6
2010,ADK90,Canoe,open,NA,4.5247222222222225,63.4,0,3.19,6
2015,ADK90,Canoe,oc1recveteran,2,4.526111111111111,64.2,1.535,3.45,1
2019,ADK90,Canoe,oc1stock,3,4.526388888888889,59,0.02,3.67,1
2008,ADK90,Canoe,open,NA,4.526944444444444,63.5,0.268,3.46,6
2011,ADK90,Canoe,open,NA,4.5275,61.2,0,4.36,6
2012,ADK90,Canoe,open,NA,4.5280555555555555,60.8,0.02,3.05,6
2017,ADK90,Canoe,open,NA,4.5280555555555555,56.9,0,4,6
2015,ADK90,Canoe,open,NA,4.528611111111111,64.2,1.535,3.45,6
2021,ADK90,Guideboat,g2,2,4.529444444444445,68.4,0.028,3.04,2
2025,ADK90,Canoe,oc4stockmix,16,4.5305277777777775,59.2,0,2.97,4
2015,ADK90,Canoe,open,NA,4.530555555555556,64.2,1.535,3.45,6
2025,ADK90,Canoe,oc2stockwomen,1,4.5312222222222225,59.2,0,2.97,2
2023,ADK90,Kayak,k1women,1,4.531722222222222,64.2,0.421,4.17,1
2009,ADK90,Canoe,open,NA,4.533055555555555,63.8,0.028,3.28,6
2017,ADK90,Canoe,oc2stockveteran,4,4.534166666666667,56.9,0,4,2
2023,ADK90,Canoe,oc2stocknc,2,4.535722222222223,64.2,0.421,4.17,2
2012,ADK90,Canoe,open,NA,4.536388888888889,60.8,0.02,3.05,6
2009,ADK90,Guideboat,g2,7,4.537222222222222,63.8,0.028,3.28,2
2017,ADK90,Canoe,open,NA,4.537222222222222,56.9,0,4,6
2012,ADK90,Canoe,open,NA,4.538055555555555,60.8,0.02,3.05,6
2010,ADK90,Kayak,k1unlimited,3,4.538055555555555,63.4,0,3.19,1
2010,ADK90,Canoe,oc4mix,13,4.538611111111111,63.4,0,3.19,4
2009,ADK90,Canoe,oc2stockmixveteran,1,4.54,63.8,0.028,3.28,2
2011,ADK90,Guideboat,g2,7,4.540555555555556,61.2,0,4.36,2
2025,ADK90,Canoe,oc1stock,4,4.540611111111112,59.2,0,2.97,1
2011,ADK90,Canoe,open,NA,4.5408333333333335,61.2,0,4.36,6
2025,ADK90,Canoe,oc2stock,21,4.540916666666666,59.2,0,2.97,2
2025,ADK90,Canoe,oc4stocknc,4,4.542055555555556,59.2,0,2.97,4
2010,ADK90,Canoe,oc2stockmix,4,4.542222222222223,63.4,0,3.19,2
2012,ADK90,Canoe,open,NA,4.543055555555555,60.8,0.02,3.05,6
2011,ADK90,Canoe,open,NA,4.543611111111111,61.2,0,4.36,6
2008,ADK90,Guideboat,g2,8,4.543611111111111,63.5,0.268,3.46,2
2021,ADK90,Canoe,oc2stockmix,6,4.5441666666666665,68.4,0.028,3.04,2
2013,ADK90,Canoe,open,NA,4.544444444444444,59.8,0.185,3.56,6
2025,ADK90,Canoe,oc2stockmix,9,4.544583333333334,59.2,0,2.97,2
2025,ADK90,Guideboat,g2,3,4.545333333333334,59.2,0,2.97,2
2022,ADK90,Guideboat,g2,2,4.5456666666666665,70.5,0,3.32,2
2018,ADK90,Canoe,oc1stock,2,4.5475,54.4,0,3.2,1
2015,ADK90,Guideboat,g2,4,4.547777777777778,64.2,1.535,3.45,2
2025,ADK90,Canoe,oc2stockmix,7,4.547861111111111,59.2,0,2.97,2
2023,ADK90,Canoe,oc2stockmaster,7,4.547944444444444,64.2,0.421,4.17,2
2013,ADK90,Canoe,open,NA,4.549722222222222,59.8,0.185,3.56,6
2018,ADK90,Canoe,oc2amwomen,1,4.551111111111111,54.4,0,3.2,2
2022,ADK90,Kayak,k1tourmaster,4,4.552305555555555,70.5,0,3.32,1
2022,ADK90,Canoe,oc2rectour,6,4.552611111111111,70.5,0,3.32,2
2023,ADK90,Canoe,oc1stockveteran,3,4.552944444444444,64.2,0.421,4.17,1
2009,ADK90,Canoe,open,NA,4.555,63.8,0.028,3.28,6
2025,ADK90,Canoe,oc2stocktour,7,4.55525,59.2,0,2.97,2
2014,ADK90,Canoe,open,NA,4.556388888888889,65,0,2.97,6
2013,ADK90,Kayak,k1tour,4,4.556666666666667,59.8,0.185,3.56,1
2022,ADK90,Canoe,oc2rectour,1,4.556694444444444,70.5,0,3.32,2
2008,ADK90,Canoe,open,NA,4.5575,63.5,0.268,3.46,6
2014,ADK90,Canoe,oc1stockveteran,3,4.5575,65,0,2.97,1
2012,ADK90,Canoe,open,NA,4.558055555555556,60.8,0.02,3.05,6
2012,ADK90,Canoe,open,NA,4.558055555555556,60.8,0.02,3.05,6
2009,ADK90,Canoe,open,NA,4.558888888888889,63.8,0.028,3.28,6
2013,ADK90,Canoe,open,NA,4.559444444444445,59.8,0.185,3.56,6
2009,ADK90,Canoe,open,NA,4.56,63.8,0.028,3.28,6
2023,ADK90,Canoe,oc4stockmixnc,2,4.560027777777777,64.2,0.421,4.17,4
2023,ADK90,Canoe,oc4mix,7,4.561222222222223,64.2,0.421,4.17,4
2009,ADK90,Canoe,oc2recmix,4,4.561944444444444,63.8,0.028,3.28,2
2022,ADK90,Canoe,oc2jrsr,3,4.561944444444444,70.5,0,3.32,2
2018,ADK90,Canoe,open,NA,4.562777777777778,54.4,0,3.2,6
2013,ADK90,Canoe,open,NA,4.564166666666667,59.8,0.185,3.56,6
2017,ADK90,Canoe,open,NA,4.564722222222223,56.9,0,4,6
2019,ADK90,Guideboat,g2,7,4.565555555555555,59,0.02,3.67,2
2019,ADK90,Guideboat,g2,4,4.567222222222222,59,0.02,3.67,2
2018,ADK90,Canoe,oc2stockveteran,2,4.568611111111111,54.4,0,3.2,2
2018,ADK90,Canoe,oc1recveteran,1,4.569444444444445,54.4,0,3.2,1
2017,ADK90,Canoe,open,NA,4.570277777777778,56.9,0,4,6
2021,ADK90,Canoe,oc2rec,2,4.570833333333334,68.4,0.028,3.04,2
2021,ADK90,Canoe,oc2stockmix,5,4.571111111111111,68.4,0.028,3.04,2
2017,ADK90,Canoe,open,NA,4.5713888888888885,56.9,0,4,6
2023,ADK90,Canoe,oc2stockmix,8,4.571472222222222,64.2,0.421,4.17,2
2017,ADK90,Canoe,open,NA,4.572777777777778,56.9,0,4,6
2025,ADK90,Canoe,oc4stockmixmaster,3,4.574722222222222,59.2,0,2.97,4
2015,ADK90,Canoe,open,NA,4.575,64.2,1.535,3.45,6
2022,ADK90,Canoe,oc2rectour,4,4.577277777777778,70.5,0,3.32,2
2011,ADK90,Canoe,open,NA,4.5777777777777775,61.2,0,4.36,6
2017,ADK90,Guideboat,g2,5,4.579444444444444,56.9,0,4,2
2014,ADK90,Guideboat,g2,3,4.58,65,0,2.97,2
2014,ADK90,Canoe,open,NA,4.580277777777778,65,0,2.97,6
2010,ADK90,Canoe,open,NA,4.583055555555555,63.4,0,3.19,6
2014,ADK90,Canoe,open,NA,4.583333333333333,65,0,2.97,6
2019,ADK90,Kayak,k1tourveteran,1,4.583611111111111,59,0.02,3.67,1
2017,ADK90,Canoe,oc2stock,9,4.583611111111111,56.9,0,4,2
2014,ADK90,Canoe,oc1rec,11,4.583888888888889,65,0,2.97,1
2018,ADK90,Canoe,oc2stockveteran,3,4.5841666666666665,54.4,0,3.2,2
2013,ADK90,Canoe,oc2amwomen,1,4.584722222222222,59.8,0.185,3.56,2
2008,ADK90,Canoe,open,NA,4.585277777777778,63.5,0.268,3.46,6
2022,ADK90,Canoe,oc2stock,5,4.585472222222222,70.5,0,3.32,2
2019,ADK90,Guideboat,g2,5,4.585555555555556,59,0.02,3.67,2
2022,ADK90,Canoe,oc2stockopen,16,4.5856111111111115,70.5,0,3.32,2
2025,ADK90,Canoe,oc2stockmix,10,4.585999999999999,59.2,0,2.97,2
2018,ADK90,Canoe,oc4stockmix,10,4.586388888888889,54.4,0,3.2,4
2010,ADK90,Kayak,k2master,4,4.586388888888889,63.4,0,3.19,2
2012,ADK90,Canoe,open,NA,4.589166666666666,60.8,0.02,3.05,6
2011,ADK90,Canoe,open,NA,4.589444444444444,61.2,0,4.36,6
2023,ADK90,Kayak,k1master,8,4.589611111111111,64.2,0.421,4.17,1
2010,ADK90,Canoe,oc2stockmixveteran,3,4.590277777777778,63.4,0,3.19,2
2012,ADK90,Canoe,open,NA,4.591666666666667,60.8,0.02,3.05,6
2010,ADK90,Canoe,oc1rec,8,4.591944444444445,63.4,0,3.19,1
2008,ADK90,Canoe,open,NA,4.5925,63.5,0.268,3.46,6
2010,ADK90,Canoe,oc2stock,9,4.592777777777778,63.4,0,3.19,2
2018,ADK90,Canoe,open,NA,4.5938888888888885,54.4,0,3.2,6
2022,ADK90,Canoe,oc2rectour,5,4.5944166666666675,70.5,0,3.32,2
2012,ADK90,Canoe,open,NA,4.595,60.8,0.02,3.05,6
2012,ADK90,Canoe,open,NA,4.595277777777778,60.8,0.02,3.05,6
2010,ADK90,Canoe,oc2stockveteran,5,4.595555555555555,63.4,0,3.19,2
2017,ADK90,Canoe,open,NA,4.597777777777778,56.9,0,4,6
2015,ADK90,Canoe,open,NA,4.599722222222222,64.2,1.535,3.45,6
2017,ADK90,Canoe,oc4,7,4.6,56.9,0,4,4
2022,ADK90,Kayak,k1tournc,4,4.600527777777778,70.5,0,3.32,1
2018,ADK90,Canoe,oc2stockveteran,1,4.601944444444444,54.4,0,3.2,2
2025,ADK90,Canoe,oc2stockwomen,2,4.602,59.2,0,2.97,2
2022,ADK90,Canoe,oc2stock,8,4.60225,70.5,0,3.32,2
2023,ADK90,Kayak,k1unlimited,3,4.6033333333333335,64.2,0.421,4.17,1
2012,ADK90,Canoe,open,NA,4.6033333333333335,60.8,0.02,3.05,6
2025,ADK90,Canoe,oc2rec,3,4.603805555555556,59.2,0,2.97,2
2019,ADK90,Canoe,oc2stockwomen,3,4.603888888888889,59,0.02,3.67,2
2021,ADK90,Canoe,oc2stockmaster,6,4.604444444444445,68.4,0.028,3.04,2
2025,ADK90,Canoe,oc4stockmix,17,4.605277777777777,59.2,0,2.97,4
2017,ADK90,Canoe,open,NA,4.606388888888889,56.9,0,4,6
2010,ADK90,Canoe,oc1rec,7,4.606388888888889,63.4,0,3.19,1
2014,ADK90,Canoe,open,NA,4.606944444444444,65,0,2.97,6
2012,ADK90,Canoe,open,NA,4.606944444444444,60.8,0.02,3.05,6
2014,ADK90,Canoe,open,NA,4.607222222222222,65,0,2.97,6
2008,ADK90,Canoe,open,NA,4.607222222222222,63.5,0.268,3.46,6
2008,ADK90,Canoe,open,NA,4.6075,63.5,0.268,3.46,6
2025,ADK90,Canoe,oc4stocktour,3,4.609194444444444,59.2,0,2.97,4
2021,ADK90,Guideboat,g2,6,4.6097222222222225,68.4,0.028,3.04,2
2015,ADK90,Canoe,open,NA,4.61,64.2,1.535,3.45,6
2014,ADK90,Canoe,open,NA,4.611666666666666,65,0,2.97,6
2008,ADK90,Canoe,oc4women,1,4.6130555555555555,63.5,0.268,3.46,4
2014,ADK90,Canoe,oc1stockmaster,5,4.613611111111111,65,0,2.97,1
2022,ADK90,Canoe,oc2stockopen,14,4.614000000000001,70.5,0,3.32,2
2011,ADK90,Canoe,oc1am,4,4.615833333333334,61.2,0,4.36,1
2023,ADK90,Canoe,oc2mix,2,4.615944444444445,64.2,0.421,4.17,2
2017,ADK90,Canoe,open,NA,4.6161111111111115,56.9,0,4,6
2015,ADK90,Canoe,open,NA,4.6161111111111115,64.2,1.535,3.45,6
2022,ADK90,Canoe,oc2rec,3,4.616138888888888,70.5,0,3.32,2
2012,ADK90,Canoe,oc1stock,7,4.616388888888889,60.8,0.02,3.05,1
2013,ADK90,Canoe,opensuperveteran,2,4.617222222222222,59.8,0.185,3.56,6
2009,ADK90,Canoe,oc2stockmaster,11,4.6175,63.8,0.028,3.28,2
2018,ADK90,Canoe,oc2stockmix,5,4.618055555555555,54.4,0,3.2,2
2009,ADK90,Canoe,open,NA,4.618611111111111,63.8,0.028,3.28,6
2018,ADK90,Canoe,open,NA,4.620277777777778,54.4,0,3.2,6
2015,ADK90,Canoe,open,NA,4.620277777777778,64.2,1.535,3.45,6
2019,ADK90,Canoe,oc2recmix,2,4.620277777777778,59,0.02,3.67,2
2009,ADK90,Canoe,oc2stock,11,4.621388888888889,63.8,0.028,3.28,2
2008,ADK90,Guideboat,g2,9,4.622222222222222,63.5,0.268,3.46,2
2012,ADK90,Guideboat,g2,8,4.6225,60.8,0.02,3.05,2
2013,ADK90,Canoe,open,NA,4.623333333333333,59.8,0.185,3.56,6
2012,ADK90,Canoe,open,NA,4.623888888888889,60.8,0.02,3.05,6
2017,ADK90,Canoe,open,NA,4.623888888888889,56.9,0,4,6
2015,ADK90,Canoe,open,NA,4.624444444444444,64.2,1.535,3.45,6
2023,ADK90,Kayak,k1nc,2,4.625055555555556,64.2,0.421,4.17,1
2015,ADK90,Canoe,oc4women,4,4.6258333333333335,64.2,1.535,3.45,4
2010,ADK90,Canoe,open,NA,4.626111111111111,63.4,0,3.19,6
2025,ADK90,Canoe,oc2stock,18,4.6265,59.2,0,2.97,2
2022,ADK90,Canoe,oc2stockmaster,7,4.626805555555555,70.5,0,3.32,2
2022,ADK90,Kayak,k1tournc,5,4.628555555555556,70.5,0,3.32,1
2011,ADK90,Canoe,open,NA,4.628611111111111,61.2,0,4.36,6
2021,ADK90,Canoe,oc4stockmix,16,4.629722222222222,68.4,0.028,3.04,4
2025,ADK90,Canoe,oc2stock,20,4.632194444444445,59.2,0,2.97,2
2015,ADK90,Canoe,open,NA,4.6325,64.2,1.535,3.45,6
2011,ADK90,Canoe,open,NA,4.633333333333334,61.2,0,4.36,6
2012,ADK90,Canoe,open,NA,4.634444444444444,60.8,0.02,3.05,6
2010,ADK90,Canoe,open,NA,4.634722222222222,63.4,0,3.19,6
2022,ADK90,Canoe,oc2stockmix,9,4.634722222222222,70.5,0,3.32,2
2018,ADK90,Canoe,open,NA,4.635,54.4,0,3.2,6
2009,ADK90,Canoe,open,NA,4.635,63.8,0.028,3.28,6
2015,ADK90,Canoe,open,NA,4.635277777777778,64.2,1.535,3.45,6
2017,ADK90,Canoe,open,NA,4.635277777777778,56.9,0,4,6
2009,ADK90,Canoe,open,NA,4.637222222222222,63.8,0.028,3.28,6
2014,ADK90,Canoe,open,NA,4.6386111111111115,65,0,2.97,6
2010,ADK90,Canoe,open,NA,4.6402777777777775,63.4,0,3.19,6
2018,ADK90,Canoe,open,NA,4.640833333333333,54.4,0,3.2,6
2015,ADK90,Canoe,open,NA,4.642777777777778,64.2,1.535,3.45,6
2009,ADK90,Canoe,open,NA,4.642777777777778,63.8,0.028,3.28,6
2021,ADK90,SUP,solorecveteran,4,4.6433333333333335,68.4,0.028,3.04,1
2015,ADK90,Canoe,open,NA,4.644444444444445,64.2,1.535,3.45,6
2017,ADK90,Canoe,open,NA,4.644444444444445,56.9,0,4,6
2012,ADK90,Canoe,oc1rec,8,4.646111111111111,60.8,0.02,3.05,1
2008,ADK90,Canoe,open,NA,4.6466666666666665,63.5,0.268,3.46,6
2010,ADK90,Guideboat,g2,4,4.646944444444444,63.4,0,3.19,2
2015,ADK90,Canoe,open,NA,4.646944444444444,64.2,1.535,3.45,6
2010,ADK90,Canoe,oc1stock,1,4.648888888888889,63.4,0,3.19,1
2009,ADK90,Canoe,open,NA,4.649166666666667,63.8,0.028,3.28,6
2013,ADK90,Canoe,oc2stockwomen,2,4.649444444444445,59.8,0.185,3.56,2
2010,ADK90,Canoe,oc2stockwomen,1,4.6497222222222225,63.4,0,3.19,2
2014,ADK90,Canoe,open,NA,4.6497222222222225,65,0,2.97,6
2008,ADK90,Kayak,k1women,1,4.650555555555556,63.5,0.268,3.46,1
2011,ADK90,Canoe,oc2recwomen,1,4.650555555555556,61.2,0,4.36,2
2023,ADK90,Canoe,oc1,1,4.650666666666667,64.2,0.421,4.17,1
2022,ADK90,Canoe,oc2stock,6,4.65175,70.5,0,3.32,2
2012,ADK90,Canoe,oc2rec,5,4.652777777777778,60.8,0.02,3.05,2
2017,ADK90,Canoe,open,NA,4.654444444444445,56.9,0,4,6
2008,ADK90,Canoe,oc2family,3,4.655277777777778,63.5,0.268,3.46,2
2013,ADK90,Canoe,open,NA,4.656666666666666,59.8,0.185,3.56,6
2010,ADK90,Canoe,oc2ammaster,4,4.656666666666666,63.4,0,3.19,2
2012,ADK90,Canoe,open,NA,4.661111111111111,60.8,0.02,3.05,6
2008,ADK90,Canoe,open,NA,4.661944444444444,63.5,0.268,3.46,6
2009,ADK90,Canoe,open,NA,4.661944444444444,63.8,0.028,3.28,6
2012,ADK90,Canoe,open,NA,4.6625,60.8,0.02,3.05,6
2023,ADK90,Canoe,oc2recnc,2,4.662583333333333,64.2,0.421,4.17,2
2009,ADK90,Canoe,open,NA,4.6627777777777775,63.8,0.028,3.28,6
2008,ADK90,Guideboat,g2,10,4.6627777777777775,63.5,0.268,3.46,2
2015,ADK90,Guideboat,g2,5,4.663611111111111,64.2,1.535,3.45,2
2023,ADK90,Canoe,oc2mix,3,4.6636388888888884,64.2,0.421,4.17,2
2025,ADK90,Kayak,k1sportmaster,5,4.664805555555556,59.2,0,2.97,1
2015,ADK90,Canoe,oc1stock,4,4.665277777777778,64.2,1.535,3.45,1
2021,ADK90,Canoe,oc2stock,11,4.6658333333333335,68.4,0.028,3.04,2
2021,ADK90,Canoe,oc2family,1,4.6658333333333335,68.4,0.028,3.04,2
2018,ADK90,Guideboat,g1,2,4.6658333333333335,54.4,0,3.2,1
2015,ADK90,Canoe,oc2amwomen,1,4.6658333333333335,64.2,1.535,3.45,2
2018,ADK90,Canoe,open,NA,4.666666666666667,54.4,0,3.2,6
2011,ADK90,Canoe,open,NA,4.6675,61.2,0,4.36,6
2021,ADK90,SUP,solorecveteran,5,4.668333333333333,68.4,0.028,3.04,1
2011,ADK90,Guideboat,g2,8,4.6691666666666665,61.2,0,4.36,2
2023,ADK90,SUP,sup,1,4.66961111111111,64.2,0.421,4.17,1
2025,ADK90,Canoe,oc2stock,19,4.670361111111111,59.2,0,2.97,2
2018,ADK90,Canoe,oc2am,2,4.671388888888889,54.4,0,3.2,2
2022,ADK90,Canoe,oc2stockmaster,8,4.6738333333333335,70.5,0,3.32,2
2010,ADK90,Canoe,oc2stockveteran,4,4.674444444444444,63.4,0,3.19,2
2013,ADK90,Canoe,open,NA,4.676388888888889,59.8,0.185,3.56,6
2012,ADK90,Canoe,open,NA,4.676666666666667,60.8,0.02,3.05,6
2021,ADK90,Guideboat,g2,7,4.679166666666666,68.4,0.028,3.04,2
2022,ADK90,Canoe,oc2stocktour,4,4.679388888888889,70.5,0,3.32,2
2015,ADK90,Canoe,open,NA,4.682222222222222,64.2,1.535,3.45,6
2010,ADK90,Canoe,oc2stockmixmaster,7,4.682777777777778,63.4,0,3.19,2
2021,ADK90,Guideboat,g2,8,4.683333333333334,68.4,0.028,3.04,2
2013,ADK90,Kayak,k1tourveteran,2,4.685555555555555,59.8,0.185,3.56,1
2019,ADK90,Guideboat,g2,6,4.6866666666666665,59,0.02,3.67,2
2014,ADK90,Canoe,open,NA,4.6866666666666665,65,0,2.97,6
2018,ADK90,Canoe,open,NA,4.6875,54.4,0,3.2,6
2017,ADK90,Canoe,open,NA,4.687777777777778,56.9,0,4,6
2012,ADK90,Canoe,open,NA,4.687777777777778,60.8,0.02,3.05,6
2008,ADK90,Canoe,open,NA,4.692222222222222,63.5,0.268,3.46,6
2025,ADK90,Canoe,oc2openmix,3,4.692361111111111,59.2,0,2.97,2
2013,ADK90,Canoe,open,NA,4.692777777777778,59.8,0.185,3.56,6
2008,ADK90,Canoe,open,NA,4.693611111111111,63.5,0.268,3.46,6
2010,ADK90,Canoe,oc1rec,6,4.693611111111111,63.4,0,3.19,1
2018,ADK90,Canoe,oc4stockmix,12,4.693888888888889,54.4,0,3.2,4
2018,ADK90,Canoe,oc1recmaster,3,4.695,54.4,0,3.2,1
2017,ADK90,Canoe,open,NA,4.695,56.9,0,4,6
2019,ADK90,Guideboat,g2,3,4.695277777777778,59,0.02,3.67,2
2025,ADK90,Kayak,k2tournc,3,4.695388888888889,59.2,0,2.97,2
2009,ADK90,Canoe,open,NA,4.698055555555555,63.8,0.028,3.28,6
2015,ADK90,Canoe,open,NA,4.698333333333333,64.2,1.535,3.45,6
2009,ADK90,Canoe,open,NA,4.698611111111111,63.8,0.028,3.28,6
2021,ADK90,Canoe,oc2recmaster,1,4.698611111111111,68.4,0.028,3.04,2
2012,ADK90,Canoe,open,NA,4.699166666666667,60.8,0.02,3.05,6
2021,ADK90,Guideboat,g2,5,4.699722222222222,68.4,0.028,3.04,2
2010,ADK90,Guideboat,g2,6,4.700555555555556,63.4,0,3.19,2
2011,ADK90,Canoe,open,NA,4.7011111111111115,61.2,0,4.36,6
2010,ADK90,Canoe,open,NA,4.701666666666667,63.4,0,3.19,6
2021,ADK90,Canoe,oc2recwomen,1,4.703055555555555,68.4,0.028,3.04,2
2021,ADK90,SUP,solorecmaster,3,4.703611111111111,68.4,0.028,3.04,1
2010,ADK90,Canoe,oc1am,2,4.703888888888889,63.4,0,3.19,1
2018,ADK90,Guideboat,g1,3,4.704166666666667,54.4,0,3.2,1
2010,ADK90,Canoe,oc1am,4,4.704166666666667,63.4,0,3.19,1
2019,ADK90,SUP,superveterans,2,4.704444444444444,59,0.02,3.67,1
2011,ADK90,Canoe,open,NA,4.704444444444444,61.2,0,4.36,6
2022,ADK90,Kayak,k1tourveteran,3,4.704638888888889,70.5,0,3.32,1
2023,ADK90,Kayak,k1womennc,2,4.7055,64.2,0.421,4.17,1
2014,ADK90,Canoe,open,NA,4.706111111111111,65,0,2.97,6
2015,ADK90,Canoe,open,NA,4.706111111111111,64.2,1.535,3.45,6
2013,ADK90,Canoe,open,NA,4.7075,59.8,0.185,3.56,6
2017,ADK90,Canoe,oc2stockmix,7,4.7075,56.9,0,4,2
2013,ADK90,Canoe,oc4mix,16,4.708055555555555,59.8,0.185,3.56,4
2021,ADK90,Canoe,oc2stockwomen,1,4.708055555555555,68.4,0.028,3.04,2
2009,ADK90,Kayak,k1tourwomen,2,4.708333333333333,63.8,0.028,3.28,1
2017,ADK90,Canoe,open,NA,4.7091666666666665,56.9,0,4,6
2018,ADK90,Canoe,open,NA,4.7091666666666665,54.4,0,3.2,6
2010,ADK90,Canoe,oc2rec,3,4.7122222222222225,63.4,0,3.19,2
2011,ADK90,Canoe,oc2stockveteran,10,4.7125,61.2,0,4.36,2
2009,ADK90,Canoe,oc1rec,6,4.713611111111111,63.8,0.028,3.28,1
2009,ADK90,Canoe,oc1recveteran,2,4.713611111111111,63.8,0.028,3.28,1
2017,ADK90,Canoe,open,NA,4.713888888888889,56.9,0,4,6
2008,ADK90,Canoe,open,NA,4.713888888888889,63.5,0.268,3.46,6
2023,ADK90,Canoe,oc4stockwomennc,1,4.714388888888888,64.2,0.421,4.17,4
2011,ADK90,Canoe,open,NA,4.716944444444445,61.2,0,4.36,6
2012,ADK90,Canoe,open,NA,4.7175,60.8,0.02,3.05,6
2008,ADK90,Canoe,open,NA,4.7175,63.5,0.268,3.46,6
2014,ADK90,Kayak,k1tour,3,4.718055555555556,65,0,2.97,1
2017,ADK90,Canoe,oc1stockwomen,1,4.7186111111111115,56.9,0,4,1
2011,ADK90,Canoe,open,NA,4.720555555555555,61.2,0,4.36,6
2010,ADK90,Canoe,open,NA,4.721666666666667,63.4,0,3.19,6
2021,ADK90,Canoe,oc2stockmix,4,4.722222222222222,68.4,0.028,3.04,2
2011,ADK90,Canoe,open,NA,4.7225,61.2,0,4.36,6
2015,ADK90,Canoe,open,NA,4.723055555555556,64.2,1.535,3.45,6
2021,ADK90,Canoe,oc4,4,4.723888888888889,68.4,0.028,3.04,4
2018,ADK90,Canoe,oc4stockmix,11,4.724444444444444,54.4,0,3.2,4
2013,ADK90,Canoe,open,NA,4.725,59.8,0.185,3.56,6
2010,ADK90,Canoe,oc2stockmixmaster,8,4.726944444444444,63.4,0,3.19,2
2012,ADK90,Canoe,open,NA,4.726944444444444,60.8,0.02,3.05,6
2010,ADK90,Canoe,open,NA,4.7275,63.4,0,3.19,6
2014,ADK90,Canoe,open,NA,4.728611111111111,65,0,2.97,6
2011,ADK90,Canoe,open,NA,4.729166666666667,61.2,0,4.36,6
2010,ADK90,Canoe,oc1am,3,4.73,63.4,0,3.19,1
2019,ADK90,Canoe,oc1recveteran,4,4.7316666666666665,59,0.02,3.67,1
2012,ADK90,Canoe,open,NA,4.7316666666666665,60.8,0.02,3.05,6
2025,ADK90,Canoe,oc1stock,5,4.731722222222222,59.2,0,2.97,1
2013,ADK90,Canoe,open,NA,4.735833333333333,59.8,0.185,3.56,6
2019,ADK90,Kayak,k1tourveteran,2,4.736666666666666,59,0.02,3.67,1
2009,ADK90,Guideboat,g2,8,4.737222222222222,63.8,0.028,3.28,2
2025,ADK90,Canoe,oc2stockmixveteran,6,4.738305555555556,59.2,0,2.97,2
2008,ADK90,Canoe,open,NA,4.738888888888889,63.5,0.268,3.46,6
2017,ADK90,Canoe,open,NA,4.738888888888889,56.9,0,4,6
2014,ADK90,Canoe,open,NA,4.739166666666667,65,0,2.97,6
2014,ADK90,Canoe,open,NA,4.739166666666667,65,0,2.97,6
2008,ADK90,Canoe,oc2rec,5,4.740277777777778,63.5,0.268,3.46,2
2013,ADK90,Canoe,oc2family,2,4.740833333333334,59.8,0.185,3.56,2
2018,ADK90,Canoe,open,NA,4.7411111111111115,54.4,0,3.2,6
2017,ADK90,Kayak,k1tour,7,4.7411111111111115,56.9,0,4,1
2008,ADK90,Guideboat,g2mix,2,4.7411111111111115,63.5,0.268,3.46,2
2014,ADK90,Canoe,open,NA,4.741944444444444,65,0,2.97,6
2017,ADK90,Guideboat,g2,6,4.741944444444444,56.9,0,4,2
2022,ADK90,Canoe,oc2recjrsr,3,4.742,70.5,0,3.32,2
2010,ADK90,Canoe,open,NA,4.743611111111111,63.4,0,3.19,6
2018,ADK90,Canoe,oc2stock,4,4.7444444444444445,54.4,0,3.2,2
2013,ADK90,Canoe,open,NA,4.744722222222222,59.8,0.185,3.56,6
2013,ADK90,Canoe,oc1stock,2,4.746111111111111,59.8,0.185,3.56,1
2018,ADK90,Canoe,oc2stockmix,4,4.746388888888889,54.4,0,3.2,2
2019,ADK90,Canoe,oc2stock,7,4.746666666666667,59,0.02,3.67,2
2015,ADK90,Canoe,open,NA,4.747222222222222,64.2,1.535,3.45,6
2013,ADK90,Canoe,open,NA,4.747777777777777,59.8,0.185,3.56,6
2009,ADK90,Canoe,oc1recveteran,3,4.748055555555555,63.8,0.028,3.28,1
2012,ADK90,Canoe,open,NA,4.748611111111111,60.8,0.02,3.05,6
2014,ADK90,Canoe,open,NA,4.749444444444444,65,0,2.97,6
2012,ADK90,Canoe,open,NA,4.749444444444444,60.8,0.02,3.05,6
2022,ADK90,Canoe,oc2stock,7,4.7499722222222225,70.5,0,3.32,2
2010,ADK90,Canoe,oc2stockmaster,8,4.7525,63.4,0,3.19,2
2025,ADK90,Kayak,k1sport,3,4.752750000000001,59.2,0,2.97,1
2025,ADK90,Kayak,k1sport,4,4.752861111111111,59.2,0,2.97,1
2017,ADK90,Canoe,open,NA,4.753055555555555,56.9,0,4,6
2010,ADK90,Canoe,oc1recwomen,2,4.754444444444444,63.4,0,3.19,1
2011,ADK90,Canoe,open,NA,4.755277777777778,61.2,0,4.36,6
2025,ADK90,Canoe,oc2stock,22,4.756944444444445,59.2,0,2.97,2
2025,ADK90,Canoe,oc2stockwomen,4,4.757333333333333,59.2,0,2.97,2
2011,ADK90,Canoe,oc2stockmixmaster,8,4.758333333333334,61.2,0,4.36,2
2009,ADK90,Canoe,open,NA,4.759444444444444,63.8,0.028,3.28,6
2017,ADK90,Canoe,oc2recwomen,1,4.761111111111111,56.9,0,4,2
2021,ADK90,Guideboat,g2,9,4.763333333333334,68.4,0.028,3.04,2
2008,ADK90,Canoe,open,NA,4.765,63.5,0.268,3.46,6
2009,ADK90,Canoe,open,NA,4.7652777777777775,63.8,0.028,3.28,6
2025,ADK90,Canoe,oc1stock,6,4.765916666666667,59.2,0,2.97,1
2010,ADK90,Canoe,oc2family,1,4.766666666666667,63.4,0,3.19,2
2023,ADK90,Canoe,oc4stockmixnc,3,4.767222222222222,64.2,0.421,4.17,4
2017,ADK90,Guideboat,g2mix,2,4.7683333333333335,56.9,0,4,2
2025,ADK90,Guideboat,g2,4,4.769611111111111,59.2,0,2.97,2
2017,ADK90,Canoe,open,NA,4.769722222222223,56.9,0,4,6
2015,ADK90,Canoe,oc2stockwomen,2,4.772222222222222,64.2,1.535,3.45,2
2017,ADK90,Canoe,open,NA,4.7725,56.9,0,4,6
2011,ADK90,Canoe,open,NA,4.773055555555556,61.2,0,4.36,6
2017,ADK90,Canoe,oc2stockmixmaster,4,4.774166666666667,56.9,0,4,2
2017,ADK90,Canoe,oc2stockmaster,3,4.775,56.9,0,4,2
2010,ADK90,Canoe,oc2rec,4,4.776111111111111,63.4,0,3.19,2
2015,ADK90,Canoe,open,NA,4.7775,64.2,1.535,3.45,6
2008,ADK90,Canoe,oc1recveteran,2,4.779722222222222,63.5,0.268,3.46,1
2008,ADK90,Canoe,oc1recwomen,1,4.78,63.5,0.268,3.46,1
2017,ADK90,Canoe,open,NA,4.780555555555556,56.9,0,4,6
2015,ADK90,Canoe,oc2stockwomen,3,4.780833333333334,64.2,1.535,3.45,2
2017,ADK90,Canoe,open,NA,4.784166666666667,56.9,0,4,6
2018,ADK90,Canoe,open,NA,4.7844444444444445,54.4,0,3.2,6
2014,ADK90,Canoe,open,NA,4.784722222222222,65,0,2.97,6
2017,ADK90,Canoe,open,NA,4.788055555555555,56.9,0,4,6
2019,ADK90,Kayak,k1tourwomen,1,4.788333333333333,59,0.02,3.67,1
2011,ADK90,Guideboat,g2,9,4.788611111111111,61.2,0,4.36,2
2014,ADK90,Guideboat,g2,4,4.788888888888889,65,0,2.97,2
2025,ADK90,Canoe,oc2stocktour,6,4.79075,59.2,0,2.97,2
2008,ADK90,Canoe,open,NA,4.791666666666667,63.5,0.268,3.46,6
2013,ADK90,Canoe,open,NA,4.792222222222223,59.8,0.185,3.56,6
2022,ADK90,Canoe,oc2stock,9,4.792805555555555,70.5,0,3.32,2
2023,ADK90,Canoe,oc2stockgoldmixnc,3,4.793083333333333,64.2,0.421,4.17,2
2025,ADK90,Canoe,oc2stockmixmaster,4,4.7940555555555555,59.2,0,2.97,2
2022,ADK90,Canoe,oc1,2,4.794527777777778,70.5,0,3.32,1
2025,ADK90,Canoe,oc2rec,5,4.794666666666666,59.2,0,2.97,2
2013,ADK90,Canoe,open,NA,4.795277777777778,59.8,0.185,3.56,6
2022,ADK90,Canoe,oc1,3,4.7957777777777775,70.5,0,3.32,1
2018,ADK90,Canoe,open,NA,4.795833333333333,54.4,0,3.2,6
2014,ADK90,Canoe,open,NA,4.798333333333333,65,0,2.97,6
2025,ADK90,Kayak,k1sport,2,4.798416666666666,59.2,0,2.97,1
2012,ADK90,Canoe,open,NA,4.798611111111111,60.8,0.02,3.05,6
2017,ADK90,Canoe,open,NA,4.800277777777778,56.9,0,4,6
2018,ADK90,Guideboat,g2,1,4.800833333333333,54.4,0,3.2,2
2015,ADK90,Canoe,open,NA,4.801666666666667,64.2,1.535,3.45,6
2008,ADK90,Canoe,open,NA,4.802222222222222,63.5,0.268,3.46,6
2014,ADK90,Guideboat,g2mix,2,4.8025,65,0,2.97,2
2017,ADK90,Canoe,open,NA,4.803055555555556,56.9,0,4,6
2025,ADK90,Canoe,oc2stockmix,11,4.80375,59.2,0,2.97,2
2023,ADK90,Kayak,k1,2,4.804722222222222,64.2,0.421,4.17,1
2017,ADK90,Canoe,oc1recwomen,2,4.8052777777777775,56.9,0,4,1
2015,ADK90,Canoe,opensuperveteranmix,1,4.809166666666667,64.2,1.535,3.45,6
2011,ADK90,Canoe,open,NA,4.809166666666667,61.2,0,4.36,6
2023,ADK90,Canoe,oc1stockmaster,5,4.809166666666667,64.2,0.421,4.17,1
2014,ADK90,Canoe,open,NA,4.810277777777777,65,0,2.97,6
2015,ADK90,Guideboat,g2,7,4.811111111111111,64.2,1.535,3.45,2
2022,ADK90,Canoe,oc2stock,10,4.811583333333333,70.5,0,3.32,2
2015,ADK90,Canoe,open,NA,4.811944444444444,64.2,1.535,3.45,6
2010,ADK90,Canoe,oc1recwomen,1,4.813611111111111,63.4,0,3.19,1
2025,ADK90,Canoe,oc2stocktour,5,4.813805555555556,59.2,0,2.97,2
2013,ADK90,Canoe,open,NA,4.813888888888889,59.8,0.185,3.56,6
2010,ADK90,Canoe,open,NA,4.814444444444445,63.4,0,3.19,6
2021,ADK90,Canoe,oc1stockveteran,2,4.815,68.4,0.028,3.04,1
2014,ADK90,Canoe,open,NA,4.815555555555555,65,0,2.97,6
2013,ADK90,Canoe,open,NA,4.816388888888889,59.8,0.185,3.56,6
2013,ADK90,Canoe,oc2am,3,4.817222222222222,59.8,0.185,3.56,2
2022,ADK90,Guideboat,g1,2,4.8178888888888896,70.5,0,3.32,1
2017,ADK90,Canoe,open,NA,4.818333333333333,56.9,0,4,6
2021,ADK90,Canoe,oc2stockwomen,2,4.818611111111111,68.4,0.028,3.04,2
2015,ADK90,Canoe,open,NA,4.818888888888889,64.2,1.535,3.45,6
2015,ADK90,Guideboat,g2,6,4.819166666666667,64.2,1.535,3.45,2
2013,ADK90,Canoe,open,NA,4.82,59.8,0.185,3.56,6
2017,ADK90,Canoe,open,NA,4.821111111111111,56.9,0,4,6
2019,ADK90,Canoe,oc1rec,4,4.821666666666666,59,0.02,3.67,1
2018,ADK90,Canoe,oc2rec,3,4.822222222222222,54.4,0,3.2,2
2011,ADK90,Canoe,open,NA,4.822222222222222,61.2,0,4.36,6
2011,ADK90,Canoe,open,NA,4.8225,61.2,0,4.36,6
2021,ADK90,Canoe,oc2stockmixmaster,4,4.823333333333333,68.4,0.028,3.04,2
2025,ADK90,Canoe,oc4stockwomen,7,4.8242777777777786,59.2,0,2.97,4
2013,ADK90,Guideboat,g2mix,2,4.825277777777778,59.8,0.185,3.56,2
2013,ADK90,Canoe,open,NA,4.825555555555556,59.8,0.185,3.56,6
2013,ADK90,Canoe,open,NA,4.826388888888889,59.8,0.185,3.56,6
2010,ADK90,Canoe,open,NA,4.826388888888889,63.4,0,3.19,6
2017,ADK90,Canoe,open,NA,4.829722222222222,56.9,0,4,6
2017,ADK90,Canoe,oc2stockmixsuperveteran,1,4.830555555555556,56.9,0,4,2
2015,ADK90,Kayak,k1tourmaster,9,4.830555555555556,64.2,1.535,3.45,1
2019,ADK90,Canoe,oc1rec,5,4.832777777777777,59,0.02,3.67,1
2012,ADK90,Canoe,open,NA,4.8372222222222225,60.8,0.02,3.05,6
2013,ADK90,Guideboat,g2,6,4.838055555555556,59.8,0.185,3.56,2
2023,ADK90,Canoe,oc2stockmix,9,4.839222222222222,64.2,0.421,4.17,2
2019,ADK90,Guideboat,g2mix,2,4.839444444444444,59,0.02,3.67,2
2018,ADK90,Canoe,oc2recmix,1,4.840277777777778,54.4,0,3.2,2
2014,ADK90,Canoe,oc1am,1,4.843333333333334,65,0,2.97,1
2014,ADK90,Canoe,open,NA,4.8436111111111115,65,0,2.97,6
2011,ADK90,Canoe,open,NA,4.844166666666666,61.2,0,4.36,6
2010,ADK90,Canoe,oc2recmix,1,4.846666666666667,63.4,0,3.19,2
2008,ADK90,Canoe,open,NA,4.8475,63.5,0.268,3.46,6
2015,ADK90,Canoe,open,NA,4.847777777777778,64.2,1.535,3.45,6
2015,ADK90,Canoe,open,NA,4.849444444444444,64.2,1.535,3.45,6
2021,ADK90,Canoe,oc2recmix,1,4.85,68.4,0.028,3.04,2
2025,ADK90,Canoe,oc2stock,23,4.8518333333333326,59.2,0,2.97,2
2009,ADK90,Canoe,open,NA,4.851944444444444,63.8,0.028,3.28,6
2015,ADK90,Canoe,open,NA,4.852222222222222,64.2,1.535,3.45,6
2017,ADK90,Canoe,oc1recveteran,3,4.852222222222222,56.9,0,4,1
2010,ADK90,Canoe,oc2stockmix,6,4.853055555555556,63.4,0,3.19,2
2019,ADK90,Canoe,oc1stockwomen,1,4.853611111111111,59,0.02,3.67,1
2025,ADK90,Kayak,k1sportnc,3,4.854805555555555,59.2,0,2.97,1
2021,ADK90,Canoe,oc2stockmix,7,4.855,68.4,0.028,3.04,2
2023,ADK90,Guideboat,g2women,1,4.856138888888888,64.2,0.421,4.17,2
2022,ADK90,Canoe,oc2stockmastertour,5,4.856388888888889,70.5,0,3.32,2
2025,ADK90,Canoe,oc2stockwomen,5,4.858805555555556,59.2,0,2.97,2
2017,ADK90,Canoe,open,NA,4.860555555555556,56.9,0,4,6
2010,ADK90,Guideboat,g2,8,4.861666666666666,63.4,0,3.19,2
2013,ADK90,Canoe,open,NA,4.863611111111111,59.8,0.185,3.56,6
2018,ADK90,Canoe,open,NA,4.866666666666666,54.4,0,3.2,6
2011,ADK90,Canoe,open,NA,4.866944444444444,61.2,0,4.36,6
2021,ADK90,Canoe,oc2stockmixmaster,5,4.8677777777777775,68.4,0.028,3.04,2
2013,ADK90,Canoe,open,NA,4.868611111111111,59.8,0.185,3.56,6
2022,ADK90,Guideboat,g2,3,4.871388888888889,70.5,0,3.32,2
2021,ADK90,Canoe,oc1stockveteran,1,4.873055555555555,68.4,0.028,3.04,1
2013,ADK90,Voyageur,voyageur,8,4.8741666666666665,59.8,0.185,3.56,6
2018,ADK90,Canoe,oc2stockmixmaster,4,4.875277777777778,54.4,0,3.2,2
2013,ADK90,Canoe,open,NA,4.8758333333333335,59.8,0.185,3.56,6
2025,ADK90,Canoe,oc2stocknc,5,4.876194444444444,59.2,0,2.97,2
2023,ADK90,Canoe,oc2rec,4,4.876472222222222,64.2,0.421,4.17,2
2013,ADK90,Canoe,open,NA,4.876944444444445,59.8,0.185,3.56,6
2010,ADK90,Canoe,open,NA,4.877222222222223,63.4,0,3.19,6
2010,ADK90,Canoe,oc2stockmixmaster,9,4.878055555555555,63.4,0,3.19,2
2023,ADK90,Canoe,oc2stockgoldnc,3,4.878638888888888,64.2,0.421,4.17,2
2018,ADK90,Canoe,open,NA,4.879444444444444,54.4,0,3.2,6
2014,ADK90,Canoe,open,NA,4.881111111111111,65,0,2.97,6
2022,ADK90,Canoe,oc1stock,2,4.8825,70.5,0,3.32,1
2010,ADK90,Canoe,open,NA,4.8825,63.4,0,3.19,6
2019,ADK90,Canoe,oc2jrsr,3,4.8875,59,0.02,3.67,2
2025,ADK90,Guideboat,g1,3,4.889222222222222,59.2,0,2.97,1
2023,ADK90,Canoe,oc2stockwomen,4,4.8934444444444445,64.2,0.421,4.17,2
2010,ADK90,Canoe,oc2ammix,7,4.894722222222223,63.4,0,3.19,2
2021,ADK90,Canoe,oc1womenmaster,1,4.894722222222223,68.4,0.028,3.04,1
2014,ADK90,Guideboat,g1,1,4.895555555555555,65,0,2.97,1
2012,ADK90,Canoe,open,NA,4.895555555555555,60.8,0.02,3.05,6
2022,ADK90,Canoe,oc4stocktour,3,4.896166666666667,70.5,0,3.32,4
2012,ADK90,Canoe,open,NA,4.896944444444444,60.8,0.02,3.05,6
2017,ADK90,Canoe,open,NA,4.897777777777778,56.9,0,4,6
2015,ADK90,Canoe,open,NA,4.899166666666667,64.2,1.535,3.45,6
2011,ADK90,Canoe,open,NA,4.899444444444445,61.2,0,4.36,6
2010,ADK90,Canoe,open,NA,4.899444444444445,63.4,0,3.19,6
2015,ADK90,Canoe,open,NA,4.9,64.2,1.535,3.45,6
2015,ADK90,Guideboat,g1,3,4.900555555555556,64.2,1.535,3.45,1
2023,ADK90,Guideboat,g2,5,4.900583333333333,64.2,0.421,4.17,2
2021,ADK90,Canoe,oc1master,1,4.900833333333333,68.4,0.028,3.04,1
2025,ADK90,Canoe,oc2rec,7,4.901777777777778,59.2,0,2.97,2
2022,ADK90,Canoe,oc2rectour,7,4.901972222222222,70.5,0,3.32,2
2025,ADK90,Canoe,oc3stock,2,4.902861111111111,59.2,0,2.97,3
2010,ADK90,Canoe,oc4women,1,4.9030555555555555,63.4,0,3.19,4
2010,ADK90,Canoe,open,NA,4.903888888888889,63.4,0,3.19,6
2013,ADK90,Canoe,open,NA,4.9075,59.8,0.185,3.56,6
2022,ADK90,Canoe,oc2recjrsr,4,4.907555555555556,70.5,0,3.32,2
2010,ADK90,Canoe,open,NA,4.908333333333333,63.4,0,3.19,6
2012,ADK90,Canoe,open,NA,4.908333333333333,60.8,0.02,3.05,6
2012,ADK90,Canoe,open,NA,4.910277777777778,60.8,0.02,3.05,6
2013,ADK90,Canoe,open,NA,4.910833333333334,59.8,0.185,3.56,6
2025,ADK90,Canoe,oc2rec,6,4.911305555555556,59.2,0,2.97,2
2012,ADK90,Canoe,open,NA,4.911944444444444,60.8,0.02,3.05,6
2010,ADK90,Canoe,open,NA,4.911944444444444,63.4,0,3.19,6
2022,ADK90,Guideboat,g1,3,4.913972222222222,70.5,0,3.32,1
2017,ADK90,Canoe,open,NA,4.916388888888889,56.9,0,4,6
2025,ADK90,Kayak,k2,4,4.91875,59.2,0,2.97,2
2010,ADK90,Canoe,oc2stockmix,7,4.919444444444444,63.4,0,3.19,2
2013,ADK90,Canoe,open,NA,4.92,59.8,0.185,3.56,6
2017,ADK90,Canoe,open,NA,4.922777777777778,56.9,0,4,6
2010,ADK90,Canoe,open,NA,4.923611111111111,63.4,0,3.19,6
2008,ADK90,Guideboat,g2women,1,4.924166666666666,63.5,0.268,3.46,2
2015,ADK90,Canoe,open,NA,4.925,64.2,1.535,3.45,6
2023,ADK90,Canoe,oc2recnc,4,4.925583333333333,64.2,0.421,4.17,2
2013,ADK90,Canoe,open,NA,4.926111111111111,59.8,0.185,3.56,6
2021,ADK90,Canoe,oc2recmix,2,4.926944444444445,68.4,0.028,3.04,2
2012,ADK90,Canoe,open,NA,4.933055555555556,60.8,0.02,3.05,6
2015,ADK90,Canoe,open,NA,4.933333333333334,64.2,1.535,3.45,6
2009,ADK90,Canoe,open,NA,4.933611111111111,63.8,0.028,3.28,6
2018,ADK90,Canoe,oc2stockmixmaster,5,4.936388888888889,54.4,0,3.2,2
2010,ADK90,Canoe,open,NA,4.9366666666666665,63.4,0,3.19,6
2008,ADK90,Canoe,open,NA,4.937777777777778,63.5,0.268,3.46,6
2014,ADK90,Canoe,open,NA,4.941944444444444,65,0,2.97,6
2015,ADK90,Guideboat,g1,2,4.945555555555556,64.2,1.535,3.45,1
2009,ADK90,Canoe,open,NA,4.945833333333334,63.8,0.028,3.28,6
2018,ADK90,Canoe,oc2am,3,4.950555555555556,54.4,0,3.2,2
2009,ADK90,Canoe,open,NA,4.950833333333334,63.8,0.028,3.28,6
2015,ADK90,Canoe,oc1recveteran,3,4.951388888888889,64.2,1.535,3.45,1
2010,ADK90,Canoe,oc2stockwomen,2,4.951944444444444,63.4,0,3.19,2
2013,ADK90,Canoe,open,NA,4.9575,59.8,0.185,3.56,6
2015,ADK90,Canoe,open,NA,4.9591666666666665,64.2,1.535,3.45,6
2010,ADK90,Guideboat,g2,9,4.959444444444444,63.4,0,3.19,2
2009,ADK90,Canoe,oc2stockmixmaster,11,4.96,63.8,0.028,3.28,2
2009,ADK90,Canoe,oc2stockmix,8,4.96,63.8,0.028,3.28,2
2012,ADK90,Canoe,open,NA,4.96,60.8,0.02,3.05,6
2014,ADK90,Canoe,open,NA,4.960277777777778,65,0,2.97,6
2015,ADK90,Canoe,open,NA,4.963611111111111,64.2,1.535,3.45,6
2018,ADK90,Canoe,open,NA,4.964722222222222,54.4,0,3.2,6
2014,ADK90,Canoe,open,NA,4.9655555555555555,65,0,2.97,6
2012,ADK90,Canoe,open,NA,4.965833333333333,60.8,0.02,3.05,6
2018,ADK90,Guideboat,g2,2,4.965833333333333,54.4,0,3.2,2
2025,ADK90,Canoe,oc2stockmaster,11,4.967111111111111,59.2,0,2.97,2
2018,ADK90,Canoe,open,NA,4.9675,54.4,0,3.2,6
2013,ADK90,Canoe,open,NA,4.968333333333334,59.8,0.185,3.56,6
2019,ADK90,Kayak,k1tourmaster,7,4.971666666666667,59,0.02,3.67,1
2014,ADK90,Canoe,oc4women,3,4.9725,65,0,2.97,4
2018,ADK90,Canoe,open,NA,4.972777777777778,54.4,0,3.2,6
2014,ADK90,Canoe,open,NA,4.972777777777778,65,0,2.97,6
2013,ADK90,Canoe,open,NA,4.974444444444444,59.8,0.185,3.56,6
2011,ADK90,Canoe,open,NA,4.974444444444444,61.2,0,4.36,6
2014,ADK90,Canoe,open,NA,4.9752777777777775,65,0,2.97,6
2021,ADK90,Canoe,oc1veteran,1,4.977222222222222,68.4,0.028,3.04,1
2014,ADK90,Guideboat,g1,2,4.977222222222222,65,0,2.97,1
2018,ADK90,Canoe,oc1stock,5,4.9775,54.4,0,3.2,1
2018,ADK90,Canoe,open,NA,4.977777777777778,54.4,0,3.2,6
2022,ADK90,Canoe,oc4stocktour,4,4.978833333333333,70.5,0,3.32,4
2022,ADK90,Canoe,oc2rectour,8,4.979888888888889,70.5,0,3.32,2
2015,ADK90,Canoe,open,NA,4.983055555555556,64.2,1.535,3.45,6
2009,ADK90,Canoe,oc1stockwomen,1,4.984166666666667,63.8,0.028,3.28,1
2018,ADK90,Canoe,oc1recveteran,2,4.984444444444445,54.4,0,3.2,1
2009,ADK90,Canoe,oc1stockwomen,2,4.9847222222222225,63.8,0.028,3.28,1
2025,ADK90,Canoe,oc2stockwomen,6,4.988527777777778,59.2,0,2.97,2
2022,ADK90,Canoe,oc4stocktournc,4,4.988583333333334,70.5,0,3.32,4
2018,ADK90,Canoe,open,NA,4.988611111111111,54.4,0,3.2,6
2018,ADK90,Canoe,open,NA,4.989166666666667,54.4,0,3.2,6
2010,ADK90,Canoe,open,NA,4.989722222222222,63.4,0,3.19,6
2012,ADK90,Canoe,open,NA,4.99,60.8,0.02,3.05,6
2018,ADK90,Canoe,open,NA,4.9911111111111115,54.4,0,3.2,6
2017,ADK90,Canoe,open,NA,4.991944444444444,56.9,0,4,6
2021,ADK90,Kayak,k1unlimited,4,4.991944444444444,68.4,0.028,3.04,1
2011,ADK90,Canoe,oc1stockwomen,1,4.9927777777777775,61.2,0,4.36,1
2014,ADK90,Canoe,open,NA,4.993055555555555,65,0,2.97,6
2008,ADK90,Canoe,open,NA,4.994166666666667,63.5,0.268,3.46,6
2012,ADK90,Guideboat,g2,9,4.996666666666667,60.8,0.02,3.05,2
2008,ADK90,Canoe,open,NA,4.998611111111111,63.5,0.268,3.46,6
2018,ADK90,Canoe,oc4stockwomen,3,5.000277777777778,54.4,0,3.2,4
2010,ADK90,Canoe,open,NA,5.001944444444445,63.4,0,3.19,6
2014,ADK90,Canoe,open,NA,5.003888888888889,65,0,2.97,6
2025,ADK90,Canoe,oc2rec,9,5.007472222222223,59.2,0,2.97,2
2018,ADK90,Canoe,open,NA,5.0075,54.4,0,3.2,6
2011,ADK90,Canoe,open,NA,5.008055555555556,61.2,0,4.36,6
2013,ADK90,Canoe,open,NA,5.0088888888888885,59.8,0.185,3.56,6
2018,ADK90,Canoe,open,NA,5.010277777777778,54.4,0,3.2,6
2015,ADK90,Canoe,open,NA,5.011111111111111,64.2,1.535,3.45,6
2018,ADK90,Canoe,oc1am,2,5.013888888888889,54.4,0,3.2,1
2019,ADK90,SUP,superveterans,3,5.014722222222222,59,0.02,3.67,1
2009,ADK90,Canoe,open,NA,5.0152777777777775,63.8,0.028,3.28,6
2010,ADK90,Guideboat,g1,1,5.016111111111111,63.4,0,3.19,1
2021,ADK90,Canoe,oc2stock,12,5.016666666666667,68.4,0.028,3.04,2
2014,ADK90,Guideboat,g2women,1,5.016944444444444,65,0,2.97,2
2009,ADK90,Canoe,open,NA,5.0175,63.8,0.028,3.28,6
2018,ADK90,Canoe,open,NA,5.018055555555556,54.4,0,3.2,6
2009,ADK90,Canoe,open,NA,5.020555555555555,63.8,0.028,3.28,6
2021,ADK90,Canoe,oc1stock,1,5.021388888888889,68.4,0.028,3.04,1
2012,ADK90,Canoe,open,NA,5.021388888888889,60.8,0.02,3.05,6
2025,ADK90,Canoe,oc4stocktour,5,5.022972222222222,59.2,0,2.97,4
2025,ADK90,Canoe,oc2stock,24,5.023194444444444,59.2,0,2.97,2
2010,ADK90,Canoe,open,NA,5.023333333333333,63.4,0,3.19,6
2009,ADK90,Canoe,open,NA,5.023611111111111,63.8,0.028,3.28,6
2018,ADK90,Canoe,open,NA,5.026388888888889,54.4,0,3.2,6
2018,ADK90,Canoe,oc2stockwomen,1,5.027222222222222,54.4,0,3.2,2
2023,ADK90,Canoe,oc2stockmixnc,2,5.032305555555555,64.2,0.421,4.17,2
2018,ADK90,Canoe,oc2recmix,2,5.033055555555555,54.4,0,3.2,2
2014,ADK90,Canoe,open,NA,5.036666666666667,65,0,2.97,6
2010,ADK90,Canoe,oc2am,5,5.036666666666667,63.4,0,3.19,2
2025,ADK90,Canoe,oc2rec,4,5.03875,59.2,0,2.97,2
2014,ADK90,Canoe,open,NA,5.040555555555556,65,0,2.97,6
2017,ADK90,Canoe,open,NA,5.041388888888889,56.9,0,4,6
2014,ADK90,Canoe,open,NA,5.041388888888889,65,0,2.97,6
2018,ADK90,Guideboat,g2mix,1,5.042777777777777,54.4,0,3.2,2
2023,ADK90,Canoe,oc2recnc,6,5.043222222222222,64.2,0.421,4.17,2
2010,ADK90,Canoe,open,NA,5.046388888888889,63.4,0,3.19,6
2013,ADK90,Canoe,oc1rec,6,5.048333333333333,59.8,0.185,3.56,1
2018,ADK90,Canoe,open,NA,5.049722222222222,54.4,0,3.2,6
2017,ADK90,Canoe,open,NA,5.053333333333334,56.9,0,4,6
2018,ADK90,Canoe,oc1rec,2,5.055555555555555,54.4,0,3.2,1
2008,ADK90,Canoe,open,NA,5.056388888888889,63.5,0.268,3.46,6
2010,ADK90,Canoe,open,NA,5.056666666666667,63.4,0,3.19,6
2022,ADK90,Canoe,oc2stockmix,10,5.058083333333333,70.5,0,3.32,2
2018,ADK90,Canoe,open,NA,5.058333333333334,54.4,0,3.2,6
2012,ADK90,Canoe,open,NA,5.058611111111111,60.8,0.02,3.05,6
2018,ADK90,Canoe,oc2ammix,3,5.060555555555555,54.4,0,3.2,2
2023,ADK90,Canoe,oc3stocknc,4,5.061611111111111,64.2,0.421,4.17,3
2021,ADK90,SUP,solorecmaster,4,5.0625,68.4,0.028,3.04,1
2015,ADK90,Canoe,oc1stock,5,5.0633333333333335,64.2,1.535,3.45,1
2013,ADK90,Canoe,open,NA,5.065277777777778,59.8,0.185,3.56,6
2021,ADK90,SUP,solorecveteran,6,5.066388888888889,68.4,0.028,3.04,1
2022,ADK90,Canoe,oc2rectour,9,5.067583333333333,70.5,0,3.32,2
2010,ADK90,Canoe,oc2stockmixmaster,10,5.069166666666667,63.4,0,3.19,2
2018,ADK90,Kayak,k1tour,8,5.069444444444445,54.4,0,3.2,1
2014,ADK90,Canoe,open,NA,5.070555555555556,65,0,2.97,6
2018,ADK90,Canoe,open,NA,5.070833333333334,54.4,0,3.2,6
2022,ADK90,Guideboat,g1,5,5.071861111111112,70.5,0,3.32,1
2022,ADK90,Guideboat,g1,4,5.072055555555556,70.5,0,3.32,1
2008,ADK90,Canoe,oc1stock,7,5.0725,63.5,0.268,3.46,1
2015,ADK90,Canoe,open,NA,5.072777777777778,64.2,1.535,3.45,6
2010,ADK90,Canoe,open,NA,5.0744444444444445,63.4,0,3.19,6
2014,ADK90,Canoe,open,NA,5.0775,65,0,2.97,6
2015,ADK90,Canoe,open,NA,5.0775,64.2,1.535,3.45,6
2014,ADK90,Canoe,open,NA,5.078055555555555,65,0,2.97,6
2018,ADK90,Canoe,oc1rec,3,5.079166666666667,54.4,0,3.2,1
2010,ADK90,Canoe,open,NA,5.080555555555556,63.4,0,3.19,6
2014,ADK90,Canoe,open,NA,5.083055555555555,65,0,2.97,6
2018,ADK90,Canoe,oc1recwomen,1,5.083055555555555,54.4,0,3.2,1
2022,ADK90,SUP,sup,1,5.084638888888889,70.5,0,3.32,1
2010,ADK90,Canoe,open,NA,5.085277777777778,63.4,0,3.19,6
2009,ADK90,Canoe,oc1stock,5,5.091944444444445,63.8,0.028,3.28,1
2025,ADK90,Kayak,k2tournc,2,5.092638888888889,59.2,0,2.97,2
2023,ADK90,Canoe,oc2recnc,7,5.094833333333334,64.2,0.421,4.17,2
2009,ADK90,Canoe,oc2stockmixveteran,2,5.0969444444444445,63.8,0.028,3.28,2
2013,ADK90,Canoe,open,NA,5.098333333333334,59.8,0.185,3.56,6
2014,ADK90,Canoe,open,NA,5.098333333333334,65,0,2.97,6
2018,ADK90,Canoe,open,NA,5.100555555555555,54.4,0,3.2,6
2018,ADK90,Canoe,oc2stockveteran,4,5.100555555555555,54.4,0,3.2,2
2014,ADK90,Canoe,open,NA,5.102222222222222,65,0,2.97,6
2012,ADK90,Canoe,open,NA,5.102222222222222,60.8,0.02,3.05,6
2008,ADK90,Canoe,open,NA,5.105277777777777,63.5,0.268,3.46,6
2022,ADK90,Canoe,oc2rectourmaster,2,5.105388888888889,70.5,0,3.32,2
2013,ADK90,Guideboat,g1,4,5.108611111111111,59.8,0.185,3.56,1
2023,ADK90,Kayak,k1goldnc,1,5.109333333333333,64.2,0.421,4.17,1
2010,ADK90,Canoe,oc4women,2,5.109444444444445,63.4,0,3.19,4
2021,ADK90,Canoe,oc1,1,5.1097222222222225,68.4,0.028,3.04,1
2010,ADK90,Canoe,oc1stock,2,5.1130555555555555,63.4,0,3.19,1
2010,ADK90,Canoe,open,NA,5.114166666666667,63.4,0,3.19,6
2014,ADK90,Canoe,open,NA,5.114444444444445,65,0,2.97,6
2025,ADK90,Canoe,oc2rec,8,5.11586111111111,59.2,0,2.97,2
2023,ADK90,Canoe,oc2stocknc,3,5.116833333333333,64.2,0.421,4.17,2
2023,ADK90,Guideboat,g1,2,5.117111111111111,64.2,0.421,4.17,1
2010,ADK90,Canoe,open,NA,5.117222222222222,63.4,0,3.19,6
2023,ADK90,Guideboat,g1,3,5.117666666666667,64.2,0.421,4.17,1
2017,ADK90,Canoe,open,NA,5.118611111111111,56.9,0,4,6
2023,ADK90,Canoe,oc2stocknc,4,5.1192777777777785,64.2,0.421,4.17,2
2023,ADK90,Canoe,oc2recmixnc,1,5.122,64.2,0.421,4.17,2
2013,ADK90,Canoe,open,NA,5.122777777777777,59.8,0.185,3.56,6
2010,ADK90,Canoe,oc2stockmixmaster,11,5.125,63.4,0,3.19,2
2021,ADK90,Canoe,oc1,2,5.126666666666667,68.4,0.028,3.04,1
2017,ADK90,Canoe,open,NA,5.128888888888889,56.9,0,4,6
2010,ADK90,Canoe,open,NA,5.129722222222222,63.4,0,3.19,6
2021,ADK90,Canoe,oc4stockmix,19,5.13,68.4,0.028,3.04,4
2018,ADK90,Canoe,oc1stock,4,5.1305555555555555,54.4,0,3.2,1
2022,ADK90,Kayak,k1tourmaster,5,5.131833333333333,70.5,0,3.32,1
2025,ADK90,Canoe,oc2stockmix,12,5.134861111111111,59.2,0,2.97,2
2015,ADK90,Canoe,open,NA,5.1369444444444445,64.2,1.535,3.45,6
2008,ADK90,Canoe,oc1stockwomen,1,5.138888888888889,63.5,0.268,3.46,1
2014,ADK90,Canoe,open,NA,5.141944444444444,65,0,2.97,6
2012,ADK90,Canoe,open,NA,5.142777777777778,60.8,0.02,3.05,6
2017,ADK90,Canoe,open,NA,5.144444444444445,56.9,0,4,6
2023,ADK90,Canoe,oc2recwomen,1,5.1457500000000005,64.2,0.421,4.17,2
2018,ADK90,Canoe,open,NA,5.149166666666667,54.4,0,3.2,6
2017,ADK90,Canoe,oc1recwomen,3,5.1497222222222225,56.9,0,4,1
2010,ADK90,Canoe,open,NA,5.150555555555556,63.4,0,3.19,6
2015,ADK90,Canoe,open,NA,5.150555555555556,64.2,1.535,3.45,6
2012,ADK90,Canoe,open,NA,5.151111111111111,60.8,0.02,3.05,6
2021,ADK90,Canoe,oc2stockwomen,3,5.1530555555555555,68.4,0.028,3.04,2
2010,ADK90,Canoe,oc4mix,15,5.154444444444445,63.4,0,3.19,4
2022,ADK90,Canoe,oc2stockveteran,5,5.158805555555555,70.5,0,3.32,2
2010,ADK90,Canoe,open,NA,5.165277777777778,63.4,0,3.19,6
2023,ADK90,Guideboat,g2,6,5.165611111111112,64.2,0.421,4.17,2
2013,ADK90,Canoe,open,NA,5.167222222222223,59.8,0.185,3.56,6
2014,ADK90,Canoe,open,NA,5.174166666666666,65,0,2.97,6
2018,ADK90,Canoe,open,NA,5.174444444444444,54.4,0,3.2,6
2013,ADK90,Canoe,open,NA,5.174722222222222,59.8,0.185,3.56,6
2008,ADK90,Canoe,open,NA,5.178888888888889,63.5,0.268,3.46,6
2022,ADK90,Canoe,oc4stock,12,5.179083333333334,70.5,0,3.32,4
2009,ADK90,Canoe,open,NA,5.181666666666667,63.8,0.028,3.28,6
2022,ADK90,Canoe,oc2rectour,10,5.183,70.5,0,3.32,2
2018,ADK90,Guideboat,g2,3,5.183611111111111,54.4,0,3.2,2
2023,ADK90,Canoe,oc2stockmixnc,3,5.185277777777777,64.2,0.421,4.17,2
2014,ADK90,Canoe,open,NA,5.185555555555555,65,0,2.97,6
2010,ADK90,Guideboat,g2,7,5.190555555555555,63.4,0,3.19,2
2010,ADK90,Canoe,open,NA,5.192777777777778,63.4,0,3.19,6
2023,ADK90,Canoe,oc2recmix,2,5.193583333333334,64.2,0.421,4.17,2
2015,ADK90,Canoe,open,NA,5.193611111111111,64.2,1.535,3.45,6
2025,ADK90,Canoe,oc4stocktour,6,5.198416666666667,59.2,0,2.97,4
2014,ADK90,Guideboat,g2,6,5.2,65,0,2.97,2
2013,ADK90,Canoe,open,NA,5.200277777777778,59.8,0.185,3.56,6
2014,ADK90,Canoe,open,NA,5.202222222222222,65,0,2.97,6
2025,ADK90,Canoe,oc2stocktour,8,5.2026666666666666,59.2,0,2.97,2
2012,ADK90,Canoe,open,NA,5.209444444444444,60.8,0.02,3.05,6
2015,ADK90,Canoe,open,NA,5.213611111111111,64.2,1.535,3.45,6
2023,ADK90,Canoe,oc2recnc,8,5.215166666666666,64.2,0.421,4.17,2
2019,ADK90,Canoe,oc1am,1,5.216944444444445,59,0.02,3.67,1
2014,ADK90,Canoe,open,NA,5.217222222222222,65,0,2.97,6
2018,ADK90,Canoe,open,NA,5.217222222222222,54.4,0,3.2,6
2018,ADK90,Canoe,oc2rec,4,5.217777777777778,54.4,0,3.2,2
2017,ADK90,Canoe,open,NA,5.219722222222222,56.9,0,4,6
2018,ADK90,Canoe,open,NA,5.221388888888889,54.4,0,3.2,6
2018,ADK90,Canoe,open,NA,5.223055555555556,54.4,0,3.2,6
2014,ADK90,Canoe,open,NA,5.223333333333334,65,0,2.97,6
2018,ADK90,Canoe,open,NA,5.224444444444444,54.4,0,3.2,6
2018,ADK90,Canoe,open,NA,5.229166666666667,54.4,0,3.2,6
2012,ADK90,Canoe,open,NA,5.230833333333333,60.8,0.02,3.05,6
2018,ADK90,Canoe,open,NA,5.2363888888888885,54.4,0,3.2,6
2023,ADK90,Canoe,oc2recnc,5,5.238138888888889,64.2,0.421,4.17,2
2015,ADK90,Canoe,open,NA,5.245833333333334,64.2,1.535,3.45,6
2022,ADK90,Kayak,k1tourmaster,6,5.248388888888889,70.5,0,3.32,1
2021,ADK90,Canoe,oc2rec,3,5.250277777777778,68.4,0.028,3.04,2
2013,ADK90,Canoe,open,NA,5.251944444444445,59.8,0.185,3.56,6
2025,ADK90,Canoe,oc2stockveteran,2,5.253,59.2,0,2.97,2
2025,ADK90,Canoe,oc2stocktour,3,5.254583333333334,59.2,0,2.97,2
2013,ADK90,Canoe,open,NA,5.2555555555555555,59.8,0.185,3.56,6
2010,ADK90,Canoe,open,NA,5.2575,63.4,0,3.19,6
2012,ADK90,Canoe,open,NA,5.2619444444444445,60.8,0.02,3.05,6
2018,ADK90,Canoe,open,NA,5.268888888888889,54.4,0,3.2,6
2023,ADK90,Canoe,oc2stock,16,5.268888888888889,64.2,0.421,4.17,2
2009,ADK90,Canoe,open,NA,5.269444444444445,63.8,0.028,3.28,6
2010,ADK90,Canoe,open,NA,5.270833333333333,63.4,0,3.19,6
2013,ADK90,Canoe,open,NA,5.275,59.8,0.185,3.56,6
2013,ADK90,Canoe,open,NA,5.275833333333333,59.8,0.185,3.56,6
2022,ADK90,Canoe,oc2rec,4,5.27775,70.5,0,3.32,2
2011,ADK90,Canoe,open,NA,5.280277777777778,61.2,0,4.36,6
2012,ADK90,Canoe,open,NA,5.285,60.8,0.02,3.05,6
2025,ADK90,Canoe,oc2stock,25,5.287277777777778,59.2,0,2.97,2
2018,ADK90,Canoe,open,NA,5.29,54.4,0,3.2,6
2010,ADK90,Canoe,oc4women,3,5.291111111111111,63.4,0,3.19,4
2010,ADK90,Canoe,open,NA,5.293055555555555,63.4,0,3.19,6
2025,ADK90,Canoe,oc2stockmix,13,5.293833333333333,59.2,0,2.97,2
2015,ADK90,Canoe,open,NA,5.293888888888889,64.2,1.535,3.45,6
2018,ADK90,Canoe,open,NA,5.2972222222222225,54.4,0,3.2,6
2013,ADK90,Canoe,open,NA,5.299166666666666,59.8,0.185,3.56,6
2010,ADK90,Canoe,open,NA,5.299444444444444,63.4,0,3.19,6
2010,ADK90,Guideboat,g1women,1,5.302222222222222,63.4,0,3.19,1
2021,ADK90,Guideboat,g1,2,5.3025,68.4,0.028,3.04,1
2013,ADK90,Canoe,open,NA,5.303055555555556,59.8,0.185,3.56,6
2010,ADK90,Canoe,open,NA,5.3125,63.4,0,3.19,6
2023,ADK90,Canoe,oc2recnc,9,5.313611111111111,64.2,0.421,4.17,2
2013,ADK90,Canoe,open,NA,5.314166666666667,59.8,0.185,3.56,6
2015,ADK90,Canoe,open,NA,5.3180555555555555,64.2,1.535,3.45,6
2009,ADK90,Canoe,open,NA,5.3180555555555555,63.8,0.028,3.28,6
2018,ADK90,Canoe,oc1recveteran,3,5.319166666666667,54.4,0,3.2,1
2022,ADK90,Canoe,oc2stocktour,6,5.321083333333334,70.5,0,3.32,2
2013,ADK90,Canoe,open,NA,5.325833333333334,59.8,0.185,3.56,6
2014,ADK90,Canoe,open,NA,5.326388888888889,65,0,2.97,6
2019,ADK90,SUP,superveterans,4,5.3277777777777775,59,0.02,3.67,1
2014,ADK90,Canoe,open,NA,5.329166666666667,65,0,2.97,6
2018,ADK90,Guideboat,g2,4,5.333611111111111,54.4,0,3.2,2
2022,ADK90,Canoe,oc2rectour,11,5.334944444444444,70.5,0,3.32,2
2014,ADK90,Canoe,open,NA,5.336111111111111,65,0,2.97,6
2023,ADK90,Canoe,oc4stockgoldmixnc,2,5.338472222222222,64.2,0.421,4.17,4
2015,ADK90,Canoe,open,NA,5.340833333333333,64.2,1.535,3.45,6
2022,ADK90,Canoe,oc2stock,11,5.3413611111111114,70.5,0,3.32,2
2008,ADK90,Canoe,oc2recmix,4,5.341666666666667,63.5,0.268,3.46,2
2018,ADK90,Canoe,open,NA,5.344444444444444,54.4,0,3.2,6
2017,ADK90,Canoe,open,NA,5.345,56.9,0,4,6
2018,ADK90,Canoe,open,NA,5.348611111111111,54.4,0,3.2,6
2013,ADK90,Canoe,open,NA,5.350555555555555,59.8,0.185,3.56,6
2015,ADK90,Canoe,open,NA,5.350555555555555,64.2,1.535,3.45,6
2017,ADK90,Canoe,open,NA,5.351111111111111,56.9,0,4,6
2017,ADK90,Canoe,open,NA,5.3533333333333335,56.9,0,4,6
2018,ADK90,Canoe,open,NA,5.355,54.4,0,3.2,6
2012,ADK90,Canoe,open,NA,5.3566666666666665,60.8,0.02,3.05,6
2021,ADK90,Canoe,oc2stockmix,8,5.363888888888889,68.4,0.028,3.04,2
2013,ADK90,Canoe,open,NA,5.364166666666667,59.8,0.185,3.56,6
2022,ADK90,Kayak,k1tournc,7,5.364361111111111,70.5,0,3.32,1
2010,ADK90,Canoe,oc1stock,3,5.3661111111111115,63.4,0,3.19,1
2022,ADK90,Kayak,k1tournc,6,5.366833333333333,70.5,0,3.32,1
2022,ADK90,Kayak,k1tournc,8,5.371694444444444,70.5,0,3.32,1
2023,ADK90,Canoe,oc3stock,1,5.371833333333333,64.2,0.421,4.17,3
2008,ADK90,Canoe,open,NA,5.372222222222222,63.5,0.268,3.46,6
2018,ADK90,Canoe,open,NA,5.373888888888889,54.4,0,3.2,6
2018,ADK90,Guideboat,g2women,1,5.383055555555556,54.4,0,3.2,2
2012,ADK90,Canoe,open,NA,5.383611111111111,60.8,0.02,3.05,6
2009,ADK90,Canoe,open,NA,5.384444444444444,63.8,0.028,3.28,6
2012,ADK90,Canoe,open,NA,5.384722222222222,60.8,0.02,3.05,6
2025,ADK90,Canoe,oc2stockmixmaster,5,5.386055555555555,59.2,0,2.97,2
2011,ADK90,Canoe,open,NA,5.386111111111111,61.2,0,4.36,6
2013,ADK90,Canoe,open,NA,5.389722222222222,59.8,0.185,3.56,6
2025,ADK90,Canoe,oc2stockmaster,12,5.396305555555556,59.2,0,2.97,2
2021,ADK90,Canoe,oc2stockmixveterans,4,5.403333333333333,68.4,0.028,3.04,2
2010,ADK90,Canoe,open,NA,5.413888888888889,63.4,0,3.19,6
2018,ADK90,Kayak,k1tour,9,5.414444444444444,54.4,0,3.2,1
2018,ADK90,Canoe,open,NA,5.420555555555556,54.4,0,3.2,6
2018,ADK90,Canoe,oc4stockwomen,4,5.421388888888889,54.4,0,3.2,4
2025,ADK90,Canoe,oc4opennc,1,5.423555555555556,59.2,0,2.97,4
2023,ADK90,Canoe,oc1stocknc,3,5.4375,64.2,0.421,4.17,1
2015,ADK90,Guideboat,g1,4,5.438611111111111,64.2,1.535,3.45,1
2015,ADK90,Guideboat,g1,5,5.438611111111111,64.2,1.535,3.45,1
2010,ADK90,Canoe,open,NA,5.441388888888889,63.4,0,3.19,6
2010,ADK90,Canoe,open,NA,5.444444444444445,63.4,0,3.19,6
2023,ADK90,Canoe,oc1stocknc,2,5.445166666666666,64.2,0.421,4.17,1
2010,ADK90,Canoe,open,NA,5.4494444444444445,63.4,0,3.19,6
2010,ADK90,Canoe,oc2recmix,3,5.451388888888889,63.4,0,3.19,2
2017,ADK90,Canoe,open,NA,5.458611111111111,56.9,0,4,6
2009,ADK90,Canoe,open,NA,5.458888888888889,63.8,0.028,3.28,6
2013,ADK90,Canoe,open,NA,5.460277777777778,59.8,0.185,3.56,6
2015,ADK90,Canoe,open,NA,5.4622222222222225,64.2,1.535,3.45,6
2021,ADK90,Canoe,oc2stockwomen,4,5.476666666666667,68.4,0.028,3.04,2
2011,ADK90,Canoe,open,NA,5.491388888888889,61.2,0,4.36,6
2022,ADK90,SUP,sup,2,5.495138888888889,70.5,0,3.32,1
2018,ADK90,Canoe,open,NA,5.5008333333333335,54.4,0,3.2,6
2018,ADK90,Canoe,open,NA,5.502222222222223,54.4,0,3.2,6
2009,ADK90,Canoe,open,NA,5.503055555555555,63.8,0.028,3.28,6
2009,ADK90,Canoe,open,NA,5.503055555555555,63.8,0.028,3.28,6
2009,ADK90,Canoe,open,NA,5.503055555555555,63.8,0.028,3.28,6
2009,ADK90,Canoe,open,NA,5.503055555555555,63.8,0.028,3.28,6
2009,ADK90,Canoe,open,NA,5.503055555555555,63.8,0.028,3.28,6
2023,ADK90,Canoe,oc2stockwomen,5,5.505999999999999,64.2,0.421,4.17,2
2018,ADK90,Canoe,open,NA,5.506111111111111,54.4,0,3.2,6
2009,ADK90,Canoe,open,NA,5.506666666666667,63.8,0.028,3.28,6
2017,ADK90,Canoe,open,NA,5.51,56.9,0,4,6
2017,ADK90,Canoe,open,NA,5.513055555555556,56.9,0,4,6
2010,ADK90,Canoe,open,NA,5.519166666666667,63.4,0,3.19,6
2010,ADK90,Canoe,open,NA,5.519444444444445,63.4,0,3.19,6
2015,ADK90,Canoe,open,NA,5.519722222222223,64.2,1.535,3.45,6
2009,ADK90,Canoe,open,NA,5.521111111111111,63.8,0.028,3.28,6
2018,ADK90,Canoe,open,NA,5.523888888888889,54.4,0,3.2,6
2014,ADK90,Canoe,open,NA,5.528888888888889,65,0,2.97,6
2025,ADK90,Canoe,oc2rectournc,1,5.533277777777777,59.2,0,2.97,2
2015,ADK90,Canoe,open,NA,5.538333333333333,64.2,1.535,3.45,6
2010,ADK90,Canoe,open,NA,5.543611111111111,63.4,0,3.19,6
2014,ADK90,Canoe,open,NA,5.545277777777778,65,0,2.97,6
2009,ADK90,Canoe,open,NA,5.548611111111111,63.8,0.028,3.28,6
2023,ADK90,Canoe,oc2rec,5,5.555194444444445,64.2,0.421,4.17,2
2012,ADK90,Canoe,open,NA,5.557222222222222,60.8,0.02,3.05,6
2023,ADK90,Canoe,oc2stockgoldmixnc,4,5.5623611111111115,64.2,0.421,4.17,2
2014,ADK90,Canoe,open,NA,5.564444444444445,65,0,2.97,6
2014,ADK90,Canoe,open,NA,5.566944444444444,65,0,2.97,6
2013,ADK90,Canoe,open,NA,5.566944444444444,59.8,0.185,3.56,6
2011,ADK90,Canoe,open,NA,5.5675,61.2,0,4.36,6
2013,ADK90,Canoe,opensuperveteran,3,5.5725,59.8,0.185,3.56,6
2010,ADK90,Canoe,open,NA,5.575833333333334,63.4,0,3.19,6
2010,ADK90,Canoe,open,NA,5.576944444444444,63.4,0,3.19,6
2010,ADK90,Canoe,open,NA,5.578888888888889,63.4,0,3.19,6
2010,ADK90,Canoe,oc2recmix,2,5.581111111111111,63.4,0,3.19,2
2008,ADK90,Canoe,open,NA,5.586111111111111,63.5,0.268,3.46,6
2017,ADK90,Canoe,oc2rec,5,5.586111111111111,56.9,0,4,2
2014,ADK90,Canoe,open,NA,5.588333333333333,65,0,2.97,6
2008,ADK90,Canoe,open,NA,5.588333333333333,63.5,0.268,3.46,6
2017,ADK90,Canoe,open,NA,5.592222222222222,56.9,0,4,6
2010,ADK90,Guideboat,g2,10,5.595277777777778,63.4,0,3.19,2
2018,ADK90,Canoe,open,NA,5.598055555555556,54.4,0,3.2,6
2010,ADK90,Canoe,open,NA,5.599444444444444,63.4,0,3.19,6
2018,ADK90,Canoe,open,NA,5.600833333333333,54.4,0,3.2,6
2018,ADK90,Canoe,open,NA,5.609166666666667,54.4,0,3.2,6
2023,ADK90,Canoe,oc2rec,6,5.617638888888889,64.2,0.421,4.17,2
2021,ADK90,Canoe,oc4stockmix,20,5.618888888888889,68.4,0.028,3.04,4
2013,ADK90,Canoe,open,NA,5.621666666666667,59.8,0.185,3.56,6
2013,ADK90,Guideboat,g2women,3,5.630277777777778,59.8,0.185,3.56,2
2010,ADK90,Canoe,open,NA,5.630833333333333,63.4,0,3.19,6
2010,ADK90,Canoe,open,NA,5.631666666666667,63.4,0,3.19,6
2013,ADK90,Canoe,open,NA,5.633333333333334,59.8,0.185,3.56,6
2023,ADK90,Canoe,oc2stockmixnc,4,5.635527777777778,64.2,0.421,4.17,2
2018,ADK90,Canoe,open,NA,5.641666666666667,54.4,0,3.2,6
2013,ADK90,Canoe,open,NA,5.642222222222222,59.8,0.185,3.56,6
2023,ADK90,Canoe,oc2recgoldmixnc,1,5.642666666666666,64.2,0.421,4.17,2
2013,ADK90,Canoe,open,NA,5.6530555555555555,59.8,0.185,3.56,6
2022,ADK90,Canoe,oc1stocknc,1,5.653166666666667,70.5,0,3.32,1
2025,ADK90,Guideboat,g2women,1,5.666472222222222,59.2,0,2.97,2
2015,ADK90,Canoe,open,NA,5.683888888888889,64.2,1.535,3.45,6
2018,ADK90,Canoe,open,NA,5.695,54.4,0,3.2,6
2013,ADK90,Canoe,open,NA,5.703333333333333,59.8,0.185,3.56,6
2018,ADK90,Canoe,open,NA,5.709444444444444,54.4,0,3.2,6
2022,ADK90,Guideboat,g2mix,2,5.7113611111111116,70.5,0,3.32,2
2022,ADK90,Kayak,k2superveteran,1,5.716555555555555,70.5,0,3.32,2
2010,ADK90,Canoe,oc1recwomen,3,5.719444444444444,63.4,0,3.19,1
2010,ADK90,Canoe,oc1rec,9,5.719444444444444,63.4,0,3.19,1
2010,ADK90,Canoe,open,NA,5.72,63.4,0,3.19,6
2010,ADK90,Canoe,open,NA,5.731944444444444,63.4,0,3.19,6
2017,ADK90,Canoe,open,NA,5.733333333333333,56.9,0,4,6
2013,ADK90,Canoe,open,NA,5.735555555555556,59.8,0.185,3.56,6
2010,ADK90,Canoe,open,NA,5.748888888888889,63.4,0,3.19,6
2017,ADK90,Canoe,open,NA,5.773333333333333,56.9,0,4,6
2010,ADK90,Canoe,open,NA,5.785,63.4,0,3.19,6
2010,ADK90,Canoe,open,NA,5.786944444444444,63.4,0,3.19,6
2010,ADK90,Canoe,open,NA,5.789166666666667,63.4,0,3.19,6
2018,ADK90,Canoe,open,NA,5.799444444444444,54.4,0,3.2,6
2010,ADK90,Canoe,open,NA,5.8025,63.4,0,3.19,6
2009,ADK90,Canoe,open,NA,5.804444444444444,63.8,0.028,3.28,6
2010,ADK90,Canoe,open,NA,5.81,63.4,0,3.19,6
2018,ADK90,Canoe,open,NA,5.816111111111111,54.4,0,3.2,6
2018,ADK90,Canoe,open,NA,5.821944444444444,54.4,0,3.2,6
2018,ADK90,Canoe,open,NA,5.833611111111111,54.4,0,3.2,6
2018,ADK90,Canoe,open,NA,5.835833333333333,54.4,0,3.2,6
2018,ADK90,Canoe,open,NA,5.840833333333333,54.4,0,3.2,6
2010,ADK90,Canoe,open,NA,5.855277777777777,63.4,0,3.19,6
2023,ADK90,Kayak,k1nc,3,5.8598888888888885,64.2,0.421,4.17,1
2018,ADK90,Canoe,open,NA,5.868611111111111,54.4,0,3.2,6
2010,ADK90,Canoe,open,NA,5.880833333333333,63.4,0,3.19,6
2012,ADK90,Canoe,open,NA,5.898055555555556,60.8,0.02,3.05,6
2010,ADK90,Canoe,open,NA,5.911111111111111,63.4,0,3.19,6
2017,ADK90,Canoe,open,NA,5.913888888888889,56.9,0,4,6
2025,ADK90,Guideboat,g2,5,5.936333333333333,59.2,0,2.97,2
2015,ADK90,Canoe,open,NA,5.943333333333333,64.2,1.535,3.45,6
2021,ADK90,Canoe,oc4stockwomenmaster,5,5.954444444444444,68.4,0.028,3.04,4
2010,ADK90,Canoe,open,NA,5.955,63.4,0,3.19,6
2018,ADK90,Canoe,open,NA,5.960277777777778,54.4,0,3.2,6
2018,ADK90,Canoe,open,NA,5.981388888888889,54.4,0,3.2,6
2010,ADK90,Canoe,open,NA,6.0055555555555555,63.4,0,3.19,6
2010,ADK90,Canoe,open,NA,6.020277777777777,63.4,0,3.19,6
2023,ADK90,Canoe,oc2stockgoldmixnc,5,6.035777777777778,64.2,0.421,4.17,2
2018,ADK90,Canoe,open,NA,6.043888888888889,54.4,0,3.2,6
2018,ADK90,Canoe,open,NA,6.054444444444444,54.4,0,3.2,6
2022,ADK90,Guideboat,g2tour,1,6.11425,70.5,0,3.32,2
2010,ADK90,Canoe,open,NA,6.1305555555555555,63.4,0,3.19,6
2010,ADK90,Canoe,open,NA,6.144444444444445,63.4,0,3.19,6
2010,ADK90,Canoe,open,NA,6.147777777777778,63.4,0,3.19,6
2010,ADK90,Canoe,open,NA,6.180833333333333,63.4,0,3.19,6
2018,ADK90,Canoe,open,NA,6.228888888888889,54.4,0,3.2,6
2018,ADK90,Canoe,open,NA,6.260277777777778,54.4,0,3.2,6
2010,ADK90,Canoe,open,NA,6.288055555555555,63.4,0,3.19,6
2013,ADK90,Canoe,open,NA,6.357777777777778,59.8,0.185,3.56,6
2018,ADK90,Canoe,open,NA,6.358333333333333,54.4,0,3.2,6
2018,ADK90,Canoe,open,NA,6.370555555555556,54.4,0,3.2,6
2018,ADK90,Canoe,open,NA,6.371666666666667,54.4,0,3.2,6
2018,ADK90,Canoe,open,NA,6.404722222222222,54.4,0,3.2,6
2010,ADK90,Canoe,open,NA,6.4319444444444445,63.4,0,3.19,6
2010,ADK90,Canoe,oc2recmix,4,6.448055555555555,63.4,0,3.19,2
2010,ADK90,Canoe,open,NA,6.5152777777777775,63.4,0,3.19,6
2025,ADK90,SUP,sup,1,6.537750000000001,59.2,0,2.97,1
2025,ADK90,SUP,sup,2,6.538888888888889,59.2,0,2.97,1
2018,ADK90,Canoe,open,NA,6.603611111111111,54.4,0,3.2,6
